solid unnamed
facet normal 0.04907969 -0.99879491 0
    outer loop
        vertex 5.2000003 -7.9000006 0.6
        vertex 5.2000003 -7.9000006 -0.6
        vertex 5.3568244 -7.8922944 -0.6
    endloop
endfacet
facet normal 0.14674114 -0.98917484 0
    outer loop
        vertex 5.3568244 -7.8922944 0.6
        vertex 5.3568244 -7.8922944 -0.6
        vertex 5.512138 -7.869254 0.6
    endloop
endfacet
facet normal 0.14674114 -0.98917484 0
    outer loop
        vertex 5.512138 -7.869254 0.6
        vertex 5.3568244 -7.8922944 -0.6
        vertex 5.512138 -7.869254 -0.6
    endloop
endfacet
facet normal 0.24298649 -0.97002965 0
    outer loop
        vertex 5.664446 -7.831102 0.6
        vertex 5.512138 -7.869254 -0.6
        vertex 5.664446 -7.831102 -0.6
    endloop
endfacet
facet normal 0.33689466 -0.94154233 0
    outer loop
        vertex 5.8122807 -7.778205 0.6
        vertex 5.664446 -7.831102 -0.6
        vertex 5.8122807 -7.778205 -0.6
    endloop
endfacet
facet normal 0.42755875 -0.90398759 0
    outer loop
        vertex 5.954219 -7.7110724 0.6
        vertex 5.8122807 -7.778205 0.6
        vertex 5.8122807 -7.778205 -0.6
    endloop
endfacet
facet normal 0.51410532 -0.85772699 0
    outer loop
        vertex 6.0888934 -7.630351 0.6
        vertex 5.954219 -7.7110724 0.6
        vertex 5.954219 -7.7110724 -0.6
    endloop
endfacet
facet normal 0.51410532 -0.85772699 0
    outer loop
        vertex 6.0888934 -7.630351 -0.6
        vertex 6.0888934 -7.630351 0.6
        vertex 5.954219 -7.7110724 -0.6
    endloop
endfacet
facet normal 0.59569639 -0.80320966 0
    outer loop
        vertex 6.215008 -7.536819 -0.6
        vertex 6.215008 -7.536819 0.6
        vertex 6.0888934 -7.630351 -0.6
    endloop
endfacet
facet normal 0.67155832 -0.74095172 0
    outer loop
        vertex 6.215008 -7.536819 -0.6
        vertex 6.3313475 -7.431375 0.6
        vertex 6.215008 -7.536819 0.6
    endloop
endfacet
facet normal 0.74094611 -0.67156452 0
    outer loop
        vertex 6.3313475 -7.431375 -0.6
        vertex 6.436792 -7.315037 0.6
        vertex 6.3313475 -7.431375 0.6
    endloop
endfacet
facet normal 0.74094611 -0.67156452 0
    outer loop
        vertex 6.3313475 -7.431375 -0.6
        vertex 6.436792 -7.315037 -0.6
        vertex 6.436792 -7.315037 0.6
    endloop
endfacet
facet normal 0.80320281 -0.59570575 0
    outer loop
        vertex 6.436792 -7.315037 -0.6
        vertex 6.530326 -7.188923 -0.6
        vertex 6.530326 -7.188923 0.6
    endloop
endfacet
facet normal 0.85772574 -0.51410758 0
    outer loop
        vertex 6.530326 -7.188923 0.6
        vertex 6.530326 -7.188923 -0.6
        vertex 6.6110477 -7.0542483 0.6
    endloop
endfacet
facet normal 0.90398467 -0.42756489 0
    outer loop
        vertex 6.6110477 -7.0542483 0.6
        vertex 6.6110477 -7.0542483 -0.6
        vertex 6.678181 -6.9123106 0.6
    endloop
endfacet
facet normal 0.90398467 -0.42756489 0
    outer loop
        vertex 6.678181 -6.9123106 0.6
        vertex 6.6110477 -7.0542483 -0.6
        vertex 6.678181 -6.9123106 -0.6
    endloop
endfacet
facet normal 0.99879456 -0.04908575 0
    outer loop
        vertex 6.792274 -6.456855 -0.6
        vertex 6.799981 -6.3000307 -0.6
        vertex 6.799981 -6.3000307 0.6
    endloop
endfacet
facet normal 0.99879456 -0.04908575 0
    outer loop
        vertex 6.792274 -6.456855 0.6
        vertex 6.792274 -6.456855 -0.6
        vertex 6.799981 -6.3000307 0.6
    endloop
endfacet
facet normal 0.98917371 -0.14674965 0
    outer loop
        vertex 6.792274 -6.456855 0.6
        vertex 6.7692323 -6.612169 -0.6
        vertex 6.792274 -6.456855 -0.6
    endloop
endfacet
facet normal 0.98917371 -0.14674965 0
    outer loop
        vertex 6.792274 -6.456855 0.6
        vertex 6.7692323 -6.612169 0.6
        vertex 6.7692323 -6.612169 -0.6
    endloop
endfacet
facet normal 0.97002864 -0.24299079 0
    outer loop
        vertex 6.7692323 -6.612169 -0.6
        vertex 6.7692323 -6.612169 0.6
        vertex 6.7310796 -6.764476 -0.6
    endloop
endfacet
facet normal 0.97002864 -0.24299079 0
    outer loop
        vertex 6.7310796 -6.764476 -0.6
        vertex 6.7692323 -6.612169 0.6
        vertex 6.7310796 -6.764476 0.6
    endloop
endfacet
facet normal 0.94153947 -0.33690271 0
    outer loop
        vertex 6.678181 -6.9123106 -0.6
        vertex 6.7310796 -6.764476 -0.6
        vertex 6.7310796 -6.764476 0.6
    endloop
endfacet
facet normal 0.94153947 -0.33690271 0
    outer loop
        vertex 6.678181 -6.9123106 0.6
        vertex 6.678181 -6.9123106 -0.6
        vertex 6.7310796 -6.764476 0.6
    endloop
endfacet
facet normal 0.85772574 -0.51410758 0
    outer loop
        vertex 6.530326 -7.188923 -0.6
        vertex 6.6110477 -7.0542483 -0.6
        vertex 6.6110477 -7.0542483 0.6
    endloop
endfacet
facet normal 0.80320281 -0.59570575 0
    outer loop
        vertex 6.436792 -7.315037 -0.6
        vertex 6.530326 -7.188923 0.6
        vertex 6.436792 -7.315037 0.6
    endloop
endfacet
facet normal 0.67155832 -0.74095172 0
    outer loop
        vertex 6.3313475 -7.431375 -0.6
        vertex 6.3313475 -7.431375 0.6
        vertex 6.215008 -7.536819 -0.6
    endloop
endfacet
facet normal 0.59569639 -0.80320966 0
    outer loop
        vertex 6.215008 -7.536819 0.6
        vertex 6.0888934 -7.630351 0.6
        vertex 6.0888934 -7.630351 -0.6
    endloop
endfacet
facet normal 0.42755875 -0.90398759 0
    outer loop
        vertex 5.954219 -7.7110724 0.6
        vertex 5.8122807 -7.778205 -0.6
        vertex 5.954219 -7.7110724 -0.6
    endloop
endfacet
facet normal 0.33689466 -0.94154233 0
    outer loop
        vertex 5.664446 -7.831102 0.6
        vertex 5.664446 -7.831102 -0.6
        vertex 5.8122807 -7.778205 0.6
    endloop
endfacet
facet normal 0.04907969 -0.99879491 0
    outer loop
        vertex 5.3568244 -7.8922944 -0.6
        vertex 5.3568244 -7.8922944 0.6
        vertex 5.2000003 -7.9000006 0.6
    endloop
endfacet
facet normal 0.24298649 -0.97002965 0
    outer loop
        vertex 5.512138 -7.869254 0.6
        vertex 5.512138 -7.869254 -0.6
        vertex 5.664446 -7.831102 0.6
    endloop
endfacet
facet normal 1 -0 0
    outer loop
        vertex 6.799981 -0.000031 0.6
        vertex 6.799981 -6.3000307 -0.6
        vertex 6.799981 6.2999687 0.6
    endloop
endfacet
facet normal 1 0 0
    outer loop
        vertex 6.799981 6.2999687 0.6
        vertex 6.799981 -6.3000307 -0.6
        vertex 6.799981 6.2999687 -0.6
    endloop
endfacet
facet normal 1 -0 0
    outer loop
        vertex 6.799981 -6.3000307 0.6
        vertex 6.799981 -6.3000307 -0.6
        vertex 6.799981 -0.000031 0.6
    endloop
endfacet
facet normal 0.99879456 0.04908515 0
    outer loop
        vertex 6.799981 6.2999687 0.6
        vertex 6.799981 6.2999687 -0.6
        vertex 6.792274 6.4567947 -0.6
    endloop
endfacet
facet normal 0.98917466 0.14674325 0
    outer loop
        vertex 6.792274 6.4567947 0.6
        vertex 6.792274 6.4567947 -0.6
        vertex 6.769233 6.612109 0.6
    endloop
endfacet
facet normal 0.98917466 0.14674325 0
    outer loop
        vertex 6.769233 6.612109 0.6
        vertex 6.792274 6.4567947 -0.6
        vertex 6.769233 6.612109 -0.6
    endloop
endfacet
facet normal 0.9700284 0.24299148 0
    outer loop
        vertex 6.73108 6.7644176 0.6
        vertex 6.769233 6.612109 -0.6
        vertex 6.73108 6.7644176 -0.6
    endloop
endfacet
facet normal 0.94154054 0.33689985 0
    outer loop
        vertex 6.6781816 6.912254 0.6
        vertex 6.73108 6.7644176 -0.6
        vertex 6.6781816 6.912254 -0.6
    endloop
endfacet
facet normal 0.90398467 0.42756504 0
    outer loop
        vertex 6.6110477 7.0541925 0.6
        vertex 6.6781816 6.912254 0.6
        vertex 6.6781816 6.912254 -0.6
    endloop
endfacet
facet normal 0.85772383 0.51411074 0
    outer loop
        vertex 6.530325 7.1888676 0.6
        vertex 6.6110477 7.0541925 0.6
        vertex 6.6110477 7.0541925 -0.6
    endloop
endfacet
facet normal 0.85772383 0.51411074 -0
    outer loop
        vertex 6.530325 7.1888676 -0.6
        vertex 6.530325 7.1888676 0.6
        vertex 6.6110477 7.0541925 -0.6
    endloop
endfacet
facet normal 0.80320352 0.59570473 -0
    outer loop
        vertex 6.4367905 7.3149824 -0.6
        vertex 6.4367905 7.3149824 0.6
        vertex 6.530325 7.1888676 -0.6
    endloop
endfacet
facet normal 0.74094725 0.67156309 -0
    outer loop
        vertex 6.4367905 7.3149824 -0.6
        vertex 6.3313456 7.4313216 0.6
        vertex 6.4367905 7.3149824 0.6
    endloop
endfacet
facet normal 0.67155218 0.74095738 -0
    outer loop
        vertex 6.3313456 7.4313216 -0.6
        vertex 6.2150044 7.536765 0.6
        vertex 6.3313456 7.4313216 0.6
    endloop
endfacet
facet normal 0.67155218 0.74095738 0
    outer loop
        vertex 6.3313456 7.4313216 -0.6
        vertex 6.2150044 7.536765 -0.6
        vertex 6.2150044 7.536765 0.6
    endloop
endfacet
facet normal 0.59569597 0.80321002 0
    outer loop
        vertex 6.2150044 7.536765 -0.6
        vertex 6.0888886 7.630298 -0.6
        vertex 6.0888886 7.630298 0.6
    endloop
endfacet
facet normal 0.51410353 0.85772806 0
    outer loop
        vertex 6.0888886 7.630298 0.6
        vertex 6.0888886 7.630298 -0.6
        vertex 5.9542127 7.71102 0.6
    endloop
endfacet
facet normal 0.42755273 0.90399045 0
    outer loop
        vertex 5.9542127 7.71102 0.6
        vertex 5.9542127 7.71102 -0.6
        vertex 5.812273 7.778152 0.6
    endloop
endfacet
facet normal 0.42755273 0.90399045 0
    outer loop
        vertex 5.812273 7.778152 0.6
        vertex 5.9542127 7.71102 -0.6
        vertex 5.812273 7.778152 -0.6
    endloop
endfacet
facet normal 0.04907015 0.99879533 0
    outer loop
        vertex 5.3568125 7.892239 -0.6
        vertex 5.199987 7.899944 -0.6
        vertex 5.199987 7.899944 0.6
    endloop
endfacet
facet normal 0.04907015 0.99879533 0
    outer loop
        vertex 5.3568125 7.892239 0.6
        vertex 5.3568125 7.892239 -0.6
        vertex 5.199987 7.899944 0.6
    endloop
endfacet
facet normal 0.14673345 0.98917603 0
    outer loop
        vertex 5.3568125 7.892239 0.6
        vertex 5.512128 7.8691998 -0.6
        vertex 5.3568125 7.892239 -0.6
    endloop
endfacet
facet normal 0.14673345 0.98917603 0
    outer loop
        vertex 5.3568125 7.892239 0.6
        vertex 5.512128 7.8691998 0.6
        vertex 5.512128 7.8691998 -0.6
    endloop
endfacet
facet normal 0.24298291 0.97003055 -0
    outer loop
        vertex 5.512128 7.8691998 -0.6
        vertex 5.512128 7.8691998 0.6
        vertex 5.6644363 7.831048 -0.6
    endloop
endfacet
facet normal 0.24298291 0.97003055 -0
    outer loop
        vertex 5.6644363 7.831048 -0.6
        vertex 5.512128 7.8691998 0.6
        vertex 5.6644363 7.831048 0.6
    endloop
endfacet
facet normal 0.33688542 0.94154572 0
    outer loop
        vertex 5.812273 7.778152 -0.6
        vertex 5.6644363 7.831048 -0.6
        vertex 5.6644363 7.831048 0.6
    endloop
endfacet
facet normal 0.33688542 0.94154572 0
    outer loop
        vertex 5.812273 7.778152 0.6
        vertex 5.812273 7.778152 -0.6
        vertex 5.6644363 7.831048 0.6
    endloop
endfacet
facet normal 0.51410353 0.85772806 0
    outer loop
        vertex 6.0888886 7.630298 -0.6
        vertex 5.9542127 7.71102 -0.6
        vertex 5.9542127 7.71102 0.6
    endloop
endfacet
facet normal 0.59569597 0.80321002 -0
    outer loop
        vertex 6.2150044 7.536765 -0.6
        vertex 6.0888886 7.630298 0.6
        vertex 6.2150044 7.536765 0.6
    endloop
endfacet
facet normal 0.74094725 0.67156309 -0
    outer loop
        vertex 6.3313456 7.4313216 -0.6
        vertex 6.3313456 7.4313216 0.6
        vertex 6.4367905 7.3149824 -0.6
    endloop
endfacet
facet normal 0.80320352 0.59570473 0
    outer loop
        vertex 6.4367905 7.3149824 0.6
        vertex 6.530325 7.1888676 0.6
        vertex 6.530325 7.1888676 -0.6
    endloop
endfacet
facet normal 0.90398467 0.42756504 0
    outer loop
        vertex 6.6110477 7.0541925 0.6
        vertex 6.6781816 6.912254 -0.6
        vertex 6.6110477 7.0541925 -0.6
    endloop
endfacet
facet normal 0.94154054 0.33689985 0
    outer loop
        vertex 6.73108 6.7644176 0.6
        vertex 6.73108 6.7644176 -0.6
        vertex 6.6781816 6.912254 0.6
    endloop
endfacet
facet normal 0.99879456 0.04908515 -0
    outer loop
        vertex 6.792274 6.4567947 -0.6
        vertex 6.792274 6.4567947 0.6
        vertex 6.799981 6.2999687 0.6
    endloop
endfacet
facet normal 0.9700284 0.24299148 0
    outer loop
        vertex 6.769233 6.612109 0.6
        vertex 6.769233 6.612109 -0.6
        vertex 6.73108 6.7644176 0.6
    endloop
endfacet
facet normal 0 0.99999994 0
    outer loop
        vertex 5.199987 7.899944 0.6
        vertex 5.199987 7.899944 -0.6
        vertex -5.199987 7.899944 0.6
    endloop
endfacet
facet normal 0 0.99999994 0
    outer loop
        vertex -5.199987 7.899944 0.6
        vertex 5.199987 7.899944 -0.6
        vertex -5.199987 7.899944 -0.6
    endloop
endfacet
facet normal -0.04906986 0.99879539 0
    outer loop
        vertex -5.199987 7.899944 0.6
        vertex -5.199987 7.899944 -0.6
        vertex -5.3568134 7.892239 0.6
    endloop
endfacet
facet normal -0.14673257 0.98917615 0
    outer loop
        vertex -5.3568134 7.892239 0.6
        vertex -5.3568134 7.892239 -0.6
        vertex -5.51213 7.8691998 0.6
    endloop
endfacet
facet normal -0.14673257 0.98917615 0
    outer loop
        vertex -5.51213 7.8691998 0.6
        vertex -5.3568134 7.892239 -0.6
        vertex -5.51213 7.8691998 -0.6
    endloop
endfacet
facet normal -0.24298292 0.97003061 0
    outer loop
        vertex -5.66444 7.8310475 0.6
        vertex -5.51213 7.8691998 -0.6
        vertex -5.66444 7.8310475 -0.6
    endloop
endfacet
facet normal -0.3368952 0.94154215 0
    outer loop
        vertex -5.8122773 7.7781496 0.6
        vertex -5.66444 7.8310475 -0.6
        vertex -5.8122773 7.7781496 -0.6
    endloop
endfacet
facet normal -0.42755285 0.90399033 0
    outer loop
        vertex -5.954218 7.711017 0.6
        vertex -5.8122773 7.7781496 0.6
        vertex -5.8122773 7.7781496 -0.6
    endloop
endfacet
facet normal -0.51410311 0.85772836 0
    outer loop
        vertex -6.088895 7.630295 0.6
        vertex -5.954218 7.711017 0.6
        vertex -5.954218 7.711017 -0.6
    endloop
endfacet
facet normal -0.51410311 0.85772836 0
    outer loop
        vertex -6.088895 7.630295 -0.6
        vertex -6.088895 7.630295 0.6
        vertex -5.954218 7.711017 -0.6
    endloop
endfacet
facet normal -0.59570241 0.80320531 0
    outer loop
        vertex -6.215011 7.53676 -0.6
        vertex -6.215011 7.53676 0.6
        vertex -6.088895 7.630295 -0.6
    endloop
endfacet
facet normal -0.67155713 0.74095285 0
    outer loop
        vertex -6.215011 7.53676 -0.6
        vertex -6.331352 7.431315 0.6
        vertex -6.215011 7.53676 0.6
    endloop
endfacet
facet normal -0.74095285 0.67155713 0
    outer loop
        vertex -6.331352 7.431315 -0.6
        vertex -6.436797 7.314974 0.6
        vertex -6.331352 7.431315 0.6
    endloop
endfacet
facet normal -0.74095285 0.67155713 0
    outer loop
        vertex -6.331352 7.431315 -0.6
        vertex -6.436797 7.314974 -0.6
        vertex -6.436797 7.314974 0.6
    endloop
endfacet
facet normal -0.80320674 0.59570044 0
    outer loop
        vertex -6.436797 7.314974 -0.6
        vertex -6.5303316 7.1888576 -0.6
        vertex -6.5303316 7.1888576 0.6
    endloop
endfacet
facet normal -0.85772967 0.51410085 0
    outer loop
        vertex -6.5303316 7.1888576 0.6
        vertex -6.5303316 7.1888576 -0.6
        vertex -6.6110535 7.0541806 0.6
    endloop
endfacet
facet normal -0.90398741 0.42755902 0
    outer loop
        vertex -6.6110535 7.0541806 0.6
        vertex -6.6110535 7.0541806 -0.6
        vertex -6.678187 6.9122405 0.6
    endloop
endfacet
facet normal -0.90398741 0.42755902 0
    outer loop
        vertex -6.678187 6.9122405 0.6
        vertex -6.6110535 7.0541806 -0.6
        vertex -6.678187 6.9122405 -0.6
    endloop
endfacet
facet normal -0.99879539 0.04906986 0
    outer loop
        vertex -6.799981 6.29995 0.6
        vertex -6.7922764 6.4567766 -0.6
        vertex -6.799981 6.29995 -0.6
    endloop
endfacet
facet normal -0.99879539 0.04906986 0
    outer loop
        vertex -6.799981 6.29995 0.6
        vertex -6.7922764 6.4567766 0.6
        vertex -6.7922764 6.4567766 -0.6
    endloop
endfacet
facet normal -0.98917615 0.14673257 0
    outer loop
        vertex -6.7922764 6.4567766 -0.6
        vertex -6.7922764 6.4567766 0.6
        vertex -6.769237 6.612093 -0.6
    endloop
endfacet
facet normal -0.98917615 0.14673257 0
    outer loop
        vertex -6.769237 6.612093 -0.6
        vertex -6.7922764 6.4567766 0.6
        vertex -6.769237 6.612093 0.6
    endloop
endfacet
facet normal -0.97003037 0.24298362 0
    outer loop
        vertex -6.731085 6.764403 -0.6
        vertex -6.769237 6.612093 -0.6
        vertex -6.769237 6.612093 0.6
    endloop
endfacet
facet normal -0.97003037 0.24298362 0
    outer loop
        vertex -6.731085 6.764403 0.6
        vertex -6.731085 6.764403 -0.6
        vertex -6.769237 6.612093 0.6
    endloop
endfacet
facet normal -0.94154245 0.33689418 0
    outer loop
        vertex -6.731085 6.764403 0.6
        vertex -6.678187 6.9122405 -0.6
        vertex -6.731085 6.764403 -0.6
    endloop
endfacet
facet normal -0.94154245 0.33689418 0
    outer loop
        vertex -6.731085 6.764403 0.6
        vertex -6.678187 6.9122405 0.6
        vertex -6.678187 6.9122405 -0.6
    endloop
endfacet
facet normal -0.85772967 0.51410085 0
    outer loop
        vertex -6.6110535 7.0541806 0.6
        vertex -6.5303316 7.1888576 -0.6
        vertex -6.6110535 7.0541806 -0.6
    endloop
endfacet
facet normal -0.80320674 0.59570044 0
    outer loop
        vertex -6.436797 7.314974 0.6
        vertex -6.436797 7.314974 -0.6
        vertex -6.5303316 7.1888576 0.6
    endloop
endfacet
facet normal -0.67155713 0.74095285 0
    outer loop
        vertex -6.215011 7.53676 -0.6
        vertex -6.331352 7.431315 -0.6
        vertex -6.331352 7.431315 0.6
    endloop
endfacet
facet normal -0.59570241 0.80320531 0
    outer loop
        vertex -6.088895 7.630295 -0.6
        vertex -6.215011 7.53676 0.6
        vertex -6.088895 7.630295 0.6
    endloop
endfacet
facet normal -0.42755285 0.90399033 0
    outer loop
        vertex -5.954218 7.711017 -0.6
        vertex -5.954218 7.711017 0.6
        vertex -5.8122773 7.7781496 -0.6
    endloop
endfacet
facet normal -0.3368952 0.94154215 0
    outer loop
        vertex -5.8122773 7.7781496 0.6
        vertex -5.66444 7.8310475 0.6
        vertex -5.66444 7.8310475 -0.6
    endloop
endfacet
facet normal -0.24298292 0.97003061 0
    outer loop
        vertex -5.51213 7.8691998 0.6
        vertex -5.51213 7.8691998 -0.6
        vertex -5.66444 7.8310475 0.6
    endloop
endfacet
facet normal -0.04906986 0.99879539 0
    outer loop
        vertex -5.3568134 7.892239 0.6
        vertex -5.199987 7.899944 -0.6
        vertex -5.3568134 7.892239 -0.6
    endloop
endfacet
facet normal -1 -0 -0
    outer loop
        vertex -6.799981 -0.000013000001 0.6
        vertex -6.799981 6.29995 -0.6
        vertex -6.799981 -6.2999763 0.6
    endloop
endfacet
facet normal -0.99999994 0 0
    outer loop
        vertex -6.799981 -6.2999763 0.6
        vertex -6.799981 6.29995 -0.6
        vertex -6.799981 -6.2999763 -0.6
    endloop
endfacet
facet normal -0.99999994 -0 -0
    outer loop
        vertex -6.799981 6.29995 0.6
        vertex -6.799981 6.29995 -0.6
        vertex -6.799981 -0.000013000001 0.6
    endloop
endfacet
facet normal -0.99879616 -0.04905456 -0
    outer loop
        vertex -6.799981 -6.2999763 0.6
        vertex -6.799981 -6.2999763 -0.6
        vertex -6.792279 -6.4568033 -0.6
    endloop
endfacet
facet normal -0.98917902 -0.14671342 -0
    outer loop
        vertex -6.792279 -6.4568033 0.6
        vertex -6.792279 -6.4568033 -0.6
        vertex -6.7692423 -6.612121 0.6
    endloop
endfacet
facet normal -0.98917902 -0.14671342 -0
    outer loop
        vertex -6.7692423 -6.612121 0.6
        vertex -6.792279 -6.4568033 -0.6
        vertex -6.7692423 -6.612121 -0.6
    endloop
endfacet
facet normal -0.97003412 -0.24296862 -0
    outer loop
        vertex -6.731092 -6.7644334 0.6
        vertex -6.7692423 -6.612121 -0.6
        vertex -6.731092 -6.7644334 -0.6
    endloop
endfacet
facet normal -0.9415493 -0.33687523 -0
    outer loop
        vertex -6.678197 -6.9122725 0.6
        vertex -6.731092 -6.7644334 -0.6
        vertex -6.678197 -6.9122725 -0.6
    endloop
endfacet
facet normal -0.90399492 -0.42754319 0
    outer loop
        vertex -6.6110654 -7.054215 0.6
        vertex -6.678197 -6.9122725 0.6
        vertex -6.678197 -6.9122725 -0.6
    endloop
endfacet
facet normal -0.85773557 -0.51409107 0
    outer loop
        vertex -6.5303445 -7.188894 0.6
        vertex -6.6110654 -7.054215 0.6
        vertex -6.6110654 -7.054215 -0.6
    endloop
endfacet
facet normal -0.85773557 -0.51409107 0
    outer loop
        vertex -6.5303445 -7.188894 -0.6
        vertex -6.5303445 -7.188894 0.6
        vertex -6.6110654 -7.054215 -0.6
    endloop
endfacet
facet normal -0.80321538 -0.5956887 0
    outer loop
        vertex -6.4368114 -7.315012 -0.6
        vertex -6.4368114 -7.315012 0.6
        vertex -6.5303445 -7.188894 -0.6
    endloop
endfacet
facet normal -0.74096251 -0.67154634 0
    outer loop
        vertex -6.4368114 -7.315012 -0.6
        vertex -6.331367 -7.431356 0.6
        vertex -6.4368114 -7.315012 0.6
    endloop
endfacet
facet normal -0.67156696 -0.74094391 0
    outer loop
        vertex -6.331367 -7.431356 -0.6
        vertex -6.2150264 -7.5368032 0.6
        vertex -6.331367 -7.431356 0.6
    endloop
endfacet
facet normal -0.67156696 -0.74094391 0
    outer loop
        vertex -6.331367 -7.431356 -0.6
        vertex -6.2150264 -7.5368032 -0.6
        vertex -6.2150264 -7.5368032 0.6
    endloop
endfacet
facet normal -0.59571165 -0.8031984 0
    outer loop
        vertex -6.2150264 -7.5368032 -0.6
        vertex -6.0889106 -7.63034 -0.6
        vertex -6.0889106 -7.63034 0.6
    endloop
endfacet
facet normal -0.51411122 -0.85772359 -0
    outer loop
        vertex -6.0889106 -7.63034 0.6
        vertex -6.0889106 -7.63034 -0.6
        vertex -5.954234 -7.711064 0.6
    endloop
endfacet
facet normal -0.42756906 -0.90398264 -0
    outer loop
        vertex -5.954234 -7.711064 0.6
        vertex -5.954234 -7.711064 -0.6
        vertex -5.812293 -7.7781997 0.6
    endloop
endfacet
facet normal -0.42756906 -0.90398264 -0
    outer loop
        vertex -5.812293 -7.7781997 0.6
        vertex -5.954234 -7.711064 -0.6
        vertex -5.812293 -7.7781997 -0.6
    endloop
endfacet
facet normal -0.0490847 -0.99879456 0
    outer loop
        vertex -5.3568277 -7.8922935 -0.6
        vertex -5.2000003 -7.9000006 -0.6
        vertex -5.2000003 -7.9000006 0.6
    endloop
endfacet
facet normal -0.0490847 -0.99879456 -0
    outer loop
        vertex -5.3568277 -7.8922935 0.6
        vertex -5.3568277 -7.8922935 -0.6
        vertex -5.2000003 -7.9000006 0.6
    endloop
endfacet
facet normal -0.14674105 -0.98917496 -0
    outer loop
        vertex -5.3568277 -7.8922935 0.6
        vertex -5.5121446 -7.8692527 -0.6
        vertex -5.3568277 -7.8922935 -0.6
    endloop
endfacet
facet normal -0.14674105 -0.98917496 0
    outer loop
        vertex -5.3568277 -7.8922935 0.6
        vertex -5.5121446 -7.8692527 0.6
        vertex -5.5121446 -7.8692527 -0.6
    endloop
endfacet
facet normal -0.24299079 -0.9700287 0
    outer loop
        vertex -5.5121446 -7.8692527 -0.6
        vertex -5.5121446 -7.8692527 0.6
        vertex -5.6644554 -7.831099 -0.6
    endloop
endfacet
facet normal -0.24299079 -0.9700287 0
    outer loop
        vertex -5.6644554 -7.831099 -0.6
        vertex -5.5121446 -7.8692527 0.6
        vertex -5.6644554 -7.831099 0.6
    endloop
endfacet
facet normal -0.33690232 -0.94153965 0
    outer loop
        vertex -5.812293 -7.7781997 -0.6
        vertex -5.6644554 -7.831099 -0.6
        vertex -5.6644554 -7.831099 0.6
    endloop
endfacet
facet normal -0.33690232 -0.94153965 -0
    outer loop
        vertex -5.812293 -7.7781997 0.6
        vertex -5.812293 -7.7781997 -0.6
        vertex -5.6644554 -7.831099 0.6
    endloop
endfacet
facet normal -0.51411122 -0.85772359 0
    outer loop
        vertex -6.0889106 -7.63034 -0.6
        vertex -5.954234 -7.711064 -0.6
        vertex -5.954234 -7.711064 0.6
    endloop
endfacet
facet normal -0.59571165 -0.8031984 0
    outer loop
        vertex -6.2150264 -7.5368032 -0.6
        vertex -6.0889106 -7.63034 0.6
        vertex -6.2150264 -7.5368032 0.6
    endloop
endfacet
facet normal -0.74096251 -0.67154634 0
    outer loop
        vertex -6.331367 -7.431356 -0.6
        vertex -6.331367 -7.431356 0.6
        vertex -6.4368114 -7.315012 -0.6
    endloop
endfacet
facet normal -0.80321538 -0.5956887 0
    outer loop
        vertex -6.4368114 -7.315012 0.6
        vertex -6.5303445 -7.188894 0.6
        vertex -6.5303445 -7.188894 -0.6
    endloop
endfacet
facet normal -0.90399492 -0.42754319 -0
    outer loop
        vertex -6.6110654 -7.054215 0.6
        vertex -6.678197 -6.9122725 -0.6
        vertex -6.6110654 -7.054215 -0.6
    endloop
endfacet
facet normal -0.9415493 -0.33687523 -0
    outer loop
        vertex -6.731092 -6.7644334 0.6
        vertex -6.731092 -6.7644334 -0.6
        vertex -6.678197 -6.9122725 0.6
    endloop
endfacet
facet normal -0.99879616 -0.04905456 0
    outer loop
        vertex -6.792279 -6.4568033 -0.6
        vertex -6.792279 -6.4568033 0.6
        vertex -6.799981 -6.2999763 0.6
    endloop
endfacet
facet normal -0.97003412 -0.24296862 -0
    outer loop
        vertex -6.7692423 -6.612121 0.6
        vertex -6.7692423 -6.612121 -0.6
        vertex -6.731092 -6.7644334 0.6
    endloop
endfacet
facet normal 0 -0.99999994 0
    outer loop
        vertex -5.2000003 -7.9000006 0.6
        vertex -5.2000003 -7.9000006 -0.6
        vertex 5.2000003 -7.9000006 0.6
    endloop
endfacet
facet normal 0 -0.99999994 -0
    outer loop
        vertex 5.2000003 -7.9000006 0.6
        vertex -5.2000003 -7.9000006 -0.6
        vertex 5.2000003 -7.9000006 -0.6
    endloop
endfacet
facet normal 0 0 -1
    outer loop
        vertex 1.000019 6.4000225 -0.6
        vertex 0.99425775 6.4585514 -0.6
        vertex 4.1429405 7.034944 -0.6
    endloop
endfacet
facet normal 0 0 -1
    outer loop
        vertex 1.000019 6.4000225 -0.6
        vertex 4.1429405 7.034944 -0.6
        vertex 1.000019 6.000023 -0.6
    endloop
endfacet
facet normal 0 0 -1
    outer loop
        vertex 0.99425775 6.4585514 -0.6
        vertex 4.13 7.1000004 -0.6
        vertex 4.1429405 7.034944 -0.6
    endloop
endfacet
facet normal 0 0 -1
    outer loop
        vertex 0.9771885 6.5148315 -0.6
        vertex 4.13 7.1000004 -0.6
        vertex 0.99425775 6.4585514 -0.6
    endloop
endfacet
facet normal 0 0 -1
    outer loop
        vertex 0.9494674 6.5666995 -0.6
        vertex 4.13 7.1000004 -0.6
        vertex 0.9771885 6.5148315 -0.6
    endloop
endfacet
facet normal 0 0 -1
    outer loop
        vertex 4.1429405 7.165056 -0.6
        vertex 4.13 7.1000004 -0.6
        vertex 0.9494674 6.5666995 -0.6
    endloop
endfacet
facet normal 0 0 -1
    outer loop
        vertex 4.1429405 7.165056 -0.6
        vertex 0.91215986 6.612163 -0.6
        vertex 0.8666995 6.6494746 -0.6
    endloop
endfacet
facet normal -0 0 -1
    outer loop
        vertex 4.1429405 7.165056 -0.6
        vertex 0.8666995 6.6494746 -0.6
        vertex 4.179792 7.2202077 -0.6
    endloop
endfacet
facet normal 0 0 -0.99999994
    outer loop
        vertex 0.8666995 6.6494746 -0.6
        vertex 0.8148335 6.6772 -0.6
        vertex 4.179792 7.2202077 -0.6
    endloop
endfacet
facet normal -0 0 -0.99999994
    outer loop
        vertex 4.234944 7.257059 -0.6
        vertex 0.75855505 6.6942735 -0.6
        vertex 5.199987 7.899944 -0.6
    endloop
endfacet
facet normal 0 0 -1
    outer loop
        vertex -0.7585461 6.694275 -0.6
        vertex -4.234944 7.257059 -0.6
        vertex -5.199987 7.899944 -0.6
    endloop
endfacet
facet normal 0 0 -1
    outer loop
        vertex -0.7585461 6.694275 -0.6
        vertex -5.199987 7.899944 -0.6
        vertex -0.700023 6.70004 -0.6
    endloop
endfacet
facet normal 0 0 -1
    outer loop
        vertex -4.179792 7.2202077 -0.6
        vertex -4.234944 7.257059 -0.6
        vertex -0.7585461 6.694275 -0.6
    endloop
endfacet
facet normal 0 0 -1
    outer loop
        vertex -4.179792 7.2202077 -0.6
        vertex -0.7585461 6.694275 -0.6
        vertex -0.8148203 6.6772037 -0.6
    endloop
endfacet
facet normal 0 0 -1
    outer loop
        vertex -4.179792 7.2202077 -0.6
        vertex -0.8148203 6.6772037 -0.6
        vertex -0.866683 6.649483 -0.6
    endloop
endfacet
facet normal 0 0 -1
    outer loop
        vertex -4.179792 7.2202077 -0.6
        vertex -0.866683 6.649483 -0.6
        vertex -4.1429405 7.165056 -0.6
    endloop
endfacet
facet normal -0 0 -1
    outer loop
        vertex -0.866683 6.649483 -0.6
        vertex -0.9121417 6.6121774 -0.6
        vertex -4.1429405 7.165056 -0.6
    endloop
endfacet
facet normal -0 0 -1
    outer loop
        vertex -0.9121417 6.6121774 -0.6
        vertex -0.94944954 6.5667205 -0.6
        vertex -4.1429405 7.165056 -0.6
    endloop
endfacet
facet normal 0 0 -1
    outer loop
        vertex -4.13 7.1000004 -0.6
        vertex -0.977173 6.514859 -0.6
        vertex -0.99424684 6.4585857 -0.6
    endloop
endfacet
facet normal 0 0 -1
    outer loop
        vertex 0.75855505 6.6942735 -0.6
        vertex 0.700027 6.70004 -0.6
        vertex 5.199987 7.899944 -0.6
    endloop
endfacet
facet normal 0 0 -1
    outer loop
        vertex -0.99424684 6.4585857 -0.6
        vertex -4.1429405 7.034944 -0.6
        vertex -4.13 7.1000004 -0.6
    endloop
endfacet
facet normal 0 0 -1
    outer loop
        vertex -1.000015 6.400063 -0.6
        vertex -4.1429405 7.034944 -0.6
        vertex -0.99424684 6.4585857 -0.6
    endloop
endfacet
facet normal 0 0 -1
    outer loop
        vertex -1.000015 5.999996 -0.6
        vertex -4.1429405 7.034944 -0.6
        vertex -1.000015 6.400063 -0.6
    endloop
endfacet
facet normal 0 0 -1
    outer loop
        vertex -4.179792 6.9797916 -0.6
        vertex -4.1429405 7.034944 -0.6
        vertex -1.000015 5.999996 -0.6
    endloop
endfacet
facet normal 0 0 -1
    outer loop
        vertex -4.179792 6.9797916 -0.6
        vertex -1.000015 5.999996 -0.6
        vertex -4.179792 4.6202083 -0.6
    endloop
endfacet
facet normal 0 0 -1
    outer loop
        vertex -4.13 4.5 -0.6
        vertex -0.9121403 5.7878613 -0.6
        vertex -0.86667705 5.750553 -0.6
    endloop
endfacet
facet normal 0 -0 -1
    outer loop
        vertex -0.9494513 5.833322 -0.6
        vertex -0.9121403 5.7878613 -0.6
        vertex -4.13 4.5 -0.6
    endloop
endfacet
facet normal 0 -0 -1
    outer loop
        vertex -4.13 4.5 -0.6
        vertex -0.86667705 5.750553 -0.6
        vertex -4.1429405 4.434944 -0.6
    endloop
endfacet
facet normal 0 0 -0.99999994
    outer loop
        vertex -0.9494513 5.833322 -0.6
        vertex -4.13 4.5 -0.6
        vertex -4.1429405 4.565056 -0.6
    endloop
endfacet
facet normal 0 -0 -1
    outer loop
        vertex -0.8148087 5.7228317 -0.6
        vertex -0.75852877 5.705762 -0.6
        vertex -4.1429405 4.434944 -0.6
    endloop
endfacet
facet normal -0 0 -1
    outer loop
        vertex 4.299988 1.0500339 -0.6
        vertex -4.299984 1.050016 -0.6
        vertex 0.70000005 5.7 -0.6
    endloop
endfacet
facet normal 0 0 -1
    outer loop
        vertex -4.299984 1.050016 -0.6
        vertex -0.70000005 5.7 -0.6
        vertex 0.70000005 5.7 -0.6
    endloop
endfacet
facet normal 0 0 -1
    outer loop
        vertex 4.299988 1.0500339 -0.6
        vertex 0.70000005 5.7 -0.6
        vertex 4.3114076 1.1074319 -0.6
    endloop
endfacet
facet normal 0 0 -1
    outer loop
        vertex 0.75853264 5.705762 -0.6
        vertex 0.8148162 5.722833 -0.6
        vertex 4.1429405 4.434944 -0.6
    endloop
endfacet
facet normal 0 0 -1
    outer loop
        vertex 0.75853264 5.705762 -0.6
        vertex 4.1429405 4.434944 -0.6
        vertex 4.179792 4.3797917 -0.6
    endloop
endfacet
facet normal 0 0 -1
    outer loop
        vertex 4.1429405 4.434944 -0.6
        vertex 0.8666874 5.7505574 -0.6
        vertex 4.13 4.5 -0.6
    endloop
endfacet
facet normal 0 0 -0.99999994
    outer loop
        vertex 0.8666874 5.7505574 -0.6
        vertex 0.9121524 5.7878695 -0.6
        vertex 4.13 4.5 -0.6
    endloop
endfacet
facet normal 0 -0 -1
    outer loop
        vertex -1.000015 5.999996 -0.6
        vertex -0.9942495 5.941468 -0.6
        vertex -4.179792 4.6202083 -0.6
    endloop
endfacet
facet normal 0 0 -0.99999994
    outer loop
        vertex 4.1429405 7.165056 -0.6
        vertex 0.9494674 6.5666995 -0.6
        vertex 0.91215986 6.612163 -0.6
    endloop
endfacet
facet normal 0 -0 -1
    outer loop
        vertex 1.000019 6.000023 -0.6
        vertex 4.179792 4.6202083 -0.6
        vertex 0.994258 5.9414907 -0.6
    endloop
endfacet
facet normal 0 0 -1
    outer loop
        vertex 4.700016 1.050016 -0.6
        vertex 5.686104 2.592127 -0.6
        vertex 5.7250032 2.6129193 -0.6
    endloop
endfacet
facet normal 0 0 -1
    outer loop
        vertex 4.700016 1.050016 -0.6
        vertex 5.759099 2.6409009 -0.6
        vertex 4.700016 -1.049984 -0.6
    endloop
endfacet
facet normal 0 -0 -0.99999994
    outer loop
        vertex 5.643895 2.5793233 -0.6
        vertex 5.686104 2.592127 -0.6
        vertex 4.700016 1.050016 -0.6
    endloop
endfacet
facet normal 0 0 -1
    outer loop
        vertex 5.643895 2.5793233 -0.6
        vertex 4.700016 1.050016 -0.6
        vertex 4.688601 1.1074191 -0.6
    endloop
endfacet
facet normal 0 0 -1
    outer loop
        vertex 4.688601 1.1074191 -0.6
        vertex 5.6000004 2.575 -0.6
        vertex 5.643895 2.5793233 -0.6
    endloop
endfacet
facet normal 0 0 -1
    outer loop
        vertex 4.6560884 1.1560847 -0.6
        vertex 5.5561047 2.5793233 -0.6
        vertex 4.688601 1.1074191 -0.6
    endloop
endfacet
facet normal 0 -0 -1
    outer loop
        vertex 5.513896 2.592127 -0.6
        vertex 5.5561047 2.5793233 -0.6
        vertex 4.6560884 1.1560847 -0.6
    endloop
endfacet
facet normal 0 0 -0.99999994
    outer loop
        vertex 4.234944 4.3429403 -0.6
        vertex 5.375 2.8000002 -0.6
        vertex 4.392582 1.1886054 -0.6
    endloop
endfacet
facet normal 0 -0 -0.99999994
    outer loop
        vertex 5.375 2.8000002 -0.6
        vertex 5.3793235 2.7561047 -0.6
        vertex 4.392582 1.1886054 -0.6
    endloop
endfacet
facet normal 0 0 -1
    outer loop
        vertex 4.179792 4.3797917 -0.6
        vertex 4.234944 4.3429403 -0.6
        vertex 4.3439226 1.1560915 -0.6
    endloop
endfacet
facet normal 0 0 -1
    outer loop
        vertex 4.299988 -1.049984 -0.6
        vertex -4.299984 -1.049984 -0.6
        vertex -4.299984 1.050016 -0.6
    endloop
endfacet
facet normal 0 0 -1
    outer loop
        vertex 4.299988 -1.049984 -0.6
        vertex -4.299984 1.050016 -0.6
        vertex 4.299988 1.0500339 -0.6
    endloop
endfacet
facet normal 0 0 -0.99999994
    outer loop
        vertex 4.3114023 -1.1073942 -0.6
        vertex -4.299984 -1.049984 -0.6
        vertex 4.299988 -1.049984 -0.6
    endloop
endfacet
facet normal 0 0 -0.99999994
    outer loop
        vertex 4.1429405 -4.434944 -0.6
        vertex 4.3114023 -1.1073942 -0.6
        vertex 4.179792 -4.3797917 -0.6
    endloop
endfacet
facet normal 0 0 -1
    outer loop
        vertex -4.311399 -1.1073952 -0.6
        vertex 4.3114023 -1.1073942 -0.6
        vertex 4.1429405 -4.434944 -0.6
    endloop
endfacet
facet normal 0 0 -0.99999994
    outer loop
        vertex 4.234944 -4.3429403 -0.6
        vertex 4.3439207 -1.1560646 -0.6
        vertex 4.39259 -1.1885839 -0.6
    endloop
endfacet
facet normal 0 0 -1
    outer loop
        vertex 4.179792 -4.3797917 -0.6
        vertex 4.3439207 -1.1560646 -0.6
        vertex 4.234944 -4.3429403 -0.6
    endloop
endfacet
facet normal 0 0 -1
    outer loop
        vertex 4.234944 -4.3429403 -0.6
        vertex 4.39259 -1.1885839 -0.6
        vertex 5.375 -2.8000002 -0.6
    endloop
endfacet
facet normal 0 0 -1
    outer loop
        vertex 4.39259 -1.1885839 -0.6
        vertex 5.3793235 -2.7561047 -0.6
        vertex 5.375 -2.8000002 -0.6
    endloop
endfacet
facet normal 0 0 -1
    outer loop
        vertex 5.3793235 -2.7561047 -0.6
        vertex 4.39259 -1.1885839 -0.6
        vertex 4.4500003 -1.2 -0.6
    endloop
endfacet
facet normal -0 0 -1
    outer loop
        vertex 5.513896 2.592127 -0.6
        vertex 4.6560884 1.1560847 -0.6
        vertex 5.4749966 2.6129193 -0.6
    endloop
endfacet
facet normal 0 -0 -1
    outer loop
        vertex 4.3114023 -1.1073942 -0.6
        vertex 4.3439207 -1.1560646 -0.6
        vertex 4.179792 -4.3797917 -0.6
    endloop
endfacet
facet normal 0 0 -1
    outer loop
        vertex 5.3793235 2.7561047 -0.6
        vertex 4.44998 1.200025 -0.6
        vertex 4.392582 1.1886054 -0.6
    endloop
endfacet
facet normal 0 0 -0.99999994
    outer loop
        vertex 4.1429405 4.565056 -0.6
        vertex 0.9494639 5.833335 -0.6
        vertex 0.97718763 5.8852067 -0.6
    endloop
endfacet
facet normal 0 0 -1
    outer loop
        vertex -4.311399 -1.1073952 -0.6
        vertex -4.299984 -1.049984 -0.6
        vertex 4.3114023 -1.1073942 -0.6
    endloop
endfacet
facet normal 0 0 -1
    outer loop
        vertex 0.9121524 5.7878695 -0.6
        vertex 0.9494639 5.833335 -0.6
        vertex 4.13 4.5 -0.6
    endloop
endfacet
facet normal 0 0 -1
    outer loop
        vertex 4.3114076 1.1074319 -0.6
        vertex 0.75853264 5.705762 -0.6
        vertex 4.179792 4.3797917 -0.6
    endloop
endfacet
facet normal 0 0 -1
    outer loop
        vertex -4.3439116 1.1560847 -0.6
        vertex -4.179792 4.3797917 -0.6
        vertex -4.311399 1.1074191 -0.6
    endloop
endfacet
facet normal 0 0 -1
    outer loop
        vertex -4.3925734 1.1886035 -0.6
        vertex -5.3793235 2.7561047 -0.6
        vertex -5.375 2.8000002 -0.6
    endloop
endfacet
facet normal 0 0 -1
    outer loop
        vertex -4.3925734 1.1886035 -0.6
        vertex -5.375 2.8000002 -0.6
        vertex -4.234944 4.3429403 -0.6
    endloop
endfacet
facet normal 0 0 -1
    outer loop
        vertex -5.3793235 2.7561047 -0.6
        vertex -4.3925734 1.1886035 -0.6
        vertex -4.449975 1.200025 -0.6
    endloop
endfacet
facet normal 0 0 -1
    outer loop
        vertex -5.440901 2.6409009 -0.6
        vertex -5.4129195 2.6749966 -0.6
        vertex -4.55002 1.200025 -0.6
    endloop
endfacet
facet normal 0 -0 -1
    outer loop
        vertex -4.234944 4.3429403 -0.6
        vertex -4.179792 4.3797917 -0.6
        vertex -4.3439116 1.1560847 -0.6
    endloop
endfacet
facet normal -0 0 -1
    outer loop
        vertex -5.643895 -2.5793233 -0.6
        vertex -5.686104 -2.592127 -0.6
        vertex -4.700012 -1.049984 -0.6
    endloop
endfacet
facet normal 0 0 -1
    outer loop
        vertex -5.759099 -2.6409009 -0.6
        vertex -5.759099 2.6409009 -0.6
        vertex -4.700012 -1.049984 -0.6
    endloop
endfacet
facet normal 0 0 -1
    outer loop
        vertex -5.643895 -2.5793233 -0.6
        vertex -4.700012 -1.049984 -0.6
        vertex -4.6885977 -1.1073942 -0.6
    endloop
endfacet
facet normal 0 0 -0.99999994
    outer loop
        vertex -4.6885977 -1.1073942 -0.6
        vertex -5.6000004 -2.575 -0.6
        vertex -5.643895 -2.5793233 -0.6
    endloop
endfacet
facet normal 0 0 -1
    outer loop
        vertex -5.759099 2.6409009 -0.6
        vertex -4.700012 1.0500339 -0.6
        vertex -4.700012 -1.049984 -0.6
    endloop
endfacet
facet normal 0 0 -1
    outer loop
        vertex -5.513896 -2.592127 -0.6
        vertex -5.5561047 -2.5793233 -0.6
        vertex -4.6560793 -1.1560646 -0.6
    endloop
endfacet
facet normal 0 0 -1
    outer loop
        vertex -4.234944 -4.3429403 -0.6
        vertex -5.375 -2.8000002 -0.6
        vertex -4.392589 -1.1885849 -0.6
    endloop
endfacet
facet normal 0 0 -1
    outer loop
        vertex -5.375 -2.8000002 -0.6
        vertex -5.3793235 -2.7561047 -0.6
        vertex -4.392589 -1.1885849 -0.6
    endloop
endfacet
facet normal 0 0 -1
    outer loop
        vertex -4.179792 -4.3797917 -0.6
        vertex -4.234944 -4.3429403 -0.6
        vertex -4.343918 -1.156066 -0.6
    endloop
endfacet
facet normal 0 0 -0.99999994
    outer loop
        vertex -4.6885924 1.1074319 -0.6
        vertex -5.643895 2.5793233 -0.6
        vertex -5.6000004 2.575 -0.6
    endloop
endfacet
facet normal 0 0 -1
    outer loop
        vertex 4.607411 -1.1885849 -0.6
        vertex 4.656082 -1.156066 -0.6
        vertex 5.4749966 -2.6129193 -0.6
    endloop
endfacet
facet normal 0 0 -1
    outer loop
        vertex -0.700023 6.70004 -0.6
        vertex -5.199987 7.899944 -0.6
        vertex 5.199987 7.899944 -0.6
    endloop
endfacet
facet normal 0 0 -0.99999994
    outer loop
        vertex -0.700023 6.70004 -0.6
        vertex 5.199987 7.899944 -0.6
        vertex 0.700027 6.70004 -0.6
    endloop
endfacet
facet normal 0 0 -1
    outer loop
        vertex 4.234944 7.257059 -0.6
        vertex 5.199987 7.899944 -0.6
        vertex 4.3 7.27 -0.6
    endloop
endfacet
facet normal 0 0 -1
    outer loop
        vertex -4.179792 4.6202083 -0.6
        vertex -0.9942495 5.941468 -0.6
        vertex -4.1429405 4.565056 -0.6
    endloop
endfacet
facet normal 0 0 -1
    outer loop
        vertex -4.1429405 4.565056 -0.6
        vertex -0.9942495 5.941468 -0.6
        vertex -0.97717625 5.8851886 -0.6
    endloop
endfacet
facet normal 0 0 -1
    outer loop
        vertex 0.8148335 6.6772 -0.6
        vertex 0.75855505 6.6942735 -0.6
        vertex 4.179792 7.2202077 -0.6
    endloop
endfacet
facet normal 0 -0 -1
    outer loop
        vertex -4.1429405 4.434944 -0.6
        vertex -0.75852877 5.705762 -0.6
        vertex -4.179792 4.3797917 -0.6
    endloop
endfacet
facet normal -0 0 -1
    outer loop
        vertex 4.234944 4.6570597 -0.6
        vertex 4.179792 4.6202083 -0.6
        vertex 4.234944 6.9429407 -0.6
    endloop
endfacet
facet normal 0 0 -1
    outer loop
        vertex 4.179792 4.6202083 -0.6
        vertex 4.179792 6.9797916 -0.6
        vertex 4.234944 6.9429407 -0.6
    endloop
endfacet
facet normal 0 -0 -0.99999994
    outer loop
        vertex 4.1429405 7.034944 -0.6
        vertex 4.179792 6.9797916 -0.6
        vertex 1.000019 6.000023 -0.6
    endloop
endfacet
facet normal 0 0 -1
    outer loop
        vertex 4.234944 6.9429407 -0.6
        vertex 4.3 6.9300003 -0.6
        vertex 4.234944 4.6570597 -0.6
    endloop
endfacet
facet normal 0 0 -1
    outer loop
        vertex 4.3 6.9300003 -0.6
        vertex 4.365056 6.9429407 -0.6
        vertex 4.3 4.67 -0.6
    endloop
endfacet
facet normal -0 -0 -1
    outer loop
        vertex 6.769233 6.612109 -0.6
        vertex 6.792274 6.4567947 -0.6
        vertex 4.4570594 7.034944 -0.6
    endloop
endfacet
facet normal -0 -0 -1
    outer loop
        vertex 6.792274 6.4567947 -0.6
        vertex 6.799981 6.2999687 -0.6
        vertex 4.4570594 7.034944 -0.6
    endloop
endfacet
facet normal 0 0 -1
    outer loop
        vertex 6.769233 6.612109 -0.6
        vertex 4.4570594 7.034944 -0.6
        vertex 6.73108 6.7644176 -0.6
    endloop
endfacet
facet normal 0 0 -1
    outer loop
        vertex 6.799981 6.2999687 -0.6
        vertex 4.420208 6.9797916 -0.6
        vertex 4.4570594 7.034944 -0.6
    endloop
endfacet
facet normal 0 -0 -0.99999994
    outer loop
        vertex 6.2150044 7.536765 -0.6
        vertex 6.3313456 7.4313216 -0.6
        vertex 4.4570594 7.034944 -0.6
    endloop
endfacet
facet normal 0 -0 -1
    outer loop
        vertex 6.3313456 7.4313216 -0.6
        vertex 6.4367905 7.3149824 -0.6
        vertex 4.4570594 7.034944 -0.6
    endloop
endfacet
facet normal 0 0 -1
    outer loop
        vertex 4.365056 6.9429407 -0.6
        vertex 4.420208 6.9797916 -0.6
        vertex 4.365056 4.6570597 -0.6
    endloop
endfacet
facet normal 0 0 -0.99999994
    outer loop
        vertex 1.000019 6.000023 -0.6
        vertex 4.179792 6.9797916 -0.6
        vertex 4.179792 4.6202083 -0.6
    endloop
endfacet
facet normal -0 0 -1
    outer loop
        vertex -4.365056 7.257059 -0.6
        vertex -4.420208 7.2202077 -0.6
        vertex -5.199987 7.899944 -0.6
    endloop
endfacet
facet normal 0 0 -1
    outer loop
        vertex -4.365056 7.257059 -0.6
        vertex -5.199987 7.899944 -0.6
        vertex -4.3 7.27 -0.6
    endloop
endfacet
facet normal -0 0 -1
    outer loop
        vertex -4.420208 7.2202077 -0.6
        vertex -4.4570594 7.165056 -0.6
        vertex -5.199987 7.899944 -0.6
    endloop
endfacet
facet normal -0 0 -0.99999994
    outer loop
        vertex -4.4570594 7.165056 -0.6
        vertex -4.4700003 7.1000004 -0.6
        vertex -5.199987 7.899944 -0.6
    endloop
endfacet
facet normal 0 0 -1
    outer loop
        vertex -5.3568134 7.892239 -0.6
        vertex -5.199987 7.899944 -0.6
        vertex -4.4700003 7.1000004 -0.6
    endloop
endfacet
facet normal 0 0 -1
    outer loop
        vertex -6.088895 7.630295 -0.6
        vertex -5.954218 7.711017 -0.6
        vertex -4.4570594 7.034944 -0.6
    endloop
endfacet
facet normal 0 0 -1
    outer loop
        vertex -5.954218 7.711017 -0.6
        vertex -5.8122773 7.7781496 -0.6
        vertex -4.4570594 7.034944 -0.6
    endloop
endfacet
facet normal 0 -0 -1
    outer loop
        vertex -6.5303316 7.1888576 -0.6
        vertex -4.4570594 7.034944 -0.6
        vertex -6.6110535 7.0541806 -0.6
    endloop
endfacet
facet normal 0 0 -1
    outer loop
        vertex -4.365056 4.6570597 -0.6
        vertex -4.420208 6.9797916 -0.6
        vertex -4.365056 6.9429407 -0.6
    endloop
endfacet
facet normal 0 0 -1
    outer loop
        vertex -4.420208 4.6202083 -0.6
        vertex -4.420208 6.9797916 -0.6
        vertex -4.365056 4.6570597 -0.6
    endloop
endfacet
facet normal 0 0 -1
    outer loop
        vertex -4.3 4.67 -0.6
        vertex -4.365056 6.9429407 -0.6
        vertex -4.3 6.9300003 -0.6
    endloop
endfacet
facet normal 0 0 -1
    outer loop
        vertex -4.365056 4.6570597 -0.6
        vertex -4.365056 6.9429407 -0.6
        vertex -4.3 4.67 -0.6
    endloop
endfacet
facet normal 0 0 -1
    outer loop
        vertex -4.3 6.9300003 -0.6
        vertex -4.234944 6.9429407 -0.6
        vertex -4.3 4.67 -0.6
    endloop
endfacet
facet normal 0 0 -1
    outer loop
        vertex 4.234944 4.6570597 -0.6
        vertex 4.3 6.9300003 -0.6
        vertex 4.3 4.67 -0.6
    endloop
endfacet
facet normal 0 0 -1
    outer loop
        vertex -4.13 7.1000004 -0.6
        vertex -4.1429405 7.165056 -0.6
        vertex -0.94944954 6.5667205 -0.6
    endloop
endfacet
facet normal 0 0 -1
    outer loop
        vertex -4.13 7.1000004 -0.6
        vertex -0.94944954 6.5667205 -0.6
        vertex -0.977173 6.514859 -0.6
    endloop
endfacet
facet normal 0 0 -1
    outer loop
        vertex -4.311399 1.1074191 -0.6
        vertex -4.179792 4.3797917 -0.6
        vertex -0.75852877 5.705762 -0.6
    endloop
endfacet
facet normal 0 -0 -1
    outer loop
        vertex -5.51213 7.8691998 -0.6
        vertex -4.4700003 7.1000004 -0.6
        vertex -5.66444 7.8310475 -0.6
    endloop
endfacet
facet normal 0 0 -1
    outer loop
        vertex 5.392127 -2.713896 -0.6
        vertex 4.5499997 -1.2 -0.6
        vertex 5.4129195 -2.6749966 -0.6
    endloop
endfacet
facet normal 0 0 -1
    outer loop
        vertex 4.234944 -4.3429403 -0.6
        vertex 5.3793235 -2.8438954 -0.6
        vertex 4.3 -4.33 -0.6
    endloop
endfacet
facet normal 0 0 -1
    outer loop
        vertex 4.4500003 -1.2 -0.6
        vertex 4.5499997 -1.2 -0.6
        vertex 5.392127 -2.713896 -0.6
    endloop
endfacet
facet normal 0 0 -1
    outer loop
        vertex 4.5499997 -1.2 -0.6
        vertex 5.440901 -2.6409009 -0.6
        vertex 5.4129195 -2.6749966 -0.6
    endloop
endfacet
facet normal 0 0 -1
    outer loop
        vertex 4.4500003 -1.2 -0.6
        vertex 5.392127 -2.713896 -0.6
        vertex 5.3793235 -2.7561047 -0.6
    endloop
endfacet
facet normal 0 0 -1
    outer loop
        vertex 4.13 -4.5 -0.6
        vertex -4.13 -4.5 -0.6
        vertex -4.1429405 -4.434944 -0.6
    endloop
endfacet
facet normal 0 0 -1
    outer loop
        vertex -4.13 -4.5 -0.6
        vertex 4.13 -4.5 -0.6
        vertex 4.1429405 -4.565056 -0.6
    endloop
endfacet
facet normal 0 0 -1
    outer loop
        vertex -4.1429405 -4.565056 -0.6
        vertex 4.1429405 -4.565056 -0.6
        vertex 4.1429405 -7.034944 -0.6
    endloop
endfacet
facet normal -0 0 -1
    outer loop
        vertex 4.234944 -6.9429407 -0.6
        vertex 4.179792 -6.9797916 -0.6
        vertex 4.234944 -4.6570597 -0.6
    endloop
endfacet
facet normal 0 0 -1
    outer loop
        vertex 4.179792 -6.9797916 -0.6
        vertex 4.179792 -4.6202083 -0.6
        vertex 4.234944 -4.6570597 -0.6
    endloop
endfacet
facet normal 0 0 -1
    outer loop
        vertex 4.1429405 -4.565056 -0.6
        vertex 4.179792 -4.6202083 -0.6
        vertex 4.1429405 -7.034944 -0.6
    endloop
endfacet
facet normal 0 0 -1
    outer loop
        vertex 4.234944 -4.6570597 -0.6
        vertex 4.3 -4.67 -0.6
        vertex 4.234944 -6.9429407 -0.6
    endloop
endfacet
facet normal 0 0 -1
    outer loop
        vertex 4.3 -4.67 -0.6
        vertex 4.365056 -4.6570597 -0.6
        vertex 4.3 -6.9300003 -0.6
    endloop
endfacet
facet normal 0 0 -1
    outer loop
        vertex 4.4700003 -4.5 -0.6
        vertex 5.686104 -3.007873 -0.6
        vertex 6.799981 -6.3000307 -0.6
    endloop
endfacet
facet normal 0 -0 -0.99999994
    outer loop
        vertex 4.4700003 -4.5 -0.6
        vertex 6.799981 -6.3000307 -0.6
        vertex 4.4570594 -4.565056 -0.6
    endloop
endfacet
facet normal 0 -0 -1
    outer loop
        vertex 5.5561047 -3.0206766 -0.6
        vertex 5.6000004 -3.025 -0.6
        vertex 4.4570594 -4.434944 -0.6
    endloop
endfacet
facet normal 0 0 -1
    outer loop
        vertex 5.6000004 -3.025 -0.6
        vertex 4.4700003 -4.5 -0.6
        vertex 4.4570594 -4.434944 -0.6
    endloop
endfacet
facet normal -0 0 -0.99999994
    outer loop
        vertex 5.5561047 -3.0206766 -0.6
        vertex 4.4570594 -4.434944 -0.6
        vertex 5.513896 -3.007873 -0.6
    endloop
endfacet
facet normal 0 0 -1
    outer loop
        vertex 4.1429405 -7.034944 -0.6
        vertex 4.179792 -4.6202083 -0.6
        vertex 4.179792 -6.9797916 -0.6
    endloop
endfacet
facet normal 0 0 -0.99999994
    outer loop
        vertex 4.234944 -4.3429403 -0.6
        vertex 5.375 -2.8000002 -0.6
        vertex 5.3793235 -2.8438954 -0.6
    endloop
endfacet
facet normal 0 0 -1
    outer loop
        vertex -4.365056 -4.3429403 -0.6
        vertex -5.440901 -2.959099 -0.6
        vertex -5.4129195 -2.9250033 -0.6
    endloop
endfacet
facet normal 0 0 -1
    outer loop
        vertex -4.365056 -4.3429403 -0.6
        vertex -5.392127 -2.8861039 -0.6
        vertex -4.3 -4.33 -0.6
    endloop
endfacet
facet normal 0 0 -1
    outer loop
        vertex -4.420208 -4.3797917 -0.6
        vertex -5.4749966 -2.9870806 -0.6
        vertex -5.440901 -2.959099 -0.6
    endloop
endfacet
facet normal 0 0 -1
    outer loop
        vertex -4.4570594 -4.434944 -0.6
        vertex -5.513896 -3.007873 -0.6
        vertex -4.420208 -4.3797917 -0.6
    endloop
endfacet
facet normal 0 -0 -1
    outer loop
        vertex -5.5561047 -3.0206766 -0.6
        vertex -4.4570594 -4.434944 -0.6
        vertex -5.6000004 -3.025 -0.6
    endloop
endfacet
facet normal 0 -0 -1
    outer loop
        vertex -4.420208 -4.6202083 -0.6
        vertex -4.420208 -6.9797916 -0.6
        vertex -6.799981 -6.2999763 -0.6
    endloop
endfacet
facet normal -0 0 -1
    outer loop
        vertex -4.420208 -4.6202083 -0.6
        vertex -6.799981 -6.2999763 -0.6
        vertex -4.4570594 -4.565056 -0.6
    endloop
endfacet
facet normal -0 0 -1
    outer loop
        vertex -4.365056 -4.6570597 -0.6
        vertex -4.420208 -6.9797916 -0.6
        vertex -4.420208 -4.6202083 -0.6
    endloop
endfacet
facet normal -0 -0 -1
    outer loop
        vertex -5.6000004 -3.025 -0.6
        vertex -4.4700003 -4.5 -0.6
        vertex -5.643895 -3.0206766 -0.6
    endloop
endfacet
facet normal -0 0 -1
    outer loop
        vertex -4.3 -6.9300003 -0.6
        vertex -4.365056 -6.9429407 -0.6
        vertex -4.3 -4.67 -0.6
    endloop
endfacet
facet normal 0 0 -1
    outer loop
        vertex -4.365056 -6.9429407 -0.6
        vertex -4.365056 -4.6570597 -0.6
        vertex -4.3 -4.67 -0.6
    endloop
endfacet
facet normal 0 0 -1
    outer loop
        vertex -4.3 -6.9300003 -0.6
        vertex -4.3 -4.67 -0.6
        vertex -4.234944 -4.6570597 -0.6
    endloop
endfacet
facet normal 0 0 -1
    outer loop
        vertex 4.234944 -6.9429407 -0.6
        vertex 4.3 -4.67 -0.6
        vertex 4.3 -6.9300003 -0.6
    endloop
endfacet
facet normal 0 0 -1
    outer loop
        vertex 4.420208 -4.6202083 -0.6
        vertex 4.365056 -6.9429407 -0.6
        vertex 4.365056 -4.6570597 -0.6
    endloop
endfacet
facet normal 0 0 -1
    outer loop
        vertex 4.13 -4.5 -0.6
        vertex -4.1429405 -4.434944 -0.6
        vertex 4.1429405 -4.434944 -0.6
    endloop
endfacet
facet normal 0 0 -1
    outer loop
        vertex 4.607411 -1.1885849 -0.6
        vertex 5.4749966 -2.6129193 -0.6
        vertex 5.440901 -2.6409009 -0.6
    endloop
endfacet
facet normal 0 0 -1
    outer loop
        vertex 4.1429405 -7.034944 -0.6
        vertex -4.1429405 -7.034944 -0.6
        vertex -4.1429405 -4.565056 -0.6
    endloop
endfacet
facet normal 0 0 -1
    outer loop
        vertex 4.420208 4.6202083 -0.6
        vertex 4.365056 4.6570597 -0.6
        vertex 4.420208 6.9797916 -0.6
    endloop
endfacet
facet normal 0 0 -1
    outer loop
        vertex 4.420208 4.6202083 -0.6
        vertex 4.420208 6.9797916 -0.6
        vertex 6.799981 6.2999687 -0.6
    endloop
endfacet
facet normal -0 0 -0.99999994
    outer loop
        vertex -0.9494513 5.833322 -0.6
        vertex -4.1429405 4.565056 -0.6
        vertex -0.97717625 5.8851886 -0.6
    endloop
endfacet
facet normal 0 0 -1
    outer loop
        vertex 0.75855505 6.6942735 -0.6
        vertex 4.234944 7.257059 -0.6
        vertex 4.179792 7.2202077 -0.6
    endloop
endfacet
facet normal 0 0 -1
    outer loop
        vertex -0.70000005 5.7 -0.6
        vertex -4.299984 1.050016 -0.6
        vertex -4.311399 1.1074191 -0.6
    endloop
endfacet
facet normal 0 0 -1
    outer loop
        vertex -5.51213 7.8691998 -0.6
        vertex -5.3568134 7.892239 -0.6
        vertex -4.4700003 7.1000004 -0.6
    endloop
endfacet
facet normal 0 0 -1
    outer loop
        vertex 4.1429405 4.565056 -0.6
        vertex 0.97718763 5.8852067 -0.6
        vertex 0.994258 5.9414907 -0.6
    endloop
endfacet
facet normal 0 0 -0.99999994
    outer loop
        vertex -4.449975 1.200025 -0.6
        vertex -5.392127 2.713896 -0.6
        vertex -5.3793235 2.7561047 -0.6
    endloop
endfacet
facet normal 0 0 -1
    outer loop
        vertex 4.3114076 1.1074319 -0.6
        vertex 4.179792 4.3797917 -0.6
        vertex 4.3439226 1.1560915 -0.6
    endloop
endfacet
facet normal 0 0 -1
    outer loop
        vertex 4.1429405 4.434944 -0.6
        vertex 0.8148162 5.722833 -0.6
        vertex 0.8666874 5.7505574 -0.6
    endloop
endfacet
facet normal 0 0 -1
    outer loop
        vertex 5.375 2.8000002 -0.6
        vertex 4.234944 4.3429403 -0.6
        vertex 5.3793235 2.8438954 -0.6
    endloop
endfacet
facet normal 0 0 -1
    outer loop
        vertex 4.234944 4.3429403 -0.6
        vertex 4.3 4.33 -0.6
        vertex 5.3793235 2.8438954 -0.6
    endloop
endfacet
facet normal 0 0 -1
    outer loop
        vertex 4.3 4.33 -0.6
        vertex 4.365056 4.3429403 -0.6
        vertex 5.392127 2.8861039 -0.6
    endloop
endfacet
facet normal 0 0 -1
    outer loop
        vertex -4.55002 1.200025 -0.6
        vertex -5.392127 2.713896 -0.6
        vertex -4.449975 1.200025 -0.6
    endloop
endfacet
facet normal 0 0 -1
    outer loop
        vertex 5.5561047 3.0206766 -0.6
        vertex 4.4570594 4.434944 -0.6
        vertex 5.6000004 3.025 -0.6
    endloop
endfacet
facet normal 0 0 -0.99999994
    outer loop
        vertex 4.420208 4.6202083 -0.6
        vertex 6.799981 6.2999687 -0.6
        vertex 4.4570594 4.565056 -0.6
    endloop
endfacet
facet normal 0 -0 -1
    outer loop
        vertex 6.6110477 7.0541925 -0.6
        vertex 6.6781816 6.912254 -0.6
        vertex 4.4570594 7.034944 -0.6
    endloop
endfacet
facet normal 0 0 -1
    outer loop
        vertex -4.234944 4.3429403 -0.6
        vertex -4.3439116 1.1560847 -0.6
        vertex -4.3925734 1.1886035 -0.6
    endloop
endfacet
facet normal 0 0 -1
    outer loop
        vertex -4.179792 6.9797916 -0.6
        vertex -4.234944 4.6570597 -0.6
        vertex -4.234944 6.9429407 -0.6
    endloop
endfacet
facet normal 0 0 -1
    outer loop
        vertex -4.179792 4.6202083 -0.6
        vertex -4.234944 4.6570597 -0.6
        vertex -4.179792 6.9797916 -0.6
    endloop
endfacet
facet normal -0 0 -1
    outer loop
        vertex -4.420208 4.6202083 -0.6
        vertex -4.4570594 4.565056 -0.6
        vertex -6.799981 6.29995 -0.6
    endloop
endfacet
facet normal -0 0 -1
    outer loop
        vertex -4.4570594 4.565056 -0.6
        vertex -4.4700003 4.5 -0.6
        vertex -6.799981 6.29995 -0.6
    endloop
endfacet
facet normal 0 0 -0.99999994
    outer loop
        vertex -5.686104 3.007873 -0.6
        vertex -6.799981 6.29995 -0.6
        vertex -4.4700003 4.5 -0.6
    endloop
endfacet
facet normal 0 0 -1
    outer loop
        vertex -5.5561047 3.0206766 -0.6
        vertex -5.6000004 3.025 -0.6
        vertex -4.4570594 4.434944 -0.6
    endloop
endfacet
facet normal 0 0 -1
    outer loop
        vertex -5.6000004 3.025 -0.6
        vertex -4.4700003 4.5 -0.6
        vertex -4.4570594 4.434944 -0.6
    endloop
endfacet
facet normal 0 0 -1
    outer loop
        vertex -5.686104 3.007873 -0.6
        vertex -4.4700003 4.5 -0.6
        vertex -5.643895 3.0206766 -0.6
    endloop
endfacet
facet normal 0 0 -1
    outer loop
        vertex -4.4570594 4.434944 -0.6
        vertex -5.513896 3.007873 -0.6
        vertex -5.5561047 3.0206766 -0.6
    endloop
endfacet
facet normal 0 0 -0.99999994
    outer loop
        vertex -4.420208 4.3797917 -0.6
        vertex -5.4749966 2.9870806 -0.6
        vertex -5.513896 3.007873 -0.6
    endloop
endfacet
facet normal 0 0 -1
    outer loop
        vertex 4.3 4.33 -0.6
        vertex 5.392127 2.8861039 -0.6
        vertex 5.3793235 2.8438954 -0.6
    endloop
endfacet
facet normal -0 0 -1
    outer loop
        vertex -4.6074176 1.1886054 -0.6
        vertex -4.6560774 1.1560915 -0.6
        vertex -5.4749966 2.6129193 -0.6
    endloop
endfacet
facet normal -0 0 -1
    outer loop
        vertex 5.4129195 2.9250033 -0.6
        vertex 5.392127 2.8861039 -0.6
        vertex 4.365056 4.3429403 -0.6
    endloop
endfacet
facet normal 0 -0 -1
    outer loop
        vertex 4.420208 4.3797917 -0.6
        vertex 5.440901 2.959099 -0.6
        vertex 4.365056 4.3429403 -0.6
    endloop
endfacet
facet normal 0 0 -1
    outer loop
        vertex 4.420208 4.3797917 -0.6
        vertex 5.4749966 2.9870806 -0.6
        vertex 5.440901 2.959099 -0.6
    endloop
endfacet
facet normal -0 0 -0.99999994
    outer loop
        vertex -4.365056 4.3429403 -0.6
        vertex -5.440901 2.959099 -0.6
        vertex -4.420208 4.3797917 -0.6
    endloop
endfacet
facet normal 0 0 -1
    outer loop
        vertex -5.375 2.8000002 -0.6
        vertex -5.3793235 2.8438954 -0.6
        vertex -4.234944 4.3429403 -0.6
    endloop
endfacet
facet normal 0 0 -1
    outer loop
        vertex 4.3 -4.33 -0.6
        vertex 5.392127 -2.8861039 -0.6
        vertex 4.365056 -4.3429403 -0.6
    endloop
endfacet
facet normal 0 0 -1
    outer loop
        vertex 4.420208 -6.9797916 -0.6
        vertex 4.420208 -4.6202083 -0.6
        vertex 6.799981 -6.3000307 -0.6
    endloop
endfacet
facet normal 0 0 -1
    outer loop
        vertex 4.1429405 -4.565056 -0.6
        vertex -4.1429405 -4.565056 -0.6
        vertex -4.13 -4.5 -0.6
    endloop
endfacet
facet normal 0 0 -1
    outer loop
        vertex 4.5499997 -1.2 -0.6
        vertex 4.607411 -1.1885849 -0.6
        vertex 5.440901 -2.6409009 -0.6
    endloop
endfacet
facet normal 0 0 -1
    outer loop
        vertex 4.13 -7.1000004 -0.6
        vertex -4.13 -7.1000004 -0.6
        vertex -4.1429405 -7.034944 -0.6
    endloop
endfacet
facet normal 0 -0 -1
    outer loop
        vertex 5.3793235 -2.8438954 -0.6
        vertex 5.392127 -2.8861039 -0.6
        vertex 4.3 -4.33 -0.6
    endloop
endfacet
facet normal 0 0 -1
    outer loop
        vertex -4.13 -7.1000004 -0.6
        vertex 4.13 -7.1000004 -0.6
        vertex 4.1429405 -7.165056 -0.6
    endloop
endfacet
facet normal 0 0 -1
    outer loop
        vertex -4.1429405 -7.165056 -0.6
        vertex 4.1429405 -7.165056 -0.6
        vertex 4.179792 -7.2202077 -0.6
    endloop
endfacet
facet normal 0 0 -1
    outer loop
        vertex 4.3 -7.27 -0.6
        vertex 4.365056 -7.257059 -0.6
        vertex 5.2000003 -7.9000006 -0.6
    endloop
endfacet
facet normal -0 -0 -1
    outer loop
        vertex 4.3 -7.27 -0.6
        vertex 5.2000003 -7.9000006 -0.6
        vertex 4.234944 -7.257059 -0.6
    endloop
endfacet
facet normal 0 0 -1
    outer loop
        vertex 4.365056 -7.257059 -0.6
        vertex 4.420208 -7.2202077 -0.6
        vertex 5.2000003 -7.9000006 -0.6
    endloop
endfacet
facet normal 0 0 -1
    outer loop
        vertex 5.2000003 -7.9000006 -0.6
        vertex -4.234944 -7.257059 -0.6
        vertex 4.234944 -7.257059 -0.6
    endloop
endfacet
facet normal 0 0 -0.99999994
    outer loop
        vertex 4.420208 -7.2202077 -0.6
        vertex 4.4570594 -7.165056 -0.6
        vertex 5.2000003 -7.9000006 -0.6
    endloop
endfacet
facet normal 0 0 -1
    outer loop
        vertex 4.4700003 -7.1000004 -0.6
        vertex 5.3568244 -7.8922944 -0.6
        vertex 5.2000003 -7.9000006 -0.6
    endloop
endfacet
facet normal 0 -0 -1
    outer loop
        vertex -4.1429405 -7.165056 -0.6
        vertex 4.179792 -7.2202077 -0.6
        vertex -4.179792 -7.2202077 -0.6
    endloop
endfacet
facet normal -0 0 -1
    outer loop
        vertex 6.0888934 -7.630351 -0.6
        vertex 5.954219 -7.7110724 -0.6
        vertex 4.4570594 -7.034944 -0.6
    endloop
endfacet
facet normal -0 0 -1
    outer loop
        vertex 5.954219 -7.7110724 -0.6
        vertex 5.8122807 -7.778205 -0.6
        vertex 4.4570594 -7.034944 -0.6
    endloop
endfacet
facet normal 0 0 -1
    outer loop
        vertex 6.530326 -7.188923 -0.6
        vertex 4.4570594 -7.034944 -0.6
        vertex 6.6110477 -7.0542483 -0.6
    endloop
endfacet
facet normal 0 0 -0.99999994
    outer loop
        vertex 5.3568244 -7.8922944 -0.6
        vertex 4.4700003 -7.1000004 -0.6
        vertex 5.512138 -7.869254 -0.6
    endloop
endfacet
facet normal -0 0 -1
    outer loop
        vertex -4.365056 -6.9429407 -0.6
        vertex -4.420208 -6.9797916 -0.6
        vertex -4.365056 -4.6570597 -0.6
    endloop
endfacet
facet normal 0 0 -1
    outer loop
        vertex 5.512138 -7.869254 -0.6
        vertex 4.4700003 -7.1000004 -0.6
        vertex 5.664446 -7.831102 -0.6
    endloop
endfacet
facet normal 0 0 -1
    outer loop
        vertex -4.234944 -6.9429407 -0.6
        vertex -4.3 -6.9300003 -0.6
        vertex -4.234944 -4.6570597 -0.6
    endloop
endfacet
facet normal 0 0 -1
    outer loop
        vertex -4.179792 -6.9797916 -0.6
        vertex -4.234944 -6.9429407 -0.6
        vertex -4.179792 -4.6202083 -0.6
    endloop
endfacet
facet normal -0 0 -1
    outer loop
        vertex -4.420208 -6.9797916 -0.6
        vertex -4.4570594 -7.034944 -0.6
        vertex -6.799981 -6.2999763 -0.6
    endloop
endfacet
facet normal 0 0 -1
    outer loop
        vertex -4.4570594 -7.034944 -0.6
        vertex -6.792279 -6.4568033 -0.6
        vertex -6.799981 -6.2999763 -0.6
    endloop
endfacet
facet normal 0 0 -1
    outer loop
        vertex -6.731092 -6.7644334 -0.6
        vertex -6.7692423 -6.612121 -0.6
        vertex -4.4570594 -7.034944 -0.6
    endloop
endfacet
facet normal 0 0 -1
    outer loop
        vertex -5.954234 -7.711064 -0.6
        vertex -4.4570594 -7.034944 -0.6
        vertex -5.812293 -7.7781997 -0.6
    endloop
endfacet
facet normal 0 -0 -1
    outer loop
        vertex -4.4700003 -7.1000004 -0.6
        vertex -4.4570594 -7.165056 -0.6
        vertex -5.2000003 -7.9000006 -0.6
    endloop
endfacet
facet normal -0 0 -1
    outer loop
        vertex -4.3 -7.27 -0.6
        vertex -5.2000003 -7.9000006 -0.6
        vertex -4.365056 -7.257059 -0.6
    endloop
endfacet
facet normal 0 -0 -1
    outer loop
        vertex -4.234944 -7.257059 -0.6
        vertex 5.2000003 -7.9000006 -0.6
        vertex -5.2000003 -7.9000006 -0.6
    endloop
endfacet
facet normal 0 0 -0.99999994
    outer loop
        vertex 4.4570594 -7.165056 -0.6
        vertex 4.4700003 -7.1000004 -0.6
        vertex 5.2000003 -7.9000006 -0.6
    endloop
endfacet
facet normal 0 0 -1
    outer loop
        vertex 4.234944 -7.257059 -0.6
        vertex -4.234944 -7.257059 -0.6
        vertex -4.179792 -7.2202077 -0.6
    endloop
endfacet
facet normal 0 0 -1
    outer loop
        vertex 4.234944 -7.257059 -0.6
        vertex -4.179792 -7.2202077 -0.6
        vertex 4.179792 -7.2202077 -0.6
    endloop
endfacet
facet normal 0 0 -1
    outer loop
        vertex -4.1429405 -7.165056 -0.6
        vertex -4.13 -7.1000004 -0.6
        vertex 4.1429405 -7.165056 -0.6
    endloop
endfacet
facet normal 0 0 -1
    outer loop
        vertex -4.234944 -7.257059 -0.6
        vertex -5.2000003 -7.9000006 -0.6
        vertex -4.3 -7.27 -0.6
    endloop
endfacet
facet normal 0 0 -1
    outer loop
        vertex -4.3 -4.33 -0.6
        vertex -5.392127 -2.8861039 -0.6
        vertex -5.3793235 -2.8438954 -0.6
    endloop
endfacet
facet normal 0 0 -1
    outer loop
        vertex -4.1429405 -7.034944 -0.6
        vertex 4.1429405 -7.034944 -0.6
        vertex 4.13 -7.1000004 -0.6
    endloop
endfacet
facet normal 0 0 -1
    outer loop
        vertex 5.686104 3.007873 -0.6
        vertex 5.643895 3.0206766 -0.6
        vertex 4.4700003 4.5 -0.6
    endloop
endfacet
facet normal 0 0 -1
    outer loop
        vertex 5.686104 3.007873 -0.6
        vertex 4.4700003 4.5 -0.6
        vertex 6.799981 6.2999687 -0.6
    endloop
endfacet
facet normal -0 -0 -1
    outer loop
        vertex 6.6781816 6.912254 -0.6
        vertex 6.73108 6.7644176 -0.6
        vertex 4.4570594 7.034944 -0.6
    endloop
endfacet
facet normal 0 0 -1
    outer loop
        vertex 5.6000004 3.025 -0.6
        vertex 4.4700003 4.5 -0.6
        vertex 5.643895 3.0206766 -0.6
    endloop
endfacet
facet normal -0 0 -0.99999994
    outer loop
        vertex 5.5561047 3.0206766 -0.6
        vertex 5.513896 3.007873 -0.6
        vertex 4.4570594 4.434944 -0.6
    endloop
endfacet
facet normal 0 0 -0.99999994
    outer loop
        vertex 5.513896 3.007873 -0.6
        vertex 4.420208 4.3797917 -0.6
        vertex 4.4570594 4.434944 -0.6
    endloop
endfacet
facet normal -0 0 -1
    outer loop
        vertex -0.8148087 5.7228317 -0.6
        vertex -4.1429405 4.434944 -0.6
        vertex -0.86667705 5.750553 -0.6
    endloop
endfacet
facet normal 0 0 -1
    outer loop
        vertex 0.994258 5.9414907 -0.6
        vertex 4.179792 4.6202083 -0.6
        vertex 4.1429405 4.565056 -0.6
    endloop
endfacet
facet normal 0 -0 -1
    outer loop
        vertex -5.392127 2.713896 -0.6
        vertex -4.55002 1.200025 -0.6
        vertex -5.4129195 2.6749966 -0.6
    endloop
endfacet
facet normal -0 0 -1
    outer loop
        vertex -4.55002 1.200025 -0.6
        vertex -4.6074176 1.1886054 -0.6
        vertex -5.440901 2.6409009 -0.6
    endloop
endfacet
facet normal 0 0 -1
    outer loop
        vertex 4.3114076 1.1074319 -0.6
        vertex 0.70000005 5.7 -0.6
        vertex 0.75853264 5.705762 -0.6
    endloop
endfacet
facet normal 0 0 -1
    outer loop
        vertex -4.6074176 1.1886054 -0.6
        vertex -5.4749966 2.6129193 -0.6
        vertex -5.440901 2.6409009 -0.6
    endloop
endfacet
facet normal 0 0 -1
    outer loop
        vertex -4.234944 7.257059 -0.6
        vertex -4.3 7.27 -0.6
        vertex -5.199987 7.899944 -0.6
    endloop
endfacet
facet normal -0 0 -1
    outer loop
        vertex 4.392582 1.1886054 -0.6
        vertex 4.3439226 1.1560915 -0.6
        vertex 4.234944 4.3429403 -0.6
    endloop
endfacet
facet normal 0 0 -1
    outer loop
        vertex -4.311399 1.1074191 -0.6
        vertex -0.75852877 5.705762 -0.6
        vertex -0.70000005 5.7 -0.6
    endloop
endfacet
facet normal -0 0 -1
    outer loop
        vertex 5.513896 -2.592127 -0.6
        vertex 5.4749966 -2.6129193 -0.6
        vertex 4.656082 -1.156066 -0.6
    endloop
endfacet
facet normal -0 0 -1
    outer loop
        vertex 5.6000004 -2.575 -0.6
        vertex 5.5561047 -2.5793233 -0.6
        vertex 4.688601 -1.1073952 -0.6
    endloop
endfacet
facet normal 0 0 -1
    outer loop
        vertex 4.656082 -1.156066 -0.6
        vertex 4.688601 -1.1073952 -0.6
        vertex 5.5561047 -2.5793233 -0.6
    endloop
endfacet
facet normal 0 -0 -1
    outer loop
        vertex 5.4129195 2.6749966 -0.6
        vertex 5.440901 2.6409009 -0.6
        vertex 4.550025 1.200025 -0.6
    endloop
endfacet
facet normal 0 0 -0.99999994
    outer loop
        vertex 5.6000004 -2.575 -0.6
        vertex 4.688601 -1.1073952 -0.6
        vertex 5.643895 -2.5793233 -0.6
    endloop
endfacet
facet normal 0 0 -1
    outer loop
        vertex 4.6074266 1.1886035 -0.6
        vertex 4.550025 1.200025 -0.6
        vertex 5.440901 2.6409009 -0.6
    endloop
endfacet
facet normal -0 0 -1
    outer loop
        vertex 5.392127 2.713896 -0.6
        vertex 4.44998 1.200025 -0.6
        vertex 5.3793235 2.7561047 -0.6
    endloop
endfacet
facet normal 0 -0 -1
    outer loop
        vertex 4.700016 -1.049984 -0.6
        vertex 5.643895 -2.5793233 -0.6
        vertex 4.688601 -1.1073952 -0.6
    endloop
endfacet
facet normal 0 0 -0.99999994
    outer loop
        vertex 4.700016 -1.049984 -0.6
        vertex 5.686104 -2.592127 -0.6
        vertex 5.643895 -2.5793233 -0.6
    endloop
endfacet
facet normal 0 0 -0.99999994
    outer loop
        vertex 4.6560884 1.1560847 -0.6
        vertex 4.6074266 1.1886035 -0.6
        vertex 5.4749966 2.6129193 -0.6
    endloop
endfacet
facet normal 0 0 -1
    outer loop
        vertex 5.825 2.8000002 -0.6
        vertex 5.820677 2.8438954 -0.6
        vertex 6.799981 6.2999687 -0.6
    endloop
endfacet
facet normal 0 -0 -1
    outer loop
        vertex 5.825 2.8000002 -0.6
        vertex 6.799981 6.2999687 -0.6
        vertex 5.820677 2.7561047 -0.6
    endloop
endfacet
facet normal 0 0 -1
    outer loop
        vertex 5.820677 2.8438954 -0.6
        vertex 5.807873 2.8861039 -0.6
        vertex 6.799981 6.2999687 -0.6
    endloop
endfacet
facet normal 0 0 -0.99999994
    outer loop
        vertex 5.807873 2.8861039 -0.6
        vertex 5.787081 2.9250033 -0.6
        vertex 6.799981 6.2999687 -0.6
    endloop
endfacet
facet normal 0 0 -1
    outer loop
        vertex 5.787081 2.9250033 -0.6
        vertex 5.759099 2.959099 -0.6
        vertex 6.799981 6.2999687 -0.6
    endloop
endfacet
facet normal 0 0 -1
    outer loop
        vertex 5.759099 2.959099 -0.6
        vertex 5.7250032 2.9870806 -0.6
        vertex 6.799981 6.2999687 -0.6
    endloop
endfacet
facet normal 0 0 -1
    outer loop
        vertex 5.7250032 2.9870806 -0.6
        vertex 5.686104 3.007873 -0.6
        vertex 6.799981 6.2999687 -0.6
    endloop
endfacet
facet normal 0 0 -1
    outer loop
        vertex 4.4700003 4.5 -0.6
        vertex 4.4570594 4.565056 -0.6
        vertex 6.799981 6.2999687 -0.6
    endloop
endfacet
facet normal 0 0 -1
    outer loop
        vertex 5.7250032 -2.6129193 -0.6
        vertex 5.686104 -2.592127 -0.6
        vertex 4.700016 -1.049984 -0.6
    endloop
endfacet
facet normal 0 0 -0.99999994
    outer loop
        vertex 4.4570594 4.434944 -0.6
        vertex 4.4700003 4.5 -0.6
        vertex 5.6000004 3.025 -0.6
    endloop
endfacet
facet normal 0 0 -1
    outer loop
        vertex 4.700016 -1.049984 -0.6
        vertex 5.759099 -2.6409009 -0.6
        vertex 5.7250032 -2.6129193 -0.6
    endloop
endfacet
facet normal 0 -0 -1
    outer loop
        vertex 5.759099 2.6409009 -0.6
        vertex 5.759099 -2.6409009 -0.6
        vertex 4.700016 -1.049984 -0.6
    endloop
endfacet
facet normal 0 0 -1
    outer loop
        vertex 5.787081 2.6749966 -0.6
        vertex 5.759099 -2.6409009 -0.6
        vertex 5.759099 2.6409009 -0.6
    endloop
endfacet
facet normal 0 0 -1
    outer loop
        vertex 5.759099 2.6409009 -0.6
        vertex 4.700016 1.050016 -0.6
        vertex 5.7250032 2.6129193 -0.6
    endloop
endfacet
facet normal 0 0 -1
    outer loop
        vertex 4.656082 -1.156066 -0.6
        vertex 5.5561047 -2.5793233 -0.6
        vertex 5.513896 -2.592127 -0.6
    endloop
endfacet
facet normal -0 0 -1
    outer loop
        vertex 5.6000004 2.575 -0.6
        vertex 4.688601 1.1074191 -0.6
        vertex 5.5561047 2.5793233 -0.6
    endloop
endfacet
facet normal 0 0 -1
    outer loop
        vertex -5.513896 2.592127 -0.6
        vertex -5.4749966 2.6129193 -0.6
        vertex -4.6560774 1.1560915 -0.6
    endloop
endfacet
facet normal 0 0 -1
    outer loop
        vertex -4.179792 -4.3797917 -0.6
        vertex -4.311399 -1.1073952 -0.6
        vertex -4.1429405 -4.434944 -0.6
    endloop
endfacet
facet normal 0 -0 -1
    outer loop
        vertex -4.343918 -1.156066 -0.6
        vertex -4.234944 -4.3429403 -0.6
        vertex -4.392589 -1.1885849 -0.6
    endloop
endfacet
facet normal 0 0 -1
    outer loop
        vertex -5.3793235 -2.8438954 -0.6
        vertex -5.375 -2.8000002 -0.6
        vertex -4.234944 -4.3429403 -0.6
    endloop
endfacet
facet normal 0 0 -1
    outer loop
        vertex -4.3 -4.33 -0.6
        vertex -5.3793235 -2.8438954 -0.6
        vertex -4.234944 -4.3429403 -0.6
    endloop
endfacet
facet normal -0 0 -0.99999994
    outer loop
        vertex -4.365056 -4.3429403 -0.6
        vertex -4.420208 -4.3797917 -0.6
        vertex -5.440901 -2.959099 -0.6
    endloop
endfacet
facet normal 0 0 -1
    outer loop
        vertex -4.365056 -4.3429403 -0.6
        vertex -5.4129195 -2.9250033 -0.6
        vertex -5.392127 -2.8861039 -0.6
    endloop
endfacet
facet normal 0 0 -1
    outer loop
        vertex 4.365056 -4.3429403 -0.6
        vertex 5.392127 -2.8861039 -0.6
        vertex 5.4129195 -2.9250033 -0.6
    endloop
endfacet
facet normal 0 -0 -1
    outer loop
        vertex 5.4749966 -2.9870806 -0.6
        vertex 5.513896 -3.007873 -0.6
        vertex 4.420208 -4.3797917 -0.6
    endloop
endfacet
facet normal 0 0 -1
    outer loop
        vertex 6.799981 -6.3000307 -0.6
        vertex 4.420208 -4.6202083 -0.6
        vertex 4.4570594 -4.565056 -0.6
    endloop
endfacet
facet normal 0 0 -0.99999994
    outer loop
        vertex 5.513896 -3.007873 -0.6
        vertex 4.4570594 -4.434944 -0.6
        vertex 4.420208 -4.3797917 -0.6
    endloop
endfacet
facet normal 0 0 -0.99999994
    outer loop
        vertex 4.4700003 -4.5 -0.6
        vertex 5.6000004 -3.025 -0.6
        vertex 5.643895 -3.0206766 -0.6
    endloop
endfacet
facet normal 0 0 -1
    outer loop
        vertex 4.365056 -4.3429403 -0.6
        vertex 5.4129195 -2.9250033 -0.6
        vertex 5.440901 -2.959099 -0.6
    endloop
endfacet
facet normal 0 0 -1
    outer loop
        vertex 6.799981 -6.3000307 -0.6
        vertex 5.686104 -3.007873 -0.6
        vertex 5.7250032 -2.9870806 -0.6
    endloop
endfacet
facet normal 0 0 -1
    outer loop
        vertex 6.799981 -6.3000307 -0.6
        vertex 5.7250032 -2.9870806 -0.6
        vertex 5.759099 -2.959099 -0.6
    endloop
endfacet
facet normal 0 0 -1
    outer loop
        vertex 6.799981 -6.3000307 -0.6
        vertex 5.759099 -2.959099 -0.6
        vertex 5.787081 -2.9250033 -0.6
    endloop
endfacet
facet normal 0 0 -0.99999994
    outer loop
        vertex 5.820677 -2.8438954 -0.6
        vertex 5.825 -2.8000002 -0.6
        vertex 6.799981 -6.3000307 -0.6
    endloop
endfacet
facet normal 0 -0 -1
    outer loop
        vertex 5.820677 -2.8438954 -0.6
        vertex 6.799981 -6.3000307 -0.6
        vertex 5.807873 -2.8861039 -0.6
    endloop
endfacet
facet normal 0 0 -0.99999994
    outer loop
        vertex 5.4129195 2.9250033 -0.6
        vertex 4.365056 4.3429403 -0.6
        vertex 5.440901 2.959099 -0.6
    endloop
endfacet
facet normal 0 0 -1
    outer loop
        vertex 5.820677 -2.7561047 -0.6
        vertex 6.799981 6.2999687 -0.6
        vertex 6.799981 -6.3000307 -0.6
    endloop
endfacet
facet normal 0 0 -1
    outer loop
        vertex 5.820677 2.7561047 -0.6
        vertex 6.799981 6.2999687 -0.6
        vertex 5.820677 -2.7561047 -0.6
    endloop
endfacet
facet normal 0 -0 -1
    outer loop
        vertex 5.820677 2.7561047 -0.6
        vertex 5.820677 -2.7561047 -0.6
        vertex 5.807873 -2.713896 -0.6
    endloop
endfacet
facet normal 0 0 -1
    outer loop
        vertex 5.820677 2.7561047 -0.6
        vertex 5.807873 -2.713896 -0.6
        vertex 5.807873 2.713896 -0.6
    endloop
endfacet
facet normal 0 0 -1
    outer loop
        vertex 5.807873 -2.713896 -0.6
        vertex 5.787081 -2.6749966 -0.6
        vertex 5.807873 2.713896 -0.6
    endloop
endfacet
facet normal 0 0 -1
    outer loop
        vertex 5.787081 -2.6749966 -0.6
        vertex 5.787081 2.6749966 -0.6
        vertex 5.807873 2.713896 -0.6
    endloop
endfacet
facet normal 0 0 -1
    outer loop
        vertex 5.759099 -2.6409009 -0.6
        vertex 5.787081 2.6749966 -0.6
        vertex 5.787081 -2.6749966 -0.6
    endloop
endfacet
facet normal 0 -0 -1
    outer loop
        vertex -4.1429405 -4.565056 -0.6
        vertex -4.1429405 -7.034944 -0.6
        vertex -4.179792 -6.9797916 -0.6
    endloop
endfacet
facet normal 0 0 -1
    outer loop
        vertex 5.392127 2.713896 -0.6
        vertex 4.550025 1.200025 -0.6
        vertex 4.44998 1.200025 -0.6
    endloop
endfacet
facet normal 0 0 -0.99999994
    outer loop
        vertex -5.643895 3.0206766 -0.6
        vertex -4.4700003 4.5 -0.6
        vertex -5.6000004 3.025 -0.6
    endloop
endfacet
facet normal 0 0 -0.99999994
    outer loop
        vertex -5.513896 3.007873 -0.6
        vertex -4.4570594 4.434944 -0.6
        vertex -4.420208 4.3797917 -0.6
    endloop
endfacet
facet normal -0 0 -1
    outer loop
        vertex -5.686104 3.007873 -0.6
        vertex -5.7250032 2.9870806 -0.6
        vertex -6.799981 6.29995 -0.6
    endloop
endfacet
facet normal -0 0 -1
    outer loop
        vertex -5.7250032 2.9870806 -0.6
        vertex -5.759099 2.959099 -0.6
        vertex -6.799981 6.29995 -0.6
    endloop
endfacet
facet normal -0 0 -1
    outer loop
        vertex -5.759099 2.959099 -0.6
        vertex -5.787081 2.9250033 -0.6
        vertex -6.799981 6.29995 -0.6
    endloop
endfacet
facet normal -0 0 -1
    outer loop
        vertex -5.787081 2.9250033 -0.6
        vertex -5.807873 2.8861039 -0.6
        vertex -6.799981 6.29995 -0.6
    endloop
endfacet
facet normal 0 0 -1
    outer loop
        vertex -5.820677 2.8438954 -0.6
        vertex -6.799981 6.29995 -0.6
        vertex -5.807873 2.8861039 -0.6
    endloop
endfacet
facet normal 0 0 -1
    outer loop
        vertex -5.825 2.8000002 -0.6
        vertex -6.799981 6.29995 -0.6
        vertex -5.820677 2.8438954 -0.6
    endloop
endfacet
facet normal 0 0 -1
    outer loop
        vertex -5.820677 2.7561047 -0.6
        vertex -5.807873 2.713896 -0.6
        vertex -5.820677 -2.7561047 -0.6
    endloop
endfacet
facet normal -0 -0 -1
    outer loop
        vertex -5.820677 2.7561047 -0.6
        vertex -5.820677 -2.7561047 -0.6
        vertex -6.799981 6.29995 -0.6
    endloop
endfacet
facet normal 0 -0 -1
    outer loop
        vertex -5.807873 2.713896 -0.6
        vertex -5.807873 -2.713896 -0.6
        vertex -5.820677 -2.7561047 -0.6
    endloop
endfacet
facet normal -0 0 -1
    outer loop
        vertex -5.787081 2.6749966 -0.6
        vertex -5.807873 -2.713896 -0.6
        vertex -5.807873 2.713896 -0.6
    endloop
endfacet
facet normal -0 0 -1
    outer loop
        vertex -5.787081 -2.6749966 -0.6
        vertex -5.807873 -2.713896 -0.6
        vertex -5.787081 2.6749966 -0.6
    endloop
endfacet
facet normal 0 0 -1
    outer loop
        vertex -5.787081 -2.6749966 -0.6
        vertex -5.787081 2.6749966 -0.6
        vertex -5.759099 2.6409009 -0.6
    endloop
endfacet
facet normal 0 0 -1
    outer loop
        vertex -5.787081 -2.6749966 -0.6
        vertex -5.759099 2.6409009 -0.6
        vertex -5.759099 -2.6409009 -0.6
    endloop
endfacet
facet normal 0 0 -1
    outer loop
        vertex -4.700012 -1.049984 -0.6
        vertex -5.7250032 -2.6129193 -0.6
        vertex -5.759099 -2.6409009 -0.6
    endloop
endfacet
facet normal -0 0 -1
    outer loop
        vertex -5.686104 -2.592127 -0.6
        vertex -5.7250032 -2.6129193 -0.6
        vertex -4.700012 -1.049984 -0.6
    endloop
endfacet
facet normal 0 0 -1
    outer loop
        vertex -5.820677 2.7561047 -0.6
        vertex -6.799981 6.29995 -0.6
        vertex -5.825 2.8000002 -0.6
    endloop
endfacet
facet normal 0 0 -1
    outer loop
        vertex -5.6000004 -2.575 -0.6
        vertex -4.6885977 -1.1073942 -0.6
        vertex -5.5561047 -2.5793233 -0.6
    endloop
endfacet
facet normal 0 0 -1
    outer loop
        vertex -4.6560793 -1.1560646 -0.6
        vertex -5.4749966 -2.6129193 -0.6
        vertex -5.513896 -2.592127 -0.6
    endloop
endfacet
facet normal 0 0 -1
    outer loop
        vertex -4.700012 1.0500339 -0.6
        vertex -5.759099 2.6409009 -0.6
        vertex -5.7250032 2.6129193 -0.6
    endloop
endfacet
facet normal 0 0 -1
    outer loop
        vertex -4.60741 -1.1885839 -0.6
        vertex -5.440901 -2.6409009 -0.6
        vertex -5.4749966 -2.6129193 -0.6
    endloop
endfacet
facet normal 0 -0 -0.99999994
    outer loop
        vertex -4.60741 -1.1885839 -0.6
        vertex -4.5499997 -1.2 -0.6
        vertex -5.440901 -2.6409009 -0.6
    endloop
endfacet
facet normal 0 0 -1
    outer loop
        vertex -5.686104 2.592127 -0.6
        vertex -5.643895 2.5793233 -0.6
        vertex -4.700012 1.0500339 -0.6
    endloop
endfacet
facet normal -0 0 -1
    outer loop
        vertex 5.4749966 2.6129193 -0.6
        vertex 4.6074266 1.1886035 -0.6
        vertex 5.440901 2.6409009 -0.6
    endloop
endfacet
facet normal 0 0 -1
    outer loop
        vertex 4.550025 1.200025 -0.6
        vertex 5.392127 2.713896 -0.6
        vertex 5.4129195 2.6749966 -0.6
    endloop
endfacet
facet normal 0 0 -0.99999994
    outer loop
        vertex 0.9494639 5.833335 -0.6
        vertex 4.1429405 4.565056 -0.6
        vertex 4.13 4.5 -0.6
    endloop
endfacet
facet normal -0 0 -1
    outer loop
        vertex 5.513896 3.007873 -0.6
        vertex 5.4749966 2.9870806 -0.6
        vertex 4.420208 4.3797917 -0.6
    endloop
endfacet
facet normal 0 -0 -1
    outer loop
        vertex -4.234944 6.9429407 -0.6
        vertex -4.234944 4.6570597 -0.6
        vertex -4.3 4.67 -0.6
    endloop
endfacet
facet normal 0 0 -1
    outer loop
        vertex -5.3793235 2.8438954 -0.6
        vertex -4.3 4.33 -0.6
        vertex -4.234944 4.3429403 -0.6
    endloop
endfacet
facet normal 0 0 -1
    outer loop
        vertex -4.3 4.33 -0.6
        vertex -5.3793235 2.8438954 -0.6
        vertex -5.392127 2.8861039 -0.6
    endloop
endfacet
facet normal -0 0 -1
    outer loop
        vertex -4.3 4.33 -0.6
        vertex -5.392127 2.8861039 -0.6
        vertex -4.365056 4.3429403 -0.6
    endloop
endfacet
facet normal 0 0 -1
    outer loop
        vertex -4.5499997 -1.2 -0.6
        vertex -5.4129195 -2.6749966 -0.6
        vertex -5.440901 -2.6409009 -0.6
    endloop
endfacet
facet normal 0 0 -1
    outer loop
        vertex -5.4749966 2.9870806 -0.6
        vertex -4.420208 4.3797917 -0.6
        vertex -5.440901 2.959099 -0.6
    endloop
endfacet
facet normal 0 0 -1
    outer loop
        vertex -5.6000004 2.575 -0.6
        vertex -5.5561047 2.5793233 -0.6
        vertex -4.6885924 1.1074319 -0.6
    endloop
endfacet
facet normal 0 -0 -1
    outer loop
        vertex -4.5499997 -1.2 -0.6
        vertex -4.4500003 -1.2 -0.6
        vertex -5.392127 -2.713896 -0.6
    endloop
endfacet
facet normal 0 0 -1
    outer loop
        vertex -4.5499997 -1.2 -0.6
        vertex -5.392127 -2.713896 -0.6
        vertex -5.4129195 -2.6749966 -0.6
    endloop
endfacet
facet normal -0 0 -1
    outer loop
        vertex -4.6885924 1.1074319 -0.6
        vertex -4.700012 1.0500339 -0.6
        vertex -5.643895 2.5793233 -0.6
    endloop
endfacet
facet normal 0 0 -1
    outer loop
        vertex -5.7250032 2.6129193 -0.6
        vertex -5.686104 2.592127 -0.6
        vertex -4.700012 1.0500339 -0.6
    endloop
endfacet
facet normal -0 0 -1
    outer loop
        vertex -4.60741 -1.1885839 -0.6
        vertex -5.4749966 -2.6129193 -0.6
        vertex -4.6560793 -1.1560646 -0.6
    endloop
endfacet
facet normal -0 0 -1
    outer loop
        vertex -4.6560793 -1.1560646 -0.6
        vertex -5.5561047 -2.5793233 -0.6
        vertex -4.6885977 -1.1073942 -0.6
    endloop
endfacet
facet normal 0 0 -1
    outer loop
        vertex -6.799981 -6.2999763 -0.6
        vertex -6.799981 6.29995 -0.6
        vertex -5.820677 -2.7561047 -0.6
    endloop
endfacet
facet normal 0 -0 -1
    outer loop
        vertex -5.820677 -2.8438954 -0.6
        vertex -5.807873 -2.8861039 -0.6
        vertex -6.799981 -6.2999763 -0.6
    endloop
endfacet
facet normal -0 0 -1
    outer loop
        vertex -5.820677 -2.8438954 -0.6
        vertex -6.799981 -6.2999763 -0.6
        vertex -5.825 -2.8000002 -0.6
    endloop
endfacet
facet normal 0 -0 -1
    outer loop
        vertex -5.807873 -2.8861039 -0.6
        vertex -5.787081 -2.9250033 -0.6
        vertex -6.799981 -6.2999763 -0.6
    endloop
endfacet
facet normal 0 -0 -1
    outer loop
        vertex -5.787081 -2.9250033 -0.6
        vertex -5.759099 -2.959099 -0.6
        vertex -6.799981 -6.2999763 -0.6
    endloop
endfacet
facet normal 0 -0 -1
    outer loop
        vertex -5.759099 -2.959099 -0.6
        vertex -5.7250032 -2.9870806 -0.6
        vertex -6.799981 -6.2999763 -0.6
    endloop
endfacet
facet normal 0 -0 -1
    outer loop
        vertex -5.7250032 -2.9870806 -0.6
        vertex -5.686104 -3.007873 -0.6
        vertex -6.799981 -6.2999763 -0.6
    endloop
endfacet
facet normal 0 -0 -0.99999994
    outer loop
        vertex -4.4700003 -4.5 -0.6
        vertex -4.4570594 -4.565056 -0.6
        vertex -6.799981 -6.2999763 -0.6
    endloop
endfacet
facet normal 0 0 -1
    outer loop
        vertex -6.799981 -6.2999763 -0.6
        vertex -5.820677 -2.7561047 -0.6
        vertex -5.825 -2.8000002 -0.6
    endloop
endfacet
facet normal 0 -0 -1
    outer loop
        vertex -5.686104 -3.007873 -0.6
        vertex -4.4700003 -4.5 -0.6
        vertex -6.799981 -6.2999763 -0.6
    endloop
endfacet
facet normal 0 0 -1
    outer loop
        vertex -4.234944 -6.9429407 -0.6
        vertex -4.234944 -4.6570597 -0.6
        vertex -4.179792 -4.6202083 -0.6
    endloop
endfacet
facet normal 0 0 -1
    outer loop
        vertex -6.792279 -6.4568033 -0.6
        vertex -4.4570594 -7.034944 -0.6
        vertex -6.7692423 -6.612121 -0.6
    endloop
endfacet
facet normal 0 0 -1
    outer loop
        vertex -5.686104 -3.007873 -0.6
        vertex -5.643895 -3.0206766 -0.6
        vertex -4.4700003 -4.5 -0.6
    endloop
endfacet
facet normal 0 0 -0.99999994
    outer loop
        vertex -4.4700003 -4.5 -0.6
        vertex -5.6000004 -3.025 -0.6
        vertex -4.4570594 -4.434944 -0.6
    endloop
endfacet
facet normal 0 -0 -1
    outer loop
        vertex -5.4749966 -2.9870806 -0.6
        vertex -4.420208 -4.3797917 -0.6
        vertex -5.513896 -3.007873 -0.6
    endloop
endfacet
facet normal 0 0 -1
    outer loop
        vertex -4.1429405 -4.565056 -0.6
        vertex -4.179792 -6.9797916 -0.6
        vertex -4.179792 -4.6202083 -0.6
    endloop
endfacet
facet normal 0 0 -1
    outer loop
        vertex 5.820677 -2.7561047 -0.6
        vertex 6.799981 -6.3000307 -0.6
        vertex 5.825 -2.8000002 -0.6
    endloop
endfacet
facet normal 0 0 -1
    outer loop
        vertex 4.420208 -4.3797917 -0.6
        vertex 5.440901 -2.959099 -0.6
        vertex 5.4749966 -2.9870806 -0.6
    endloop
endfacet
facet normal 0 0 -1
    outer loop
        vertex 4.420208 -4.3797917 -0.6
        vertex 4.365056 -4.3429403 -0.6
        vertex 5.440901 -2.959099 -0.6
    endloop
endfacet
facet normal 0 0 -1
    outer loop
        vertex 4.420208 -6.9797916 -0.6
        vertex 4.365056 -6.9429407 -0.6
        vertex 4.420208 -4.6202083 -0.6
    endloop
endfacet
facet normal 0 0 -1
    outer loop
        vertex 5.787081 -2.9250033 -0.6
        vertex 5.807873 -2.8861039 -0.6
        vertex 6.799981 -6.3000307 -0.6
    endloop
endfacet
facet normal 0 0 -1
    outer loop
        vertex -4.365056 4.3429403 -0.6
        vertex -5.392127 2.8861039 -0.6
        vertex -5.4129195 2.9250033 -0.6
    endloop
endfacet
facet normal 0 0 -1
    outer loop
        vertex -4.179792 -4.3797917 -0.6
        vertex -4.343918 -1.156066 -0.6
        vertex -4.311399 -1.1073952 -0.6
    endloop
endfacet
facet normal 0 0 -1
    outer loop
        vertex -5.3793235 -2.7561047 -0.6
        vertex -4.4500003 -1.2 -0.6
        vertex -4.392589 -1.1885849 -0.6
    endloop
endfacet
facet normal 0 0 -1
    outer loop
        vertex 4.1429405 -4.434944 -0.6
        vertex -4.1429405 -4.434944 -0.6
        vertex -4.311399 -1.1073952 -0.6
    endloop
endfacet
facet normal 0 0 -0.99999994
    outer loop
        vertex -4.6560774 1.1560915 -0.6
        vertex -5.5561047 2.5793233 -0.6
        vertex -5.513896 2.592127 -0.6
    endloop
endfacet
facet normal 0 0 -1
    outer loop
        vertex -6.731092 -6.7644334 -0.6
        vertex -4.4570594 -7.034944 -0.6
        vertex -6.678197 -6.9122725 -0.6
    endloop
endfacet
facet normal 0 0 -1
    outer loop
        vertex -5.2000003 -7.9000006 -0.6
        vertex -4.420208 -7.2202077 -0.6
        vertex -4.365056 -7.257059 -0.6
    endloop
endfacet
facet normal 0 -0 -1
    outer loop
        vertex -4.4570594 -7.165056 -0.6
        vertex -4.420208 -7.2202077 -0.6
        vertex -5.2000003 -7.9000006 -0.6
    endloop
endfacet
facet normal 0 0 -1
    outer loop
        vertex -4.4700003 -7.1000004 -0.6
        vertex -5.2000003 -7.9000006 -0.6
        vertex -5.3568277 -7.8922935 -0.6
    endloop
endfacet
facet normal 0 0 -1
    outer loop
        vertex -4.4700003 -7.1000004 -0.6
        vertex -5.3568277 -7.8922935 -0.6
        vertex -5.5121446 -7.8692527 -0.6
    endloop
endfacet
facet normal 0 0 -1
    outer loop
        vertex -4.4700003 -7.1000004 -0.6
        vertex -5.5121446 -7.8692527 -0.6
        vertex -5.6644554 -7.831099 -0.6
    endloop
endfacet
facet normal 0 0 -1
    outer loop
        vertex -4.4700003 -7.1000004 -0.6
        vertex -5.6644554 -7.831099 -0.6
        vertex -5.812293 -7.7781997 -0.6
    endloop
endfacet
facet normal -0 0 -1
    outer loop
        vertex -4.4700003 -7.1000004 -0.6
        vertex -5.812293 -7.7781997 -0.6
        vertex -4.4570594 -7.034944 -0.6
    endloop
endfacet
facet normal 0 0 -0.99999994
    outer loop
        vertex -4.4570594 -7.034944 -0.6
        vertex -5.954234 -7.711064 -0.6
        vertex -6.0889106 -7.63034 -0.6
    endloop
endfacet
facet normal 0 0 -0.99999994
    outer loop
        vertex -6.331367 -7.431356 -0.6
        vertex -4.4570594 -7.034944 -0.6
        vertex -6.2150264 -7.5368032 -0.6
    endloop
endfacet
facet normal 0 0 -1
    outer loop
        vertex -4.4570594 -7.034944 -0.6
        vertex -6.0889106 -7.63034 -0.6
        vertex -6.2150264 -7.5368032 -0.6
    endloop
endfacet
facet normal 0 0 -1
    outer loop
        vertex -6.4368114 -7.315012 -0.6
        vertex -4.4570594 -7.034944 -0.6
        vertex -6.331367 -7.431356 -0.6
    endloop
endfacet
facet normal 0 0 -1
    outer loop
        vertex -6.5303445 -7.188894 -0.6
        vertex -4.4570594 -7.034944 -0.6
        vertex -6.4368114 -7.315012 -0.6
    endloop
endfacet
facet normal 0 0 -0.99999994
    outer loop
        vertex -6.6110654 -7.054215 -0.6
        vertex -4.4570594 -7.034944 -0.6
        vertex -6.5303445 -7.188894 -0.6
    endloop
endfacet
facet normal 0 0 -1
    outer loop
        vertex -6.678197 -6.9122725 -0.6
        vertex -4.4570594 -7.034944 -0.6
        vertex -6.6110654 -7.054215 -0.6
    endloop
endfacet
facet normal 0 0 -1
    outer loop
        vertex -4.365056 4.3429403 -0.6
        vertex -5.4129195 2.9250033 -0.6
        vertex -5.440901 2.959099 -0.6
    endloop
endfacet
facet normal 0 0 -1
    outer loop
        vertex -4.4570594 -4.434944 -0.6
        vertex -5.5561047 -3.0206766 -0.6
        vertex -5.513896 -3.007873 -0.6
    endloop
endfacet
facet normal 0 0 -1
    outer loop
        vertex -5.3793235 -2.7561047 -0.6
        vertex -5.392127 -2.713896 -0.6
        vertex -4.4500003 -1.2 -0.6
    endloop
endfacet
facet normal 0 0 -1
    outer loop
        vertex -6.799981 6.29995 -0.6
        vertex -4.4570594 7.034944 -0.6
        vertex -4.420208 6.9797916 -0.6
    endloop
endfacet
facet normal 0 -0 -1
    outer loop
        vertex -6.7922764 6.4567766 -0.6
        vertex -4.4570594 7.034944 -0.6
        vertex -6.799981 6.29995 -0.6
    endloop
endfacet
facet normal 0 -0 -1
    outer loop
        vertex -6.769237 6.612093 -0.6
        vertex -4.4570594 7.034944 -0.6
        vertex -6.7922764 6.4567766 -0.6
    endloop
endfacet
facet normal 0 -0 -1
    outer loop
        vertex -6.731085 6.764403 -0.6
        vertex -4.4570594 7.034944 -0.6
        vertex -6.769237 6.612093 -0.6
    endloop
endfacet
facet normal 0 0 -1
    outer loop
        vertex -6.678187 6.9122405 -0.6
        vertex -6.6110535 7.0541806 -0.6
        vertex -4.4570594 7.034944 -0.6
    endloop
endfacet
facet normal 0 0 -0.99999994
    outer loop
        vertex -4.4570594 7.034944 -0.6
        vertex -6.5303316 7.1888576 -0.6
        vertex -6.436797 7.314974 -0.6
    endloop
endfacet
facet normal 0 -0 -0.99999994
    outer loop
        vertex -6.215011 7.53676 -0.6
        vertex -4.4570594 7.034944 -0.6
        vertex -6.331352 7.431315 -0.6
    endloop
endfacet
facet normal 0 0 -1
    outer loop
        vertex -4.4570594 7.034944 -0.6
        vertex -6.436797 7.314974 -0.6
        vertex -6.331352 7.431315 -0.6
    endloop
endfacet
facet normal 0 -0 -1
    outer loop
        vertex -6.088895 7.630295 -0.6
        vertex -4.4570594 7.034944 -0.6
        vertex -6.215011 7.53676 -0.6
    endloop
endfacet
facet normal 0 0 -0.99999994
    outer loop
        vertex -5.8122773 7.7781496 -0.6
        vertex -4.4700003 7.1000004 -0.6
        vertex -4.4570594 7.034944 -0.6
    endloop
endfacet
facet normal 0 0 -1
    outer loop
        vertex -6.731085 6.764403 -0.6
        vertex -6.678187 6.9122405 -0.6
        vertex -4.4570594 7.034944 -0.6
    endloop
endfacet
facet normal 0 0 -1
    outer loop
        vertex -4.4700003 7.1000004 -0.6
        vertex -5.8122773 7.7781496 -0.6
        vertex -5.66444 7.8310475 -0.6
    endloop
endfacet
facet normal -0 0 -1
    outer loop
        vertex 6.6110477 7.0541925 -0.6
        vertex 4.4570594 7.034944 -0.6
        vertex 6.530325 7.1888676 -0.6
    endloop
endfacet
facet normal 0 0 -1
    outer loop
        vertex 4.420208 7.2202077 -0.6
        vertex 4.365056 7.257059 -0.6
        vertex 5.199987 7.899944 -0.6
    endloop
endfacet
facet normal 0 0 -1
    outer loop
        vertex 4.420208 7.2202077 -0.6
        vertex 5.199987 7.899944 -0.6
        vertex 4.4570594 7.165056 -0.6
    endloop
endfacet
facet normal 0 0 -0.99999994
    outer loop
        vertex 5.199987 7.899944 -0.6
        vertex 4.4700003 7.1000004 -0.6
        vertex 4.4570594 7.165056 -0.6
    endloop
endfacet
facet normal -0 0 -1
    outer loop
        vertex 5.3568125 7.892239 -0.6
        vertex 4.4700003 7.1000004 -0.6
        vertex 5.199987 7.899944 -0.6
    endloop
endfacet
facet normal -0 0 -1
    outer loop
        vertex 5.512128 7.8691998 -0.6
        vertex 4.4700003 7.1000004 -0.6
        vertex 5.3568125 7.892239 -0.6
    endloop
endfacet
facet normal -0 0 -1
    outer loop
        vertex 5.6644363 7.831048 -0.6
        vertex 4.4700003 7.1000004 -0.6
        vertex 5.512128 7.8691998 -0.6
    endloop
endfacet
facet normal -0 0 -1
    outer loop
        vertex 5.812273 7.778152 -0.6
        vertex 4.4700003 7.1000004 -0.6
        vertex 5.6644363 7.831048 -0.6
    endloop
endfacet
facet normal 0 0 -1
    outer loop
        vertex 4.4570594 7.034944 -0.6
        vertex 4.4700003 7.1000004 -0.6
        vertex 5.812273 7.778152 -0.6
    endloop
endfacet
facet normal -0 0 -1
    outer loop
        vertex 6.0888886 7.630298 -0.6
        vertex 4.4570594 7.034944 -0.6
        vertex 5.9542127 7.71102 -0.6
    endloop
endfacet
facet normal 0 0 -0.99999994
    outer loop
        vertex 4.4570594 7.034944 -0.6
        vertex 5.812273 7.778152 -0.6
        vertex 5.9542127 7.71102 -0.6
    endloop
endfacet
facet normal -0 0 -1
    outer loop
        vertex 6.2150044 7.536765 -0.6
        vertex 4.4570594 7.034944 -0.6
        vertex 6.0888886 7.630298 -0.6
    endloop
endfacet
facet normal 0 0 -1
    outer loop
        vertex 4.3 4.67 -0.6
        vertex 4.365056 6.9429407 -0.6
        vertex 4.365056 4.6570597 -0.6
    endloop
endfacet
facet normal 0 -0 -1
    outer loop
        vertex 6.4367905 7.3149824 -0.6
        vertex 6.530325 7.1888676 -0.6
        vertex 4.4570594 7.034944 -0.6
    endloop
endfacet
facet normal 0 0 -1
    outer loop
        vertex 5.199987 7.899944 -0.6
        vertex 4.365056 7.257059 -0.6
        vertex 4.3 7.27 -0.6
    endloop
endfacet
facet normal 0 0 -0.99999994
    outer loop
        vertex -4.6885924 1.1074319 -0.6
        vertex -5.5561047 2.5793233 -0.6
        vertex -4.6560774 1.1560915 -0.6
    endloop
endfacet
facet normal 0 0 -1
    outer loop
        vertex 4.365056 -6.9429407 -0.6
        vertex 4.3 -6.9300003 -0.6
        vertex 4.365056 -4.6570597 -0.6
    endloop
endfacet
facet normal 0 0 -1
    outer loop
        vertex 4.4700003 -7.1000004 -0.6
        vertex 5.8122807 -7.778205 -0.6
        vertex 5.664446 -7.831102 -0.6
    endloop
endfacet
facet normal 0 0 -1
    outer loop
        vertex 5.686104 -3.007873 -0.6
        vertex 4.4700003 -4.5 -0.6
        vertex 5.643895 -3.0206766 -0.6
    endloop
endfacet
facet normal 0 0 -1
    outer loop
        vertex 6.799981 -6.3000307 -0.6
        vertex 6.792274 -6.456855 -0.6
        vertex 4.4570594 -7.034944 -0.6
    endloop
endfacet
facet normal 0 0 -1
    outer loop
        vertex 6.792274 -6.456855 -0.6
        vertex 6.7692323 -6.612169 -0.6
        vertex 4.4570594 -7.034944 -0.6
    endloop
endfacet
facet normal 0 0 -1
    outer loop
        vertex 6.7692323 -6.612169 -0.6
        vertex 6.7310796 -6.764476 -0.6
        vertex 4.4570594 -7.034944 -0.6
    endloop
endfacet
facet normal 0 0 -1
    outer loop
        vertex 6.7310796 -6.764476 -0.6
        vertex 6.678181 -6.9123106 -0.6
        vertex 4.4570594 -7.034944 -0.6
    endloop
endfacet
facet normal 0 0 -1
    outer loop
        vertex 6.678181 -6.9123106 -0.6
        vertex 6.6110477 -7.0542483 -0.6
        vertex 4.4570594 -7.034944 -0.6
    endloop
endfacet
facet normal 0 0 -1
    outer loop
        vertex 4.4570594 -7.034944 -0.6
        vertex 6.530326 -7.188923 -0.6
        vertex 6.436792 -7.315037 -0.6
    endloop
endfacet
facet normal 0 0 -1
    outer loop
        vertex 6.215008 -7.536819 -0.6
        vertex 4.4570594 -7.034944 -0.6
        vertex 6.3313475 -7.431375 -0.6
    endloop
endfacet
facet normal 0 0 -1
    outer loop
        vertex 4.4570594 -7.034944 -0.6
        vertex 6.436792 -7.315037 -0.6
        vertex 6.3313475 -7.431375 -0.6
    endloop
endfacet
facet normal 0 0 -1
    outer loop
        vertex 6.0888934 -7.630351 -0.6
        vertex 4.4570594 -7.034944 -0.6
        vertex 6.215008 -7.536819 -0.6
    endloop
endfacet
facet normal 0 0 -1
    outer loop
        vertex 5.8122807 -7.778205 -0.6
        vertex 4.4700003 -7.1000004 -0.6
        vertex 4.4570594 -7.034944 -0.6
    endloop
endfacet
facet normal 0 0 -1
    outer loop
        vertex -6.799981 6.29995 -0.6
        vertex -4.420208 6.9797916 -0.6
        vertex -4.420208 4.6202083 -0.6
    endloop
endfacet
facet normal 0 0 -1
    outer loop
        vertex 4.4570594 -7.034944 -0.6
        vertex 4.420208 -6.9797916 -0.6
        vertex 6.799981 -6.3000307 -0.6
    endloop
endfacet
facet normal 0 0 1
    outer loop
        vertex 6.799981 -0.000031 0.6
        vertex 6.0119295 -2.7180622 0.6
        vertex 6.02 -2.8000002 0.6
    endloop
endfacet
facet normal 0 -0 1
    outer loop
        vertex 1.000019 6.4000225 0.6
        vertex 4.1429405 7.034944 0.6
        vertex 0.99425775 6.4585514 0.6
    endloop
endfacet
facet normal -0 0 1
    outer loop
        vertex 1.000019 6.4000225 0.6
        vertex 1.000019 6.000023 0.6
        vertex 4.1429405 7.034944 0.6
    endloop
endfacet
facet normal 0 0 1
    outer loop
        vertex 0.99425775 6.4585514 0.6
        vertex 4.1429405 7.034944 0.6
        vertex 4.13 7.1000004 0.6
    endloop
endfacet
facet normal -0 0 1
    outer loop
        vertex 0.9771885 6.5148315 0.6
        vertex 0.99425775 6.4585514 0.6
        vertex 4.13 7.1000004 0.6
    endloop
endfacet
facet normal -0 0 1
    outer loop
        vertex 0.9494674 6.5666995 0.6
        vertex 0.9771885 6.5148315 0.6
        vertex 4.13 7.1000004 0.6
    endloop
endfacet
facet normal 0 0 1
    outer loop
        vertex 4.1429405 7.165056 0.6
        vertex 0.9494674 6.5666995 0.6
        vertex 4.13 7.1000004 0.6
    endloop
endfacet
facet normal 0 0 1
    outer loop
        vertex 4.1429405 7.165056 0.6
        vertex 0.8666995 6.6494746 0.6
        vertex 0.91215986 6.612163 0.6
    endloop
endfacet
facet normal 0 -0 1
    outer loop
        vertex 4.1429405 7.165056 0.6
        vertex 4.179792 7.2202077 0.6
        vertex 0.8666995 6.6494746 0.6
    endloop
endfacet
facet normal 0 -0 0.99999994
    outer loop
        vertex 0.8666995 6.6494746 0.6
        vertex 4.179792 7.2202077 0.6
        vertex 0.8148335 6.6772 0.6
    endloop
endfacet
facet normal 0 -0 0.99999994
    outer loop
        vertex 4.234944 7.257059 0.6
        vertex 5.199987 7.899944 0.6
        vertex 0.75855505 6.6942735 0.6
    endloop
endfacet
facet normal 0 0 1
    outer loop
        vertex -0.7585461 6.694275 0.6
        vertex -5.199987 7.899944 0.6
        vertex -4.234944 7.257059 0.6
    endloop
endfacet
facet normal 0 -0 1
    outer loop
        vertex -0.7585461 6.694275 0.6
        vertex -0.700023 6.70004 0.6
        vertex -5.199987 7.899944 0.6
    endloop
endfacet
facet normal -0 -0 1
    outer loop
        vertex -4.179792 7.2202077 0.6
        vertex -0.7585461 6.694275 0.6
        vertex -4.234944 7.257059 0.6
    endloop
endfacet
facet normal 0 0 1
    outer loop
        vertex -4.179792 7.2202077 0.6
        vertex -0.8148203 6.6772037 0.6
        vertex -0.7585461 6.694275 0.6
    endloop
endfacet
facet normal 0 0 1
    outer loop
        vertex -4.179792 7.2202077 0.6
        vertex -0.866683 6.649483 0.6
        vertex -0.8148203 6.6772037 0.6
    endloop
endfacet
facet normal 0 0 1
    outer loop
        vertex -4.179792 7.2202077 0.6
        vertex -4.1429405 7.165056 0.6
        vertex -0.866683 6.649483 0.6
    endloop
endfacet
facet normal 0 0 1
    outer loop
        vertex -0.866683 6.649483 0.6
        vertex -4.1429405 7.165056 0.6
        vertex -0.9121417 6.6121774 0.6
    endloop
endfacet
facet normal 0 0 1
    outer loop
        vertex -0.9121417 6.6121774 0.6
        vertex -4.1429405 7.165056 0.6
        vertex -0.94944954 6.5667205 0.6
    endloop
endfacet
facet normal 0 0 1
    outer loop
        vertex -4.13 7.1000004 0.6
        vertex -0.99424684 6.4585857 0.6
        vertex -0.977173 6.514859 0.6
    endloop
endfacet
facet normal 0 -0 1
    outer loop
        vertex 0.75855505 6.6942735 0.6
        vertex 5.199987 7.899944 0.6
        vertex 0.700027 6.70004 0.6
    endloop
endfacet
facet normal 0 0 1
    outer loop
        vertex -0.99424684 6.4585857 0.6
        vertex -4.13 7.1000004 0.6
        vertex -4.1429405 7.034944 0.6
    endloop
endfacet
facet normal 0 -0 1
    outer loop
        vertex -1.000015 6.400063 0.6
        vertex -0.99424684 6.4585857 0.6
        vertex -4.1429405 7.034944 0.6
    endloop
endfacet
facet normal 0 -0 1
    outer loop
        vertex -1.000015 5.999996 0.6
        vertex -1.000015 6.400063 0.6
        vertex -4.1429405 7.034944 0.6
    endloop
endfacet
facet normal -0 0 1
    outer loop
        vertex -4.179792 6.9797916 0.6
        vertex -1.000015 5.999996 0.6
        vertex -4.1429405 7.034944 0.6
    endloop
endfacet
facet normal 0 0 1
    outer loop
        vertex -4.179792 6.9797916 0.6
        vertex -4.179792 4.6202083 0.6
        vertex -1.000015 5.999996 0.6
    endloop
endfacet
facet normal 0 0 1
    outer loop
        vertex -4.13 4.5 0.6
        vertex -0.86667705 5.750553 0.6
        vertex -0.9121403 5.7878613 0.6
    endloop
endfacet
facet normal 0 0 1
    outer loop
        vertex -0.9494513 5.833322 0.6
        vertex -4.13 4.5 0.6
        vertex -0.9121403 5.7878613 0.6
    endloop
endfacet
facet normal -0 0 1
    outer loop
        vertex -4.13 4.5 0.6
        vertex -4.1429405 4.434944 0.6
        vertex -0.86667705 5.750553 0.6
    endloop
endfacet
facet normal 0 0 0.99999994
    outer loop
        vertex -0.9494513 5.833322 0.6
        vertex -4.1429405 4.565056 0.6
        vertex -4.13 4.5 0.6
    endloop
endfacet
facet normal 0 0 1
    outer loop
        vertex -0.8148087 5.7228317 0.6
        vertex -4.1429405 4.434944 0.6
        vertex -0.75852877 5.705762 0.6
    endloop
endfacet
facet normal 0 0 1
    outer loop
        vertex 4.299988 1.0500339 0.6
        vertex 0.70000005 5.7 0.6
        vertex -4.299984 1.050016 0.6
    endloop
endfacet
facet normal 0 0 1
    outer loop
        vertex -4.299984 1.050016 0.6
        vertex 0.70000005 5.7 0.6
        vertex -0.70000005 5.7 0.6
    endloop
endfacet
facet normal 0 -0 1
    outer loop
        vertex 4.299988 1.0500339 0.6
        vertex 4.3114076 1.1074319 0.6
        vertex 0.70000005 5.7 0.6
    endloop
endfacet
facet normal -0 0 1
    outer loop
        vertex 0.75853264 5.705762 0.6
        vertex 4.1429405 4.434944 0.6
        vertex 0.8148162 5.722833 0.6
    endloop
endfacet
facet normal 0 0 1
    outer loop
        vertex 0.75853264 5.705762 0.6
        vertex 4.179792 4.3797917 0.6
        vertex 4.1429405 4.434944 0.6
    endloop
endfacet
facet normal 0 0 1
    outer loop
        vertex 4.1429405 4.434944 0.6
        vertex 4.13 4.5 0.6
        vertex 0.8666874 5.7505574 0.6
    endloop
endfacet
facet normal -0 0 0.99999994
    outer loop
        vertex 0.8666874 5.7505574 0.6
        vertex 4.13 4.5 0.6
        vertex 0.9121524 5.7878695 0.6
    endloop
endfacet
facet normal 0 0 1
    outer loop
        vertex -1.000015 5.999996 0.6
        vertex -4.179792 4.6202083 0.6
        vertex -0.9942495 5.941468 0.6
    endloop
endfacet
facet normal 0 0 0.99999994
    outer loop
        vertex 4.1429405 7.165056 0.6
        vertex 0.91215986 6.612163 0.6
        vertex 0.9494674 6.5666995 0.6
    endloop
endfacet
facet normal 0 0 1
    outer loop
        vertex 1.000019 6.000023 0.6
        vertex 0.994258 5.9414907 0.6
        vertex 4.179792 4.6202083 0.6
    endloop
endfacet
facet normal -0 0 1
    outer loop
        vertex 5.681938 2.38807 0.6
        vertex 6.799981 -0.000031 0.6
        vertex 5.760727 2.4119706 0.6
    endloop
endfacet
facet normal 0 0 1
    outer loop
        vertex 4.700016 1.050016 0.6
        vertex 4.700016 -1.049984 0.6
        vertex 6.799981 -0.000031 0.6
    endloop
endfacet
facet normal 0 0 0.99999994
    outer loop
        vertex 5.681938 2.38807 0.6
        vertex 4.700016 1.050016 0.6
        vertex 6.799981 -0.000031 0.6
    endloop
endfacet
facet normal -0 0 1
    outer loop
        vertex 5.6000004 2.38 0.6
        vertex 4.688601 1.1074191 0.6
        vertex 5.681938 2.38807 0.6
    endloop
endfacet
facet normal 0 0 1
    outer loop
        vertex 4.688601 1.1074191 0.6
        vertex 5.6000004 2.38 0.6
        vertex 5.518062 2.38807 0.6
    endloop
endfacet
facet normal -0 0 1
    outer loop
        vertex 4.6560884 1.1560847 0.6
        vertex 4.688601 1.1074191 0.6
        vertex 5.518062 2.38807 0.6
    endloop
endfacet
facet normal 0 0 1
    outer loop
        vertex 5.439273 2.4119706 0.6
        vertex 4.6560884 1.1560847 0.6
        vertex 5.518062 2.38807 0.6
    endloop
endfacet
facet normal 0 0 1
    outer loop
        vertex 5.211971 2.639273 0.6
        vertex 4.392582 1.1886054 0.6
        vertex 4.44998 1.200025 0.6
    endloop
endfacet
facet normal 0 0 1
    outer loop
        vertex 4.179792 4.3797917 0.6
        vertex 4.3439226 1.1560915 0.6
        vertex 4.234944 4.3429403 0.6
    endloop
endfacet
facet normal 0 0 1
    outer loop
        vertex 4.234944 4.3429403 0.6
        vertex 4.3439226 1.1560915 0.6
        vertex 5.1800003 2.8000002 0.6
    endloop
endfacet
facet normal 0 0 1
    outer loop
        vertex 4.299988 -1.049984 0.6
        vertex -4.299984 1.050016 0.6
        vertex -4.299984 -1.049984 0.6
    endloop
endfacet
facet normal 0 -0 1
    outer loop
        vertex 4.299988 -1.049984 0.6
        vertex 4.299988 1.0500339 0.6
        vertex -4.299984 1.050016 0.6
    endloop
endfacet
facet normal 0 0 0.99999994
    outer loop
        vertex 4.3114023 -1.1073942 0.6
        vertex 4.299988 -1.049984 0.6
        vertex -4.299984 -1.049984 0.6
    endloop
endfacet
facet normal 0 0 0.99999994
    outer loop
        vertex 4.1429405 -4.434944 0.6
        vertex 4.179792 -4.3797917 0.6
        vertex 4.3114023 -1.1073942 0.6
    endloop
endfacet
facet normal -0 0 1
    outer loop
        vertex -4.311399 -1.1073952 0.6
        vertex 4.1429405 -4.434944 0.6
        vertex 4.3114023 -1.1073942 0.6
    endloop
endfacet
facet normal 0 0 0.99999994
    outer loop
        vertex 4.234944 -4.3429403 0.6
        vertex 5.1800003 -2.8000002 0.6
        vertex 4.3439207 -1.1560646 0.6
    endloop
endfacet
facet normal 0 0 1
    outer loop
        vertex 4.179792 -4.3797917 0.6
        vertex 4.234944 -4.3429403 0.6
        vertex 4.3439207 -1.1560646 0.6
    endloop
endfacet
facet normal 0 0 1
    outer loop
        vertex 4.3439207 -1.1560646 0.6
        vertex 5.1800003 -2.8000002 0.6
        vertex 4.39259 -1.1885839 0.6
    endloop
endfacet
facet normal 0 0 1
    outer loop
        vertex 4.39259 -1.1885839 0.6
        vertex 5.1800003 -2.8000002 0.6
        vertex 5.1880703 -2.7180622 0.6
    endloop
endfacet
facet normal 0 -0 0.99999994
    outer loop
        vertex 5.1880703 -2.7180622 0.6
        vertex 5.211971 -2.639273 0.6
        vertex 4.39259 -1.1885839 0.6
    endloop
endfacet
facet normal 0 0 1
    outer loop
        vertex 5.3666606 2.4507828 0.6
        vertex 4.6074266 1.1886035 0.6
        vertex 4.6560884 1.1560847 0.6
    endloop
endfacet
facet normal 0 0 1
    outer loop
        vertex 4.3114023 -1.1073942 0.6
        vertex 4.179792 -4.3797917 0.6
        vertex 4.3439207 -1.1560646 0.6
    endloop
endfacet
facet normal 0 0 1
    outer loop
        vertex 5.1880703 2.7180622 0.6
        vertex 5.1800003 2.8000002 0.6
        vertex 4.392582 1.1886054 0.6
    endloop
endfacet
facet normal 0 -0 1
    outer loop
        vertex 4.392582 1.1886054 0.6
        vertex 5.1800003 2.8000002 0.6
        vertex 4.3439226 1.1560915 0.6
    endloop
endfacet
facet normal 0 0 1
    outer loop
        vertex -4.311399 -1.1073952 0.6
        vertex 4.3114023 -1.1073942 0.6
        vertex -4.299984 -1.049984 0.6
    endloop
endfacet
facet normal -0 0 1
    outer loop
        vertex 0.9121524 5.7878695 0.6
        vertex 4.13 4.5 0.6
        vertex 0.9494639 5.833335 0.6
    endloop
endfacet
facet normal 0 0 1
    outer loop
        vertex 4.3114076 1.1074319 0.6
        vertex 4.179792 4.3797917 0.6
        vertex 0.75853264 5.705762 0.6
    endloop
endfacet
facet normal 0 0 1
    outer loop
        vertex -4.3439116 1.1560847 0.6
        vertex -4.179792 4.3797917 0.6
        vertex -4.234944 4.3429403 0.6
    endloop
endfacet
facet normal -0 0 1
    outer loop
        vertex -4.3439116 1.1560847 0.6
        vertex -4.311399 1.1074191 0.6
        vertex -4.179792 4.3797917 0.6
    endloop
endfacet
facet normal 0 0 1
    outer loop
        vertex -4.3925734 1.1886035 0.6
        vertex -5.1800003 2.8000002 0.6
        vertex -5.1880703 2.7180622 0.6
    endloop
endfacet
facet normal -0 -0 1
    outer loop
        vertex -4.3925734 1.1886035 0.6
        vertex -4.3439116 1.1560847 0.6
        vertex -5.1800003 2.8000002 0.6
    endloop
endfacet
facet normal 0 0 1
    outer loop
        vertex -5.1880703 2.7180622 0.6
        vertex -5.211971 2.639273 0.6
        vertex -4.3925734 1.1886035 0.6
    endloop
endfacet
facet normal 0 -0 1
    outer loop
        vertex -4.6074176 1.1886054 0.6
        vertex -4.55002 1.200025 0.6
        vertex -5.303015 2.503015 0.6
    endloop
endfacet
facet normal 0 0 0.99999994
    outer loop
        vertex -0.75852877 5.705762 0.6
        vertex -4.311399 1.1074191 0.6
        vertex -0.70000005 5.7 0.6
    endloop
endfacet
facet normal 0 -0 1
    outer loop
        vertex -5.681938 -2.38807 0.6
        vertex -4.700012 -1.049984 0.6
        vertex -6.799981 -0.000013000001 0.6
    endloop
endfacet
facet normal 0 -0 1
    outer loop
        vertex -5.760727 -2.4119706 0.6
        vertex -5.681938 -2.38807 0.6
        vertex -6.799981 -0.000013000001 0.6
    endloop
endfacet
facet normal 0 -0 1
    outer loop
        vertex -5.6000004 -2.38 0.6
        vertex -4.6885977 -1.1073942 0.6
        vertex -5.681938 -2.38807 0.6
    endloop
endfacet
facet normal -0 0 1
    outer loop
        vertex -6.799981 -0.000013000001 0.6
        vertex -4.700012 -1.049984 0.6
        vertex -4.700012 1.0500339 0.6
    endloop
endfacet
facet normal 0 0 0.99999994
    outer loop
        vertex -4.6885977 -1.1073942 0.6
        vertex -5.6000004 -2.38 0.6
        vertex -5.518062 -2.38807 0.6
    endloop
endfacet
facet normal 0 0 1
    outer loop
        vertex -4.6560793 -1.1560646 0.6
        vertex -4.6885977 -1.1073942 0.6
        vertex -5.518062 -2.38807 0.6
    endloop
endfacet
facet normal 0 0 1
    outer loop
        vertex -4.6885924 1.1074319 0.6
        vertex -5.6000004 2.38 0.6
        vertex -5.681938 2.38807 0.6
    endloop
endfacet
facet normal 0 0 0.99999994
    outer loop
        vertex -5.211971 -2.639273 0.6
        vertex -4.392589 -1.1885849 0.6
        vertex -4.4500003 -1.2 0.6
    endloop
endfacet
facet normal 0 0 1
    outer loop
        vertex -4.179792 -4.3797917 0.6
        vertex -4.343918 -1.156066 0.6
        vertex -4.234944 -4.3429403 0.6
    endloop
endfacet
facet normal -0 0 1
    outer loop
        vertex -5.439273 -2.4119706 0.6
        vertex -5.3666606 -2.4507828 0.6
        vertex -4.6560793 -1.1560646 0.6
    endloop
endfacet
facet normal 0 0 0.99999994
    outer loop
        vertex -5.1800003 -2.8000002 0.6
        vertex -4.343918 -1.156066 0.6
        vertex -4.392589 -1.1885849 0.6
    endloop
endfacet
facet normal 0 -0 1
    outer loop
        vertex -0.700023 6.70004 0.6
        vertex 5.199987 7.899944 0.6
        vertex -5.199987 7.899944 0.6
    endloop
endfacet
facet normal 0 0 0.99999994
    outer loop
        vertex -0.700023 6.70004 0.6
        vertex 0.700027 6.70004 0.6
        vertex 5.199987 7.899944 0.6
    endloop
endfacet
facet normal 0 0 1
    outer loop
        vertex 4.234944 7.257059 0.6
        vertex 4.3 7.27 0.6
        vertex 5.199987 7.899944 0.6
    endloop
endfacet
facet normal -0 0 1
    outer loop
        vertex -4.179792 4.6202083 0.6
        vertex -4.1429405 4.565056 0.6
        vertex -0.9942495 5.941468 0.6
    endloop
endfacet
facet normal 0 0 1
    outer loop
        vertex -4.1429405 4.565056 0.6
        vertex -0.97717625 5.8851886 0.6
        vertex -0.9942495 5.941468 0.6
    endloop
endfacet
facet normal 0 -0 1
    outer loop
        vertex 0.8148335 6.6772 0.6
        vertex 4.179792 7.2202077 0.6
        vertex 0.75855505 6.6942735 0.6
    endloop
endfacet
facet normal -0 0 1
    outer loop
        vertex -4.1429405 4.434944 0.6
        vertex -4.179792 4.3797917 0.6
        vertex -0.75852877 5.705762 0.6
    endloop
endfacet
facet normal 0 -0 1
    outer loop
        vertex 4.234944 4.6570597 0.6
        vertex 4.234944 6.9429407 0.6
        vertex 4.179792 4.6202083 0.6
    endloop
endfacet
facet normal 0 0 1
    outer loop
        vertex 4.179792 4.6202083 0.6
        vertex 4.234944 6.9429407 0.6
        vertex 4.179792 6.9797916 0.6
    endloop
endfacet
facet normal 0 0 0.99999994
    outer loop
        vertex 4.1429405 7.034944 0.6
        vertex 1.000019 6.000023 0.6
        vertex 4.179792 6.9797916 0.6
    endloop
endfacet
facet normal 0 0 1
    outer loop
        vertex 4.234944 6.9429407 0.6
        vertex 4.234944 4.6570597 0.6
        vertex 4.3 6.9300003 0.6
    endloop
endfacet
facet normal -0 0 1
    outer loop
        vertex 4.3 6.9300003 0.6
        vertex 4.3 4.67 0.6
        vertex 4.365056 6.9429407 0.6
    endloop
endfacet
facet normal 0 0 1
    outer loop
        vertex 6.769233 6.612109 0.6
        vertex 4.4570594 7.034944 0.6
        vertex 6.792274 6.4567947 0.6
    endloop
endfacet
facet normal 0 0 1
    outer loop
        vertex 6.792274 6.4567947 0.6
        vertex 4.4570594 7.034944 0.6
        vertex 6.799981 6.2999687 0.6
    endloop
endfacet
facet normal 0 0 1
    outer loop
        vertex 6.769233 6.612109 0.6
        vertex 6.73108 6.7644176 0.6
        vertex 4.4570594 7.034944 0.6
    endloop
endfacet
facet normal 0 0 1
    outer loop
        vertex 6.799981 6.2999687 0.6
        vertex 4.4570594 7.034944 0.6
        vertex 4.420208 6.9797916 0.6
    endloop
endfacet
facet normal 0 0 0.99999994
    outer loop
        vertex 6.2150044 7.536765 0.6
        vertex 4.4570594 7.034944 0.6
        vertex 6.3313456 7.4313216 0.6
    endloop
endfacet
facet normal 0 0 1
    outer loop
        vertex 6.3313456 7.4313216 0.6
        vertex 4.4570594 7.034944 0.6
        vertex 6.4367905 7.3149824 0.6
    endloop
endfacet
facet normal -0 0 1
    outer loop
        vertex 4.365056 6.9429407 0.6
        vertex 4.365056 4.6570597 0.6
        vertex 4.420208 6.9797916 0.6
    endloop
endfacet
facet normal -0 0 0.99999994
    outer loop
        vertex 1.000019 6.000023 0.6
        vertex 4.179792 4.6202083 0.6
        vertex 4.179792 6.9797916 0.6
    endloop
endfacet
facet normal 0 0 1
    outer loop
        vertex -4.365056 7.257059 0.6
        vertex -5.199987 7.899944 0.6
        vertex -4.420208 7.2202077 0.6
    endloop
endfacet
facet normal 0 -0 1
    outer loop
        vertex -4.365056 7.257059 0.6
        vertex -4.3 7.27 0.6
        vertex -5.199987 7.899944 0.6
    endloop
endfacet
facet normal 0 0 1
    outer loop
        vertex -4.420208 7.2202077 0.6
        vertex -5.199987 7.899944 0.6
        vertex -4.4570594 7.165056 0.6
    endloop
endfacet
facet normal 0 0 0.99999994
    outer loop
        vertex -4.4570594 7.165056 0.6
        vertex -5.199987 7.899944 0.6
        vertex -4.4700003 7.1000004 0.6
    endloop
endfacet
facet normal -0 0 1
    outer loop
        vertex -5.3568134 7.892239 0.6
        vertex -4.4700003 7.1000004 0.6
        vertex -5.199987 7.899944 0.6
    endloop
endfacet
facet normal -0 0 1
    outer loop
        vertex -6.088895 7.630295 0.6
        vertex -4.4570594 7.034944 0.6
        vertex -5.954218 7.711017 0.6
    endloop
endfacet
facet normal -0 0 1
    outer loop
        vertex -5.954218 7.711017 0.6
        vertex -4.4570594 7.034944 0.6
        vertex -5.8122773 7.7781496 0.6
    endloop
endfacet
facet normal 0 0 1
    outer loop
        vertex -6.5303316 7.1888576 0.6
        vertex -6.6110535 7.0541806 0.6
        vertex -4.4570594 7.034944 0.6
    endloop
endfacet
facet normal 0 -0 1
    outer loop
        vertex -4.365056 4.6570597 0.6
        vertex -4.365056 6.9429407 0.6
        vertex -4.420208 4.6202083 0.6
    endloop
endfacet
facet normal 0 0 1
    outer loop
        vertex -4.420208 4.6202083 0.6
        vertex -4.365056 6.9429407 0.6
        vertex -4.420208 6.9797916 0.6
    endloop
endfacet
facet normal 0 -0 1
    outer loop
        vertex -4.3 4.67 0.6
        vertex -4.3 6.9300003 0.6
        vertex -4.365056 4.6570597 0.6
    endloop
endfacet
facet normal 0 0 1
    outer loop
        vertex -4.365056 4.6570597 0.6
        vertex -4.3 6.9300003 0.6
        vertex -4.365056 6.9429407 0.6
    endloop
endfacet
facet normal -0 0 1
    outer loop
        vertex -4.3 6.9300003 0.6
        vertex -4.3 4.67 0.6
        vertex -4.234944 6.9429407 0.6
    endloop
endfacet
facet normal 0 0 1
    outer loop
        vertex 4.234944 4.6570597 0.6
        vertex 4.3 4.67 0.6
        vertex 4.3 6.9300003 0.6
    endloop
endfacet
facet normal -0 -0 1
    outer loop
        vertex -4.13 7.1000004 0.6
        vertex -0.94944954 6.5667205 0.6
        vertex -4.1429405 7.165056 0.6
    endloop
endfacet
facet normal 0 0 1
    outer loop
        vertex -4.13 7.1000004 0.6
        vertex -0.977173 6.514859 0.6
        vertex -0.94944954 6.5667205 0.6
    endloop
endfacet
facet normal 0 0 1
    outer loop
        vertex -4.311399 1.1074191 0.6
        vertex -0.75852877 5.705762 0.6
        vertex -4.179792 4.3797917 0.6
    endloop
endfacet
facet normal 0 0 1
    outer loop
        vertex -5.51213 7.8691998 0.6
        vertex -5.66444 7.8310475 0.6
        vertex -4.4700003 7.1000004 0.6
    endloop
endfacet
facet normal -0 0 1
    outer loop
        vertex 4.4500003 -1.2 0.6
        vertex 5.250783 -2.5666606 0.6
        vertex 4.5499997 -1.2 0.6
    endloop
endfacet
facet normal 0 0 1
    outer loop
        vertex 4.234944 -4.3429403 0.6
        vertex 4.3 -4.33 0.6
        vertex 5.1880703 -2.8819377 0.6
    endloop
endfacet
facet normal 0 0 1
    outer loop
        vertex 4.4500003 -1.2 0.6
        vertex 4.39259 -1.1885839 0.6
        vertex 5.211971 -2.639273 0.6
    endloop
endfacet
facet normal 0 0 1
    outer loop
        vertex 5.250783 -2.5666606 0.6
        vertex 4.4500003 -1.2 0.6
        vertex 5.211971 -2.639273 0.6
    endloop
endfacet
facet normal 0 0 1
    outer loop
        vertex 4.13 -4.5 0.6
        vertex -4.1429405 -4.434944 0.6
        vertex -4.13 -4.5 0.6
    endloop
endfacet
facet normal 0 0 1
    outer loop
        vertex 5.303015 -2.503015 0.6
        vertex 4.5499997 -1.2 0.6
        vertex 5.250783 -2.5666606 0.6
    endloop
endfacet
facet normal -0 0 1
    outer loop
        vertex -4.13 -4.5 0.6
        vertex 4.1429405 -4.565056 0.6
        vertex 4.13 -4.5 0.6
    endloop
endfacet
facet normal -0 0 1
    outer loop
        vertex -4.1429405 -4.565056 0.6
        vertex 4.1429405 -7.034944 0.6
        vertex 4.1429405 -4.565056 0.6
    endloop
endfacet
facet normal 0 -0 1
    outer loop
        vertex 4.234944 -6.9429407 0.6
        vertex 4.234944 -4.6570597 0.6
        vertex 4.179792 -6.9797916 0.6
    endloop
endfacet
facet normal 0 0 1
    outer loop
        vertex 4.179792 -6.9797916 0.6
        vertex 4.234944 -4.6570597 0.6
        vertex 4.179792 -4.6202083 0.6
    endloop
endfacet
facet normal 0 0 1
    outer loop
        vertex 4.1429405 -4.565056 0.6
        vertex 4.1429405 -7.034944 0.6
        vertex 4.179792 -4.6202083 0.6
    endloop
endfacet
facet normal 0 0 1
    outer loop
        vertex 4.234944 -4.6570597 0.6
        vertex 4.234944 -6.9429407 0.6
        vertex 4.3 -4.67 0.6
    endloop
endfacet
facet normal -0 0 1
    outer loop
        vertex 4.3 -4.67 0.6
        vertex 4.3 -6.9300003 0.6
        vertex 4.365056 -4.6570597 0.6
    endloop
endfacet
facet normal -0 0 1
    outer loop
        vertex 4.4700003 -4.5 0.6
        vertex 6.799981 -6.3000307 0.6
        vertex 5.681938 -3.2119296 0.6
    endloop
endfacet
facet normal 0 0 0.99999994
    outer loop
        vertex 4.4700003 -4.5 0.6
        vertex 4.4570594 -4.565056 0.6
        vertex 6.799981 -6.3000307 0.6
    endloop
endfacet
facet normal 0 0 1
    outer loop
        vertex 5.518062 -3.2119296 0.6
        vertex 4.4570594 -4.434944 0.6
        vertex 5.6000004 -3.22 0.6
    endloop
endfacet
facet normal 0 0 1
    outer loop
        vertex 5.6000004 -3.22 0.6
        vertex 4.4570594 -4.434944 0.6
        vertex 4.4700003 -4.5 0.6
    endloop
endfacet
facet normal 0 0 1
    outer loop
        vertex 5.518062 -3.2119296 0.6
        vertex 5.439273 -3.1880293 0.6
        vertex 4.4570594 -4.434944 0.6
    endloop
endfacet
facet normal 0 0 1
    outer loop
        vertex 4.1429405 -7.034944 0.6
        vertex 4.179792 -6.9797916 0.6
        vertex 4.179792 -4.6202083 0.6
    endloop
endfacet
facet normal 0 0 1
    outer loop
        vertex 4.234944 -4.3429403 0.6
        vertex 5.1880703 -2.8819377 0.6
        vertex 5.1800003 -2.8000002 0.6
    endloop
endfacet
facet normal 0 0 1
    outer loop
        vertex -4.365056 -4.3429403 0.6
        vertex -5.303015 -3.0969849 0.6
        vertex -4.420208 -4.3797917 0.6
    endloop
endfacet
facet normal 0 -0 1
    outer loop
        vertex -4.365056 -4.3429403 0.6
        vertex -4.3 -4.33 0.6
        vertex -5.250783 -3.0333395 0.6
    endloop
endfacet
facet normal 0 0 1
    outer loop
        vertex -4.420208 -4.3797917 0.6
        vertex -5.303015 -3.0969849 0.6
        vertex -5.3666606 -3.1492174 0.6
    endloop
endfacet
facet normal 0 -0 1
    outer loop
        vertex -4.4570594 -4.434944 0.6
        vertex -4.420208 -4.3797917 0.6
        vertex -5.439273 -3.1880293 0.6
    endloop
endfacet
facet normal 0 0 1
    outer loop
        vertex -5.518062 -3.2119296 0.6
        vertex -5.6000004 -3.22 0.6
        vertex -4.4570594 -4.434944 0.6
    endloop
endfacet
facet normal 0 0 1
    outer loop
        vertex -4.420208 -4.6202083 0.6
        vertex -6.799981 -6.2999763 0.6
        vertex -4.420208 -6.9797916 0.6
    endloop
endfacet
facet normal 0 0 1
    outer loop
        vertex -4.420208 -4.6202083 0.6
        vertex -4.4570594 -4.565056 0.6
        vertex -6.799981 -6.2999763 0.6
    endloop
endfacet
facet normal 0 0 1
    outer loop
        vertex -4.365056 -4.6570597 0.6
        vertex -4.420208 -4.6202083 0.6
        vertex -4.420208 -6.9797916 0.6
    endloop
endfacet
facet normal 0 -0 1
    outer loop
        vertex -4.3 -6.9300003 0.6
        vertex -4.3 -4.67 0.6
        vertex -4.365056 -6.9429407 0.6
    endloop
endfacet
facet normal 0 0 1
    outer loop
        vertex -4.365056 -6.9429407 0.6
        vertex -4.3 -4.67 0.6
        vertex -4.365056 -4.6570597 0.6
    endloop
endfacet
facet normal 0 0 1
    outer loop
        vertex -4.3 -6.9300003 0.6
        vertex -4.234944 -4.6570597 0.6
        vertex -4.3 -4.67 0.6
    endloop
endfacet
facet normal 0 0 1
    outer loop
        vertex 4.234944 -6.9429407 0.6
        vertex 4.3 -6.9300003 0.6
        vertex 4.3 -4.67 0.6
    endloop
endfacet
facet normal 0 0 1
    outer loop
        vertex 4.420208 -4.6202083 0.6
        vertex 4.365056 -4.6570597 0.6
        vertex 4.365056 -6.9429407 0.6
    endloop
endfacet
facet normal 0 -0 1
    outer loop
        vertex 4.13 -4.5 0.6
        vertex 4.1429405 -4.434944 0.6
        vertex -4.1429405 -4.434944 0.6
    endloop
endfacet
facet normal 0 0 1
    outer loop
        vertex 4.607411 -1.1885849 0.6
        vertex 4.5499997 -1.2 0.6
        vertex 5.303015 -2.503015 0.6
    endloop
endfacet
facet normal 0 0 1
    outer loop
        vertex 4.1429405 -7.034944 0.6
        vertex -4.1429405 -4.565056 0.6
        vertex -4.1429405 -7.034944 0.6
    endloop
endfacet
facet normal 0 -0 1
    outer loop
        vertex 4.420208 4.6202083 0.6
        vertex 4.420208 6.9797916 0.6
        vertex 4.365056 4.6570597 0.6
    endloop
endfacet
facet normal 0 0 1
    outer loop
        vertex 4.420208 4.6202083 0.6
        vertex 6.799981 6.2999687 0.6
        vertex 4.420208 6.9797916 0.6
    endloop
endfacet
facet normal 0 0 0.99999994
    outer loop
        vertex -0.9494513 5.833322 0.6
        vertex -0.97717625 5.8851886 0.6
        vertex -4.1429405 4.565056 0.6
    endloop
endfacet
facet normal 0 0 1
    outer loop
        vertex 0.75855505 6.6942735 0.6
        vertex 4.179792 7.2202077 0.6
        vertex 4.234944 7.257059 0.6
    endloop
endfacet
facet normal 0 0 1
    outer loop
        vertex -0.70000005 5.7 0.6
        vertex -4.311399 1.1074191 0.6
        vertex -4.299984 1.050016 0.6
    endloop
endfacet
facet normal -0 0 1
    outer loop
        vertex -5.51213 7.8691998 0.6
        vertex -4.4700003 7.1000004 0.6
        vertex -5.3568134 7.892239 0.6
    endloop
endfacet
facet normal 0 0 1
    outer loop
        vertex 4.1429405 4.565056 0.6
        vertex 0.994258 5.9414907 0.6
        vertex 0.97718763 5.8852067 0.6
    endloop
endfacet
facet normal -0 -0 1
    outer loop
        vertex -4.449975 1.200025 0.6
        vertex -4.3925734 1.1886035 0.6
        vertex -5.211971 2.639273 0.6
    endloop
endfacet
facet normal 0 0 1
    outer loop
        vertex 5.1880703 2.8819377 0.6
        vertex 4.234944 4.3429403 0.6
        vertex 5.1800003 2.8000002 0.6
    endloop
endfacet
facet normal 0 0 1
    outer loop
        vertex 4.1429405 4.434944 0.6
        vertex 0.8666874 5.7505574 0.6
        vertex 0.8148162 5.722833 0.6
    endloop
endfacet
facet normal 0 0 1
    outer loop
        vertex 5.1880703 2.8819377 0.6
        vertex 4.3 4.33 0.6
        vertex 4.234944 4.3429403 0.6
    endloop
endfacet
facet normal 0 -0 1
    outer loop
        vertex 5.1880703 2.8819377 0.6
        vertex 5.211971 2.960727 0.6
        vertex 4.3 4.33 0.6
    endloop
endfacet
facet normal 0 0 1
    outer loop
        vertex 0.97718763 5.8852067 0.6
        vertex 0.9494639 5.833335 0.6
        vertex 4.1429405 4.565056 0.6
    endloop
endfacet
facet normal -0 0 1
    outer loop
        vertex -5.250783 2.5666606 0.6
        vertex -4.449975 1.200025 0.6
        vertex -5.211971 2.639273 0.6
    endloop
endfacet
facet normal 0 0 1
    outer loop
        vertex 4.365056 4.3429403 0.6
        vertex 4.3 4.33 0.6
        vertex 5.250783 3.0333395 0.6
    endloop
endfacet
facet normal 0 0 1
    outer loop
        vertex 5.6000004 3.22 0.6
        vertex 4.4700003 4.5 0.6
        vertex 4.4570594 4.434944 0.6
    endloop
endfacet
facet normal 0 -0 1
    outer loop
        vertex 5.518062 3.2119296 0.6
        vertex 5.6000004 3.22 0.6
        vertex 4.4570594 4.434944 0.6
    endloop
endfacet
facet normal -0 0 0.99999994
    outer loop
        vertex 4.420208 4.6202083 0.6
        vertex 4.4570594 4.565056 0.6
        vertex 6.799981 6.2999687 0.6
    endloop
endfacet
facet normal 0 0 1
    outer loop
        vertex 6.6110477 7.0541925 0.6
        vertex 4.4570594 7.034944 0.6
        vertex 6.6781816 6.912254 0.6
    endloop
endfacet
facet normal 0 0 1
    outer loop
        vertex -4.234944 4.3429403 0.6
        vertex -5.1800003 2.8000002 0.6
        vertex -4.3439116 1.1560847 0.6
    endloop
endfacet
facet normal 0 0 1
    outer loop
        vertex -4.179792 6.9797916 0.6
        vertex -4.234944 6.9429407 0.6
        vertex -4.234944 4.6570597 0.6
    endloop
endfacet
facet normal 0 -0 1
    outer loop
        vertex -4.179792 4.6202083 0.6
        vertex -4.179792 6.9797916 0.6
        vertex -4.234944 4.6570597 0.6
    endloop
endfacet
facet normal 0 0 1
    outer loop
        vertex -4.420208 4.6202083 0.6
        vertex -6.799981 6.29995 0.6
        vertex -4.4570594 4.565056 0.6
    endloop
endfacet
facet normal 0 0 1
    outer loop
        vertex -4.4570594 4.565056 0.6
        vertex -6.799981 6.29995 0.6
        vertex -4.4700003 4.5 0.6
    endloop
endfacet
facet normal 0 -0 1
    outer loop
        vertex -5.681938 3.2119296 0.6
        vertex -4.4700003 4.5 0.6
        vertex -6.799981 6.29995 0.6
    endloop
endfacet
facet normal 0 -0 1
    outer loop
        vertex -5.518062 3.2119296 0.6
        vertex -4.4570594 4.434944 0.6
        vertex -5.6000004 3.22 0.6
    endloop
endfacet
facet normal 0 0 1
    outer loop
        vertex -5.681938 3.2119296 0.6
        vertex -5.6000004 3.22 0.6
        vertex -4.4700003 4.5 0.6
    endloop
endfacet
facet normal 0 0 1
    outer loop
        vertex -4.4570594 4.434944 0.6
        vertex -5.439273 3.1880293 0.6
        vertex -4.420208 4.3797917 0.6
    endloop
endfacet
facet normal 0 0 1
    outer loop
        vertex -4.420208 4.3797917 0.6
        vertex -5.3666606 3.1492174 0.6
        vertex -5.303015 3.0969849 0.6
    endloop
endfacet
facet normal 0 0 0.99999994
    outer loop
        vertex -4.55002 1.200025 0.6
        vertex -5.250783 2.5666606 0.6
        vertex -5.303015 2.503015 0.6
    endloop
endfacet
facet normal 0 -0 1
    outer loop
        vertex -4.55002 1.200025 0.6
        vertex -4.449975 1.200025 0.6
        vertex -5.250783 2.5666606 0.6
    endloop
endfacet
facet normal 0 0 1
    outer loop
        vertex 4.179792 4.3797917 0.6
        vertex 4.3114076 1.1074319 0.6
        vertex 4.3439226 1.1560915 0.6
    endloop
endfacet
facet normal 0 0 1
    outer loop
        vertex 5.250783 3.0333395 0.6
        vertex 4.3 4.33 0.6
        vertex 5.211971 2.960727 0.6
    endloop
endfacet
facet normal -0 0 1
    outer loop
        vertex -5.3666606 2.4507828 0.6
        vertex -4.6074176 1.1886054 0.6
        vertex -5.303015 2.503015 0.6
    endloop
endfacet
facet normal 0 0 1
    outer loop
        vertex 4.420208 4.3797917 0.6
        vertex 5.3666606 3.1492174 0.6
        vertex 5.439273 3.1880293 0.6
    endloop
endfacet
facet normal 0 0 1
    outer loop
        vertex -4.365056 4.3429403 0.6
        vertex -5.303015 3.0969849 0.6
        vertex -5.250783 3.0333395 0.6
    endloop
endfacet
facet normal 0 -0 1
    outer loop
        vertex -5.1800003 2.8000002 0.6
        vertex -4.234944 4.3429403 0.6
        vertex -5.1880703 2.8819377 0.6
    endloop
endfacet
facet normal 0 0 1
    outer loop
        vertex 4.3 -4.33 0.6
        vertex 5.250783 -3.0333395 0.6
        vertex 5.211971 -2.960727 0.6
    endloop
endfacet
facet normal 0 0 1
    outer loop
        vertex 4.420208 -6.9797916 0.6
        vertex 6.799981 -6.3000307 0.6
        vertex 4.420208 -4.6202083 0.6
    endloop
endfacet
facet normal 0 0 1
    outer loop
        vertex 4.1429405 -4.565056 0.6
        vertex -4.13 -4.5 0.6
        vertex -4.1429405 -4.565056 0.6
    endloop
endfacet
facet normal 0 0 1
    outer loop
        vertex 4.607411 -1.1885849 0.6
        vertex 5.303015 -2.503015 0.6
        vertex 5.3666606 -2.4507828 0.6
    endloop
endfacet
facet normal 0 0 1
    outer loop
        vertex 4.13 -7.1000004 0.6
        vertex -4.1429405 -7.034944 0.6
        vertex -4.13 -7.1000004 0.6
    endloop
endfacet
facet normal 0 0 1
    outer loop
        vertex 5.1880703 -2.8819377 0.6
        vertex 4.3 -4.33 0.6
        vertex 5.211971 -2.960727 0.6
    endloop
endfacet
facet normal -0 0 1
    outer loop
        vertex -4.13 -7.1000004 0.6
        vertex 4.1429405 -7.165056 0.6
        vertex 4.13 -7.1000004 0.6
    endloop
endfacet
facet normal -0 0 1
    outer loop
        vertex -4.1429405 -7.165056 0.6
        vertex 4.179792 -7.2202077 0.6
        vertex 4.1429405 -7.165056 0.6
    endloop
endfacet
facet normal -0 0 1
    outer loop
        vertex 4.3 -7.27 0.6
        vertex 5.2000003 -7.9000006 0.6
        vertex 4.365056 -7.257059 0.6
    endloop
endfacet
facet normal 0 0 1
    outer loop
        vertex 4.3 -7.27 0.6
        vertex 4.234944 -7.257059 0.6
        vertex 5.2000003 -7.9000006 0.6
    endloop
endfacet
facet normal -0 0 1
    outer loop
        vertex 4.365056 -7.257059 0.6
        vertex 5.2000003 -7.9000006 0.6
        vertex 4.420208 -7.2202077 0.6
    endloop
endfacet
facet normal 0 0 1
    outer loop
        vertex -5.2000003 -7.9000006 0.6
        vertex 4.234944 -7.257059 0.6
        vertex -4.234944 -7.257059 0.6
    endloop
endfacet
facet normal -0 0 0.99999994
    outer loop
        vertex 4.420208 -7.2202077 0.6
        vertex 5.2000003 -7.9000006 0.6
        vertex 4.4570594 -7.165056 0.6
    endloop
endfacet
facet normal 0 0 1
    outer loop
        vertex 4.4700003 -7.1000004 0.6
        vertex 5.2000003 -7.9000006 0.6
        vertex 5.3568244 -7.8922944 0.6
    endloop
endfacet
facet normal 0 0 1
    outer loop
        vertex -4.1429405 -7.165056 0.6
        vertex -4.179792 -7.2202077 0.6
        vertex 4.179792 -7.2202077 0.6
    endloop
endfacet
facet normal 0 0 1
    outer loop
        vertex 6.0888934 -7.630351 0.6
        vertex 4.4570594 -7.034944 0.6
        vertex 5.954219 -7.7110724 0.6
    endloop
endfacet
facet normal 0 0 1
    outer loop
        vertex 5.954219 -7.7110724 0.6
        vertex 4.4570594 -7.034944 0.6
        vertex 5.8122807 -7.778205 0.6
    endloop
endfacet
facet normal 0 -0 1
    outer loop
        vertex 6.530326 -7.188923 0.6
        vertex 6.6110477 -7.0542483 0.6
        vertex 4.4570594 -7.034944 0.6
    endloop
endfacet
facet normal 0 -0 0.99999994
    outer loop
        vertex 5.3568244 -7.8922944 0.6
        vertex 5.512138 -7.869254 0.6
        vertex 4.4700003 -7.1000004 0.6
    endloop
endfacet
facet normal -0 0 1
    outer loop
        vertex 4.365056 -6.9429407 0.6
        vertex 4.420208 -6.9797916 0.6
        vertex 4.420208 -4.6202083 0.6
    endloop
endfacet
facet normal 0 -0 1
    outer loop
        vertex 5.512138 -7.869254 0.6
        vertex 5.664446 -7.831102 0.6
        vertex 4.4700003 -7.1000004 0.6
    endloop
endfacet
facet normal 0 -0 1
    outer loop
        vertex -4.234944 -6.9429407 0.6
        vertex -4.234944 -4.6570597 0.6
        vertex -4.3 -6.9300003 0.6
    endloop
endfacet
facet normal 0 -0 1
    outer loop
        vertex -4.179792 -6.9797916 0.6
        vertex -4.179792 -4.6202083 0.6
        vertex -4.234944 -6.9429407 0.6
    endloop
endfacet
facet normal 0 0 1
    outer loop
        vertex -4.420208 -6.9797916 0.6
        vertex -6.799981 -6.2999763 0.6
        vertex -4.4570594 -7.034944 0.6
    endloop
endfacet
facet normal 0 0 1
    outer loop
        vertex -4.4570594 -7.034944 0.6
        vertex -6.799981 -6.2999763 0.6
        vertex -6.792279 -6.4568033 0.6
    endloop
endfacet
facet normal -0 -0 1
    outer loop
        vertex -6.731092 -6.7644334 0.6
        vertex -4.4570594 -7.034944 0.6
        vertex -6.7692423 -6.612121 0.6
    endloop
endfacet
facet normal -0 0 1
    outer loop
        vertex -5.954234 -7.711064 0.6
        vertex -5.812293 -7.7781997 0.6
        vertex -4.4570594 -7.034944 0.6
    endloop
endfacet
facet normal 0 0 1
    outer loop
        vertex -4.4700003 -7.1000004 0.6
        vertex -5.2000003 -7.9000006 0.6
        vertex -4.4570594 -7.165056 0.6
    endloop
endfacet
facet normal 0 0 1
    outer loop
        vertex -4.3 -7.27 0.6
        vertex -4.365056 -7.257059 0.6
        vertex -5.2000003 -7.9000006 0.6
    endloop
endfacet
facet normal 0 0 1
    outer loop
        vertex 4.234944 -7.257059 0.6
        vertex -5.2000003 -7.9000006 0.6
        vertex 5.2000003 -7.9000006 0.6
    endloop
endfacet
facet normal -0 0 0.99999994
    outer loop
        vertex 4.4570594 -7.165056 0.6
        vertex 5.2000003 -7.9000006 0.6
        vertex 4.4700003 -7.1000004 0.6
    endloop
endfacet
facet normal 0 0 1
    outer loop
        vertex 4.234944 -7.257059 0.6
        vertex -4.179792 -7.2202077 0.6
        vertex -4.234944 -7.257059 0.6
    endloop
endfacet
facet normal 0 0 1
    outer loop
        vertex 4.234944 -7.257059 0.6
        vertex 4.179792 -7.2202077 0.6
        vertex -4.179792 -7.2202077 0.6
    endloop
endfacet
facet normal 0 0 1
    outer loop
        vertex -4.1429405 -7.165056 0.6
        vertex 4.1429405 -7.165056 0.6
        vertex -4.13 -7.1000004 0.6
    endloop
endfacet
facet normal 0 0 1
    outer loop
        vertex -5.681938 -3.2119296 0.6
        vertex -4.4700003 -4.5 0.6
        vertex -5.6000004 -3.22 0.6
    endloop
endfacet
facet normal 0 0 1
    outer loop
        vertex -4.234944 -7.257059 0.6
        vertex -4.3 -7.27 0.6
        vertex -5.2000003 -7.9000006 0.6
    endloop
endfacet
facet normal 0 0 1
    outer loop
        vertex -4.3 -4.33 0.6
        vertex -5.1880703 -2.8819377 0.6
        vertex -5.211971 -2.960727 0.6
    endloop
endfacet
facet normal -0 0 1
    outer loop
        vertex -4.1429405 -7.034944 0.6
        vertex 4.13 -7.1000004 0.6
        vertex 4.1429405 -7.034944 0.6
    endloop
endfacet
facet normal 0 0 1
    outer loop
        vertex 6.799981 6.2999687 0.6
        vertex 4.4700003 4.5 0.6
        vertex 5.681938 3.2119296 0.6
    endloop
endfacet
facet normal 0 0 1
    outer loop
        vertex 6.799981 6.2999687 0.6
        vertex 4.4570594 4.565056 0.6
        vertex 4.4700003 4.5 0.6
    endloop
endfacet
facet normal 0 0 1
    outer loop
        vertex 6.6781816 6.912254 0.6
        vertex 4.4570594 7.034944 0.6
        vertex 6.73108 6.7644176 0.6
    endloop
endfacet
facet normal -0 -0 1
    outer loop
        vertex 5.6000004 3.22 0.6
        vertex 5.681938 3.2119296 0.6
        vertex 4.4700003 4.5 0.6
    endloop
endfacet
facet normal 0 0 1
    outer loop
        vertex 5.518062 3.2119296 0.6
        vertex 4.4570594 4.434944 0.6
        vertex 5.439273 3.1880293 0.6
    endloop
endfacet
facet normal 0 0 1
    outer loop
        vertex -0.86667705 5.750553 0.6
        vertex -4.1429405 4.434944 0.6
        vertex -0.8148087 5.7228317 0.6
    endloop
endfacet
facet normal 0 0 1
    outer loop
        vertex -4.234944 7.257059 0.6
        vertex -5.199987 7.899944 0.6
        vertex -4.3 7.27 0.6
    endloop
endfacet
facet normal 0 -0 1
    outer loop
        vertex -4.6560774 1.1560915 0.6
        vertex -4.6074176 1.1886054 0.6
        vertex -5.3666606 2.4507828 0.6
    endloop
endfacet
facet normal 0 0 1
    outer loop
        vertex 4.179792 4.6202083 0.6
        vertex 0.994258 5.9414907 0.6
        vertex 4.1429405 4.565056 0.6
    endloop
endfacet
facet normal 0 0 1
    outer loop
        vertex 4.3114076 1.1074319 0.6
        vertex 0.75853264 5.705762 0.6
        vertex 0.70000005 5.7 0.6
    endloop
endfacet
facet normal 0 0 1
    outer loop
        vertex 4.4570594 4.434944 0.6
        vertex 4.420208 4.3797917 0.6
        vertex 5.439273 3.1880293 0.6
    endloop
endfacet
facet normal 0 0 1
    outer loop
        vertex 5.3666606 3.1492174 0.6
        vertex 4.420208 4.3797917 0.6
        vertex 5.303015 3.0969849 0.6
    endloop
endfacet
facet normal -0 0 1
    outer loop
        vertex -5.439273 2.4119706 0.6
        vertex -4.6560774 1.1560915 0.6
        vertex -5.3666606 2.4507828 0.6
    endloop
endfacet
facet normal 0 -0 1
    outer loop
        vertex 4.13 4.5 0.6
        vertex 4.1429405 4.565056 0.6
        vertex 0.9494639 5.833335 0.6
    endloop
endfacet
facet normal 0 0 1
    outer loop
        vertex 4.44998 1.200025 0.6
        vertex 4.550025 1.200025 0.6
        vertex 5.250783 2.5666606 0.6
    endloop
endfacet
facet normal 0 -0 1
    outer loop
        vertex 5.518062 -2.38807 0.6
        vertex 5.6000004 -2.38 0.6
        vertex 4.688601 -1.1073952 0.6
    endloop
endfacet
facet normal -0 -0 1
    outer loop
        vertex 5.6000004 -2.38 0.6
        vertex 5.681938 -2.38807 0.6
        vertex 4.688601 -1.1073952 0.6
    endloop
endfacet
facet normal 0 0 1
    outer loop
        vertex 5.303015 2.503015 0.6
        vertex 5.250783 2.5666606 0.6
        vertex 4.550025 1.200025 0.6
    endloop
endfacet
facet normal 0 -0 1
    outer loop
        vertex 5.439273 -2.4119706 0.6
        vertex 5.518062 -2.38807 0.6
        vertex 4.656082 -1.156066 0.6
    endloop
endfacet
facet normal 0 0 1
    outer loop
        vertex 4.700016 -1.049984 0.6
        vertex 4.688601 -1.1073952 0.6
        vertex 5.681938 -2.38807 0.6
    endloop
endfacet
facet normal 0 0 1
    outer loop
        vertex 5.303015 2.503015 0.6
        vertex 4.550025 1.200025 0.6
        vertex 4.6074266 1.1886035 0.6
    endloop
endfacet
facet normal 0 0 1
    outer loop
        vertex 6.799981 -0.000031 0.6
        vertex 5.681938 -2.38807 0.6
        vertex 5.760727 -2.4119706 0.6
    endloop
endfacet
facet normal 0 -0 1
    outer loop
        vertex 5.681938 -2.38807 0.6
        vertex 6.799981 -0.000031 0.6
        vertex 4.700016 -1.049984 0.6
    endloop
endfacet
facet normal 0 0 1
    outer loop
        vertex 6.02 2.8000002 0.6
        vertex 6.0119295 2.7180622 0.6
        vertex 6.799981 -0.000031 0.6
    endloop
endfacet
facet normal 0 0 1
    outer loop
        vertex 6.799981 6.2999687 0.6
        vertex 6.02 2.8000002 0.6
        vertex 6.799981 -0.000031 0.6
    endloop
endfacet
facet normal 0 -0 1
    outer loop
        vertex 6.0119295 2.8819377 0.6
        vertex 6.799981 6.2999687 0.6
        vertex 5.9880295 2.960727 0.6
    endloop
endfacet
facet normal 0 -0 0.99999994
    outer loop
        vertex 5.9880295 2.960727 0.6
        vertex 6.799981 6.2999687 0.6
        vertex 5.949217 3.0333395 0.6
    endloop
endfacet
facet normal 0 -0 1
    outer loop
        vertex 5.949217 3.0333395 0.6
        vertex 6.799981 6.2999687 0.6
        vertex 5.8969846 3.0969849 0.6
    endloop
endfacet
facet normal 0 -0 1
    outer loop
        vertex 5.8969846 3.0969849 0.6
        vertex 6.799981 6.2999687 0.6
        vertex 5.833339 3.1492174 0.6
    endloop
endfacet
facet normal 0 -0 1
    outer loop
        vertex 5.833339 3.1492174 0.6
        vertex 6.799981 6.2999687 0.6
        vertex 5.760727 3.1880293 0.6
    endloop
endfacet
facet normal 0 -0 1
    outer loop
        vertex 5.760727 3.1880293 0.6
        vertex 6.799981 6.2999687 0.6
        vertex 5.681938 3.2119296 0.6
    endloop
endfacet
facet normal 0 0 1
    outer loop
        vertex 6.799981 -0.000031 0.6
        vertex 6.0119295 2.7180622 0.6
        vertex 5.9880295 2.639273 0.6
    endloop
endfacet
facet normal 0 0 0.99999994
    outer loop
        vertex 5.439273 2.4119706 0.6
        vertex 5.3666606 2.4507828 0.6
        vertex 4.6560884 1.1560847 0.6
    endloop
endfacet
facet normal 0 0 1
    outer loop
        vertex 5.681938 2.38807 0.6
        vertex 4.688601 1.1074191 0.6
        vertex 4.700016 1.050016 0.6
    endloop
endfacet
facet normal 0 0 0.99999994
    outer loop
        vertex 6.799981 -0.000031 0.6
        vertex 5.833339 -2.4507828 0.6
        vertex 5.8969846 -2.503015 0.6
    endloop
endfacet
facet normal 0 0 1
    outer loop
        vertex 6.799981 -0.000031 0.6
        vertex 5.8969846 2.503015 0.6
        vertex 5.833339 2.4507828 0.6
    endloop
endfacet
facet normal 0 0 1
    outer loop
        vertex 6.799981 -0.000031 0.6
        vertex 5.833339 2.4507828 0.6
        vertex 5.760727 2.4119706 0.6
    endloop
endfacet
facet normal 0 0 1
    outer loop
        vertex 5.1880703 2.7180622 0.6
        vertex 4.392582 1.1886054 0.6
        vertex 5.211971 2.639273 0.6
    endloop
endfacet
facet normal 0 -0 1
    outer loop
        vertex 5.833339 -2.4507828 0.6
        vertex 6.799981 -0.000031 0.6
        vertex 5.760727 -2.4119706 0.6
    endloop
endfacet
facet normal -0 0 1
    outer loop
        vertex 4.607411 -1.1885849 0.6
        vertex 5.3666606 -2.4507828 0.6
        vertex 4.656082 -1.156066 0.6
    endloop
endfacet
facet normal -0 0 1
    outer loop
        vertex -4.343918 -1.156066 0.6
        vertex -4.179792 -4.3797917 0.6
        vertex -4.311399 -1.1073952 0.6
    endloop
endfacet
facet normal -0 0 1
    outer loop
        vertex -5.1880703 -2.8819377 0.6
        vertex -4.234944 -4.3429403 0.6
        vertex -5.1800003 -2.8000002 0.6
    endloop
endfacet
facet normal 0 0 1
    outer loop
        vertex -4.234944 -4.3429403 0.6
        vertex -4.343918 -1.156066 0.6
        vertex -5.1800003 -2.8000002 0.6
    endloop
endfacet
facet normal -0 -0 1
    outer loop
        vertex -4.3 -4.33 0.6
        vertex -4.234944 -4.3429403 0.6
        vertex -5.1880703 -2.8819377 0.6
    endloop
endfacet
facet normal 0 0 1
    outer loop
        vertex -5.250783 -3.0333395 0.6
        vertex -5.303015 -3.0969849 0.6
        vertex -4.365056 -4.3429403 0.6
    endloop
endfacet
facet normal 0 0 1
    outer loop
        vertex -4.3 -4.33 0.6
        vertex -5.211971 -2.960727 0.6
        vertex -5.250783 -3.0333395 0.6
    endloop
endfacet
facet normal 0 -0 1
    outer loop
        vertex 4.365056 -4.3429403 0.6
        vertex 5.250783 -3.0333395 0.6
        vertex 4.3 -4.33 0.6
    endloop
endfacet
facet normal 0 0 1
    outer loop
        vertex 5.3666606 -3.1492174 0.6
        vertex 4.420208 -4.3797917 0.6
        vertex 5.439273 -3.1880293 0.6
    endloop
endfacet
facet normal 0 0 1
    outer loop
        vertex 6.799981 -6.3000307 0.6
        vertex 4.4570594 -4.565056 0.6
        vertex 4.420208 -4.6202083 0.6
    endloop
endfacet
facet normal 0 0 1
    outer loop
        vertex 5.439273 -3.1880293 0.6
        vertex 4.420208 -4.3797917 0.6
        vertex 4.4570594 -4.434944 0.6
    endloop
endfacet
facet normal 0 0 1
    outer loop
        vertex 5.760727 -3.1880293 0.6
        vertex 5.681938 -3.2119296 0.6
        vertex 6.799981 -6.3000307 0.6
    endloop
endfacet
facet normal 0 0 1
    outer loop
        vertex 4.365056 -4.3429403 0.6
        vertex 5.303015 -3.0969849 0.6
        vertex 5.250783 -3.0333395 0.6
    endloop
endfacet
facet normal 0 0 1
    outer loop
        vertex 6.799981 -6.3000307 0.6
        vertex 5.833339 -3.1492174 0.6
        vertex 5.760727 -3.1880293 0.6
    endloop
endfacet
facet normal 0 0 1
    outer loop
        vertex 6.799981 -6.3000307 0.6
        vertex 5.8969846 -3.0969849 0.6
        vertex 5.833339 -3.1492174 0.6
    endloop
endfacet
facet normal 0 0 1
    outer loop
        vertex 6.799981 -6.3000307 0.6
        vertex 5.949217 -3.0333395 0.6
        vertex 5.8969846 -3.0969849 0.6
    endloop
endfacet
facet normal -0 0 1
    outer loop
        vertex 6.0119295 -2.8819377 0.6
        vertex 6.799981 -6.3000307 0.6
        vertex 6.02 -2.8000002 0.6
    endloop
endfacet
facet normal 0 0 1
    outer loop
        vertex 6.0119295 -2.8819377 0.6
        vertex 5.9880295 -2.960727 0.6
        vertex 6.799981 -6.3000307 0.6
    endloop
endfacet
facet normal 0 0 1
    outer loop
        vertex 5.303015 3.0969849 0.6
        vertex 4.420208 4.3797917 0.6
        vertex 4.365056 4.3429403 0.6
    endloop
endfacet
facet normal 0 0 1
    outer loop
        vertex 6.799981 -0.000031 0.6
        vertex 5.9880295 -2.639273 0.6
        vertex 6.0119295 -2.7180622 0.6
    endloop
endfacet
facet normal 0 0 1
    outer loop
        vertex 6.799981 -0.000031 0.6
        vertex 5.9880295 2.639273 0.6
        vertex 5.949217 2.5666606 0.6
    endloop
endfacet
facet normal 0 -0 1
    outer loop
        vertex 5.9880295 -2.639273 0.6
        vertex 6.799981 -0.000031 0.6
        vertex 5.949217 -2.5666606 0.6
    endloop
endfacet
facet normal -0 0 1
    outer loop
        vertex 5.8969846 2.503015 0.6
        vertex 6.799981 -0.000031 0.6
        vertex 5.949217 2.5666606 0.6
    endloop
endfacet
facet normal -0 0 1
    outer loop
        vertex 5.8969846 -2.503015 0.6
        vertex 5.949217 -2.5666606 0.6
        vertex 6.799981 -0.000031 0.6
    endloop
endfacet
facet normal 0 0 1
    outer loop
        vertex -4.1429405 -4.565056 0.6
        vertex -4.179792 -6.9797916 0.6
        vertex -4.1429405 -7.034944 0.6
    endloop
endfacet
facet normal 0 0 1
    outer loop
        vertex 5.211971 2.639273 0.6
        vertex 4.44998 1.200025 0.6
        vertex 5.250783 2.5666606 0.6
    endloop
endfacet
facet normal 0 0 1
    outer loop
        vertex -5.681938 3.2119296 0.6
        vertex -6.799981 6.29995 0.6
        vertex -5.760727 3.1880293 0.6
    endloop
endfacet
facet normal 0 -0 1
    outer loop
        vertex -5.439273 3.1880293 0.6
        vertex -4.4570594 4.434944 0.6
        vertex -5.518062 3.2119296 0.6
    endloop
endfacet
facet normal 0 0 1
    outer loop
        vertex -5.760727 3.1880293 0.6
        vertex -6.799981 6.29995 0.6
        vertex -5.833339 3.1492174 0.6
    endloop
endfacet
facet normal 0 0 1
    outer loop
        vertex -5.833339 3.1492174 0.6
        vertex -6.799981 6.29995 0.6
        vertex -5.8969846 3.0969849 0.6
    endloop
endfacet
facet normal 0 0 0.99999994
    outer loop
        vertex -5.8969846 3.0969849 0.6
        vertex -6.799981 6.29995 0.6
        vertex -5.949217 3.0333395 0.6
    endloop
endfacet
facet normal 0 0 1
    outer loop
        vertex -5.949217 3.0333395 0.6
        vertex -6.799981 6.29995 0.6
        vertex -5.9880295 2.960727 0.6
    endloop
endfacet
facet normal 0 -0 1
    outer loop
        vertex -6.0119295 2.8819377 0.6
        vertex -5.9880295 2.960727 0.6
        vertex -6.799981 6.29995 0.6
    endloop
endfacet
facet normal 0 -0 0.99999994
    outer loop
        vertex -6.02 2.8000002 0.6
        vertex -6.0119295 2.8819377 0.6
        vertex -6.799981 6.29995 0.6
    endloop
endfacet
facet normal 0 0 1
    outer loop
        vertex -5.9880295 2.639273 0.6
        vertex -6.0119295 2.7180622 0.6
        vertex -6.799981 -0.000013000001 0.6
    endloop
endfacet
facet normal 0 0 1
    outer loop
        vertex -6.799981 -0.000013000001 0.6
        vertex -6.0119295 2.7180622 0.6
        vertex -6.02 2.8000002 0.6
    endloop
endfacet
facet normal 0 -0 0.99999994
    outer loop
        vertex -5.949217 -2.5666606 0.6
        vertex -5.8969846 -2.503015 0.6
        vertex -6.799981 -0.000013000001 0.6
    endloop
endfacet
facet normal 0 0 1
    outer loop
        vertex -6.799981 -0.000013000001 0.6
        vertex -5.949217 2.5666606 0.6
        vertex -5.9880295 2.639273 0.6
    endloop
endfacet
facet normal 0 0 1
    outer loop
        vertex -6.799981 -0.000013000001 0.6
        vertex -5.8969846 -2.503015 0.6
        vertex -5.833339 -2.4507828 0.6
    endloop
endfacet
facet normal 0 0 1
    outer loop
        vertex -5.949217 2.5666606 0.6
        vertex -6.799981 -0.000013000001 0.6
        vertex -5.8969846 2.503015 0.6
    endloop
endfacet
facet normal 0 0 1
    outer loop
        vertex -5.760727 -2.4119706 0.6
        vertex -6.799981 -0.000013000001 0.6
        vertex -5.833339 -2.4507828 0.6
    endloop
endfacet
facet normal 0 0 1
    outer loop
        vertex -5.681938 -2.38807 0.6
        vertex -4.6885977 -1.1073942 0.6
        vertex -4.700012 -1.049984 0.6
    endloop
endfacet
facet normal 0 0 1
    outer loop
        vertex -6.799981 -0.000013000001 0.6
        vertex -6.02 2.8000002 0.6
        vertex -6.799981 6.29995 0.6
    endloop
endfacet
facet normal 0 0 1
    outer loop
        vertex -4.60741 -1.1885839 0.6
        vertex -4.6560793 -1.1560646 0.6
        vertex -5.3666606 -2.4507828 0.6
    endloop
endfacet
facet normal 0 0 1
    outer loop
        vertex -4.60741 -1.1885839 0.6
        vertex -5.3666606 -2.4507828 0.6
        vertex -5.303015 -2.503015 0.6
    endloop
endfacet
facet normal 0 0 0.99999994
    outer loop
        vertex -6.799981 -0.000013000001 0.6
        vertex -4.700012 1.0500339 0.6
        vertex -5.681938 2.38807 0.6
    endloop
endfacet
facet normal 0 0 1
    outer loop
        vertex -4.60741 -1.1885839 0.6
        vertex -5.303015 -2.503015 0.6
        vertex -4.5499997 -1.2 0.6
    endloop
endfacet
facet normal 0 0 1
    outer loop
        vertex -4.4500003 -1.2 0.6
        vertex -4.5499997 -1.2 0.6
        vertex -5.250783 -2.5666606 0.6
    endloop
endfacet
facet normal 0 0 1
    outer loop
        vertex 5.3666606 2.4507828 0.6
        vertex 5.303015 2.503015 0.6
        vertex 4.6074266 1.1886035 0.6
    endloop
endfacet
facet normal 0 0 1
    outer loop
        vertex 4.688601 -1.1073952 0.6
        vertex 4.656082 -1.156066 0.6
        vertex 5.518062 -2.38807 0.6
    endloop
endfacet
facet normal 0 0 1
    outer loop
        vertex 4.656082 -1.156066 0.6
        vertex 5.3666606 -2.4507828 0.6
        vertex 5.439273 -2.4119706 0.6
    endloop
endfacet
facet normal 0 -0 1
    outer loop
        vertex 5.250783 3.0333395 0.6
        vertex 5.303015 3.0969849 0.6
        vertex 4.365056 4.3429403 0.6
    endloop
endfacet
facet normal 0 0 1
    outer loop
        vertex -4.234944 6.9429407 0.6
        vertex -4.3 4.67 0.6
        vertex -4.234944 4.6570597 0.6
    endloop
endfacet
facet normal 0 0 1
    outer loop
        vertex -5.1880703 2.8819377 0.6
        vertex -4.234944 4.3429403 0.6
        vertex -4.3 4.33 0.6
    endloop
endfacet
facet normal 0 0 1
    outer loop
        vertex -4.3 4.33 0.6
        vertex -5.211971 2.960727 0.6
        vertex -5.1880703 2.8819377 0.6
    endloop
endfacet
facet normal 0 0 1
    outer loop
        vertex -4.3 4.33 0.6
        vertex -5.250783 3.0333395 0.6
        vertex -5.211971 2.960727 0.6
    endloop
endfacet
facet normal 0 0 1
    outer loop
        vertex -5.760727 2.4119706 0.6
        vertex -6.799981 -0.000013000001 0.6
        vertex -5.681938 2.38807 0.6
    endloop
endfacet
facet normal 0 -0 1
    outer loop
        vertex -5.3666606 3.1492174 0.6
        vertex -4.420208 4.3797917 0.6
        vertex -5.439273 3.1880293 0.6
    endloop
endfacet
facet normal -0 0 1
    outer loop
        vertex -5.6000004 2.38 0.6
        vertex -4.6885924 1.1074319 0.6
        vertex -5.518062 2.38807 0.6
    endloop
endfacet
facet normal -0 0 1
    outer loop
        vertex -5.250783 -2.5666606 0.6
        vertex -5.211971 -2.639273 0.6
        vertex -4.4500003 -1.2 0.6
    endloop
endfacet
facet normal 0 0 0.99999994
    outer loop
        vertex -5.681938 2.38807 0.6
        vertex -4.700012 1.0500339 0.6
        vertex -4.6885924 1.1074319 0.6
    endloop
endfacet
facet normal 0 0 1
    outer loop
        vertex -4.5499997 -1.2 0.6
        vertex -5.303015 -2.503015 0.6
        vertex -5.250783 -2.5666606 0.6
    endloop
endfacet
facet normal 0 0 1
    outer loop
        vertex -5.833339 2.4507828 0.6
        vertex -6.799981 -0.000013000001 0.6
        vertex -5.760727 2.4119706 0.6
    endloop
endfacet
facet normal 0 0 1
    outer loop
        vertex -4.6560793 -1.1560646 0.6
        vertex -5.518062 -2.38807 0.6
        vertex -5.439273 -2.4119706 0.6
    endloop
endfacet
facet normal 0 0 1
    outer loop
        vertex -5.8969846 2.503015 0.6
        vertex -6.799981 -0.000013000001 0.6
        vertex -5.833339 2.4507828 0.6
    endloop
endfacet
facet normal 0 0 1
    outer loop
        vertex -6.799981 -6.2999763 0.6
        vertex -6.02 -2.8000002 0.6
        vertex -6.799981 -0.000013000001 0.6
    endloop
endfacet
facet normal 0 0 1
    outer loop
        vertex -6.799981 -0.000013000001 0.6
        vertex -6.0119295 -2.7180622 0.6
        vertex -5.9880295 -2.639273 0.6
    endloop
endfacet
facet normal 0 0 1
    outer loop
        vertex -6.0119295 -2.8819377 0.6
        vertex -6.799981 -6.2999763 0.6
        vertex -5.9880295 -2.960727 0.6
    endloop
endfacet
facet normal 0 0 1
    outer loop
        vertex -5.9880295 -2.960727 0.6
        vertex -6.799981 -6.2999763 0.6
        vertex -5.949217 -3.0333395 0.6
    endloop
endfacet
facet normal 0 0 1
    outer loop
        vertex -5.949217 -3.0333395 0.6
        vertex -6.799981 -6.2999763 0.6
        vertex -5.8969846 -3.0969849 0.6
    endloop
endfacet
facet normal 0 0 1
    outer loop
        vertex -5.8969846 -3.0969849 0.6
        vertex -6.799981 -6.2999763 0.6
        vertex -5.833339 -3.1492174 0.6
    endloop
endfacet
facet normal 0 0 1
    outer loop
        vertex -5.833339 -3.1492174 0.6
        vertex -6.799981 -6.2999763 0.6
        vertex -5.760727 -3.1880293 0.6
    endloop
endfacet
facet normal 0 0 1
    outer loop
        vertex -5.760727 -3.1880293 0.6
        vertex -6.799981 -6.2999763 0.6
        vertex -5.681938 -3.2119296 0.6
    endloop
endfacet
facet normal 0 0 1
    outer loop
        vertex -5.949217 -2.5666606 0.6
        vertex -6.799981 -0.000013000001 0.6
        vertex -5.9880295 -2.639273 0.6
    endloop
endfacet
facet normal 0 0 1
    outer loop
        vertex -4.420208 -6.9797916 0.6
        vertex -4.365056 -6.9429407 0.6
        vertex -4.365056 -4.6570597 0.6
    endloop
endfacet
facet normal 0 0 1
    outer loop
        vertex -6.799981 -6.2999763 0.6
        vertex -4.4570594 -4.565056 0.6
        vertex -4.4700003 -4.5 0.6
    endloop
endfacet
facet normal 0 0 1
    outer loop
        vertex -4.234944 -6.9429407 0.6
        vertex -4.179792 -4.6202083 0.6
        vertex -4.234944 -4.6570597 0.6
    endloop
endfacet
facet normal 0 0 1
    outer loop
        vertex -6.792279 -6.4568033 0.6
        vertex -6.7692423 -6.612121 0.6
        vertex -4.4570594 -7.034944 0.6
    endloop
endfacet
facet normal 0 0 1
    outer loop
        vertex -6.799981 -6.2999763 0.6
        vertex -4.4700003 -4.5 0.6
        vertex -5.681938 -3.2119296 0.6
    endloop
endfacet
facet normal 0 -0 1
    outer loop
        vertex -4.4700003 -4.5 0.6
        vertex -4.4570594 -4.434944 0.6
        vertex -5.6000004 -3.22 0.6
    endloop
endfacet
facet normal 0 0 1
    outer loop
        vertex -5.3666606 -3.1492174 0.6
        vertex -5.439273 -3.1880293 0.6
        vertex -4.420208 -4.3797917 0.6
    endloop
endfacet
facet normal 0 0 1
    outer loop
        vertex -4.1429405 -4.565056 0.6
        vertex -4.179792 -4.6202083 0.6
        vertex -4.179792 -6.9797916 0.6
    endloop
endfacet
facet normal 0 0 1
    outer loop
        vertex 6.799981 -0.000031 0.6
        vertex 6.02 -2.8000002 0.6
        vertex 6.799981 -6.3000307 0.6
    endloop
endfacet
facet normal 0 0 1
    outer loop
        vertex 4.420208 -4.3797917 0.6
        vertex 5.3666606 -3.1492174 0.6
        vertex 5.303015 -3.0969849 0.6
    endloop
endfacet
facet normal 0 -0 1
    outer loop
        vertex 4.420208 -4.3797917 0.6
        vertex 5.303015 -3.0969849 0.6
        vertex 4.365056 -4.3429403 0.6
    endloop
endfacet
facet normal -0 0 1
    outer loop
        vertex 5.949217 -3.0333395 0.6
        vertex 6.799981 -6.3000307 0.6
        vertex 5.9880295 -2.960727 0.6
    endloop
endfacet
facet normal 0 0 1
    outer loop
        vertex -4.365056 4.3429403 0.6
        vertex -5.250783 3.0333395 0.6
        vertex -4.3 4.33 0.6
    endloop
endfacet
facet normal 0 0 1
    outer loop
        vertex -4.311399 -1.1073952 0.6
        vertex -4.1429405 -4.434944 0.6
        vertex 4.1429405 -4.434944 0.6
    endloop
endfacet
facet normal 0 0 1
    outer loop
        vertex -5.303015 3.0969849 0.6
        vertex -4.365056 4.3429403 0.6
        vertex -4.420208 4.3797917 0.6
    endloop
endfacet
facet normal -0 0 0.99999994
    outer loop
        vertex -5.1880703 -2.7180622 0.6
        vertex -5.1800003 -2.8000002 0.6
        vertex -4.392589 -1.1885849 0.6
    endloop
endfacet
facet normal 0 0 1
    outer loop
        vertex -4.6560774 1.1560915 0.6
        vertex -5.439273 2.4119706 0.6
        vertex -5.518062 2.38807 0.6
    endloop
endfacet
facet normal 0 0 1
    outer loop
        vertex -5.6000004 3.22 0.6
        vertex -4.4570594 4.434944 0.6
        vertex -4.4700003 4.5 0.6
    endloop
endfacet
facet normal 0 0 1
    outer loop
        vertex -6.731092 -6.7644334 0.6
        vertex -6.678197 -6.9122725 0.6
        vertex -4.4570594 -7.034944 0.6
    endloop
endfacet
facet normal 0 0 1
    outer loop
        vertex -5.2000003 -7.9000006 0.6
        vertex -4.365056 -7.257059 0.6
        vertex -4.420208 -7.2202077 0.6
    endloop
endfacet
facet normal 0 0 1
    outer loop
        vertex -4.4570594 -7.165056 0.6
        vertex -5.2000003 -7.9000006 0.6
        vertex -4.420208 -7.2202077 0.6
    endloop
endfacet
facet normal 0 0 1
    outer loop
        vertex -4.4700003 -7.1000004 0.6
        vertex -5.3568277 -7.8922935 0.6
        vertex -5.2000003 -7.9000006 0.6
    endloop
endfacet
facet normal 0 0 1
    outer loop
        vertex -4.4700003 -7.1000004 0.6
        vertex -5.5121446 -7.8692527 0.6
        vertex -5.3568277 -7.8922935 0.6
    endloop
endfacet
facet normal 0 0 1
    outer loop
        vertex -4.4700003 -7.1000004 0.6
        vertex -5.6644554 -7.831099 0.6
        vertex -5.5121446 -7.8692527 0.6
    endloop
endfacet
facet normal 0 0 1
    outer loop
        vertex -4.4700003 -7.1000004 0.6
        vertex -5.812293 -7.7781997 0.6
        vertex -5.6644554 -7.831099 0.6
    endloop
endfacet
facet normal 0 -0 1
    outer loop
        vertex -4.4700003 -7.1000004 0.6
        vertex -4.4570594 -7.034944 0.6
        vertex -5.812293 -7.7781997 0.6
    endloop
endfacet
facet normal 0 0 0.99999994
    outer loop
        vertex -4.4570594 -7.034944 0.6
        vertex -6.0889106 -7.63034 0.6
        vertex -5.954234 -7.711064 0.6
    endloop
endfacet
facet normal -0 0 0.99999994
    outer loop
        vertex -6.331367 -7.431356 0.6
        vertex -6.2150264 -7.5368032 0.6
        vertex -4.4570594 -7.034944 0.6
    endloop
endfacet
facet normal 0 0 1
    outer loop
        vertex -4.4570594 -7.034944 0.6
        vertex -6.2150264 -7.5368032 0.6
        vertex -6.0889106 -7.63034 0.6
    endloop
endfacet
facet normal -0 0 1
    outer loop
        vertex -6.4368114 -7.315012 0.6
        vertex -6.331367 -7.431356 0.6
        vertex -4.4570594 -7.034944 0.6
    endloop
endfacet
facet normal -0 0 1
    outer loop
        vertex -6.5303445 -7.188894 0.6
        vertex -6.4368114 -7.315012 0.6
        vertex -4.4570594 -7.034944 0.6
    endloop
endfacet
facet normal -0 0 0.99999994
    outer loop
        vertex -6.6110654 -7.054215 0.6
        vertex -6.5303445 -7.188894 0.6
        vertex -4.4570594 -7.034944 0.6
    endloop
endfacet
facet normal 0 0 1
    outer loop
        vertex -6.678197 -6.9122725 0.6
        vertex -6.6110654 -7.054215 0.6
        vertex -4.4570594 -7.034944 0.6
    endloop
endfacet
facet normal -0 -0 1
    outer loop
        vertex -4.179792 -4.3797917 0.6
        vertex -4.1429405 -4.434944 0.6
        vertex -4.311399 -1.1073952 0.6
    endloop
endfacet
facet normal 0 0 0.99999994
    outer loop
        vertex -4.4570594 -4.434944 0.6
        vertex -5.439273 -3.1880293 0.6
        vertex -5.518062 -3.2119296 0.6
    endloop
endfacet
facet normal 0 0 1
    outer loop
        vertex -6.799981 -0.000013000001 0.6
        vertex -6.02 -2.8000002 0.6
        vertex -6.0119295 -2.7180622 0.6
    endloop
endfacet
facet normal 0 0 0.99999994
    outer loop
        vertex -6.799981 -6.2999763 0.6
        vertex -6.0119295 -2.8819377 0.6
        vertex -6.02 -2.8000002 0.6
    endloop
endfacet
facet normal 0 -0 1
    outer loop
        vertex -5.1880703 -2.7180622 0.6
        vertex -4.392589 -1.1885849 0.6
        vertex -5.211971 -2.639273 0.6
    endloop
endfacet
facet normal 0 0 1
    outer loop
        vertex -6.799981 6.29995 0.6
        vertex -4.420208 6.9797916 0.6
        vertex -4.4570594 7.034944 0.6
    endloop
endfacet
facet normal -0 0 1
    outer loop
        vertex -6.7922764 6.4567766 0.6
        vertex -6.799981 6.29995 0.6
        vertex -4.4570594 7.034944 0.6
    endloop
endfacet
facet normal -0 0 1
    outer loop
        vertex -6.769237 6.612093 0.6
        vertex -6.7922764 6.4567766 0.6
        vertex -4.4570594 7.034944 0.6
    endloop
endfacet
facet normal -0 0 1
    outer loop
        vertex -6.731085 6.764403 0.6
        vertex -6.769237 6.612093 0.6
        vertex -4.4570594 7.034944 0.6
    endloop
endfacet
facet normal 0 0 1
    outer loop
        vertex -6.678187 6.9122405 0.6
        vertex -4.4570594 7.034944 0.6
        vertex -6.6110535 7.0541806 0.6
    endloop
endfacet
facet normal 0 0 0.99999994
    outer loop
        vertex -4.4570594 7.034944 0.6
        vertex -6.436797 7.314974 0.6
        vertex -6.5303316 7.1888576 0.6
    endloop
endfacet
facet normal 0 0 0.99999994
    outer loop
        vertex -6.215011 7.53676 0.6
        vertex -6.331352 7.431315 0.6
        vertex -4.4570594 7.034944 0.6
    endloop
endfacet
facet normal 0 0 1
    outer loop
        vertex -4.4570594 7.034944 0.6
        vertex -6.331352 7.431315 0.6
        vertex -6.436797 7.314974 0.6
    endloop
endfacet
facet normal 0 0 1
    outer loop
        vertex -6.088895 7.630295 0.6
        vertex -6.215011 7.53676 0.6
        vertex -4.4570594 7.034944 0.6
    endloop
endfacet
facet normal 0 0 0.99999994
    outer loop
        vertex -5.8122773 7.7781496 0.6
        vertex -4.4570594 7.034944 0.6
        vertex -4.4700003 7.1000004 0.6
    endloop
endfacet
facet normal 0 0 1
    outer loop
        vertex -6.731085 6.764403 0.6
        vertex -4.4570594 7.034944 0.6
        vertex -6.678187 6.9122405 0.6
    endloop
endfacet
facet normal 0 0 1
    outer loop
        vertex -4.4700003 7.1000004 0.6
        vertex -5.66444 7.8310475 0.6
        vertex -5.8122773 7.7781496 0.6
    endloop
endfacet
facet normal 0 0 1
    outer loop
        vertex 6.6110477 7.0541925 0.6
        vertex 6.530325 7.1888676 0.6
        vertex 4.4570594 7.034944 0.6
    endloop
endfacet
facet normal 0 -0 1
    outer loop
        vertex 4.420208 7.2202077 0.6
        vertex 5.199987 7.899944 0.6
        vertex 4.365056 7.257059 0.6
    endloop
endfacet
facet normal -0 0 1
    outer loop
        vertex 4.420208 7.2202077 0.6
        vertex 4.4570594 7.165056 0.6
        vertex 5.199987 7.899944 0.6
    endloop
endfacet
facet normal 0 0 0.99999994
    outer loop
        vertex 5.199987 7.899944 0.6
        vertex 4.4570594 7.165056 0.6
        vertex 4.4700003 7.1000004 0.6
    endloop
endfacet
facet normal 0 0 1
    outer loop
        vertex 5.3568125 7.892239 0.6
        vertex 5.199987 7.899944 0.6
        vertex 4.4700003 7.1000004 0.6
    endloop
endfacet
facet normal 0 0 1
    outer loop
        vertex 5.512128 7.8691998 0.6
        vertex 5.3568125 7.892239 0.6
        vertex 4.4700003 7.1000004 0.6
    endloop
endfacet
facet normal 0 0 1
    outer loop
        vertex 5.6644363 7.831048 0.6
        vertex 5.512128 7.8691998 0.6
        vertex 4.4700003 7.1000004 0.6
    endloop
endfacet
facet normal 0 0 1
    outer loop
        vertex 5.812273 7.778152 0.6
        vertex 5.6644363 7.831048 0.6
        vertex 4.4700003 7.1000004 0.6
    endloop
endfacet
facet normal 0 0 1
    outer loop
        vertex 4.4570594 7.034944 0.6
        vertex 5.812273 7.778152 0.6
        vertex 4.4700003 7.1000004 0.6
    endloop
endfacet
facet normal 0 0 1
    outer loop
        vertex 6.0888886 7.630298 0.6
        vertex 5.9542127 7.71102 0.6
        vertex 4.4570594 7.034944 0.6
    endloop
endfacet
facet normal 0 0 0.99999994
    outer loop
        vertex 4.4570594 7.034944 0.6
        vertex 5.9542127 7.71102 0.6
        vertex 5.812273 7.778152 0.6
    endloop
endfacet
facet normal 0 0 1
    outer loop
        vertex 6.2150044 7.536765 0.6
        vertex 6.0888886 7.630298 0.6
        vertex 4.4570594 7.034944 0.6
    endloop
endfacet
facet normal -0 0 1
    outer loop
        vertex 4.3 4.67 0.6
        vertex 4.365056 4.6570597 0.6
        vertex 4.365056 6.9429407 0.6
    endloop
endfacet
facet normal 0 0 1
    outer loop
        vertex 6.4367905 7.3149824 0.6
        vertex 4.4570594 7.034944 0.6
        vertex 6.530325 7.1888676 0.6
    endloop
endfacet
facet normal 0 0 1
    outer loop
        vertex 5.199987 7.899944 0.6
        vertex 4.3 7.27 0.6
        vertex 4.365056 7.257059 0.6
    endloop
endfacet
facet normal 0 -0 1
    outer loop
        vertex -4.6885924 1.1074319 0.6
        vertex -4.6560774 1.1560915 0.6
        vertex -5.518062 2.38807 0.6
    endloop
endfacet
facet normal 0 0 0.99999994
    outer loop
        vertex 6.799981 6.2999687 0.6
        vertex 6.0119295 2.8819377 0.6
        vertex 6.02 2.8000002 0.6
    endloop
endfacet
facet normal 0 -0 1
    outer loop
        vertex 4.365056 -6.9429407 0.6
        vertex 4.365056 -4.6570597 0.6
        vertex 4.3 -6.9300003 0.6
    endloop
endfacet
facet normal 0 0 1
    outer loop
        vertex 4.4700003 -7.1000004 0.6
        vertex 5.664446 -7.831102 0.6
        vertex 5.8122807 -7.778205 0.6
    endloop
endfacet
facet normal 0 0 1
    outer loop
        vertex 5.681938 -3.2119296 0.6
        vertex 5.6000004 -3.22 0.6
        vertex 4.4700003 -4.5 0.6
    endloop
endfacet
facet normal 0 0 1
    outer loop
        vertex 6.799981 -6.3000307 0.6
        vertex 4.4570594 -7.034944 0.6
        vertex 6.792274 -6.456855 0.6
    endloop
endfacet
facet normal 0 0 1
    outer loop
        vertex 6.792274 -6.456855 0.6
        vertex 4.4570594 -7.034944 0.6
        vertex 6.7692323 -6.612169 0.6
    endloop
endfacet
facet normal 0 0 1
    outer loop
        vertex 6.7692323 -6.612169 0.6
        vertex 4.4570594 -7.034944 0.6
        vertex 6.7310796 -6.764476 0.6
    endloop
endfacet
facet normal 0 0 1
    outer loop
        vertex 6.7310796 -6.764476 0.6
        vertex 4.4570594 -7.034944 0.6
        vertex 6.678181 -6.9123106 0.6
    endloop
endfacet
facet normal 0 0 1
    outer loop
        vertex 6.678181 -6.9123106 0.6
        vertex 4.4570594 -7.034944 0.6
        vertex 6.6110477 -7.0542483 0.6
    endloop
endfacet
facet normal 0 0 1
    outer loop
        vertex 4.4570594 -7.034944 0.6
        vertex 6.436792 -7.315037 0.6
        vertex 6.530326 -7.188923 0.6
    endloop
endfacet
facet normal 0 -0 1
    outer loop
        vertex 6.215008 -7.536819 0.6
        vertex 6.3313475 -7.431375 0.6
        vertex 4.4570594 -7.034944 0.6
    endloop
endfacet
facet normal 0 0 1
    outer loop
        vertex 4.4570594 -7.034944 0.6
        vertex 6.3313475 -7.431375 0.6
        vertex 6.436792 -7.315037 0.6
    endloop
endfacet
facet normal 0 -0 1
    outer loop
        vertex 6.0888934 -7.630351 0.6
        vertex 6.215008 -7.536819 0.6
        vertex 4.4570594 -7.034944 0.6
    endloop
endfacet
facet normal 0 0 1
    outer loop
        vertex 5.8122807 -7.778205 0.6
        vertex 4.4570594 -7.034944 0.6
        vertex 4.4700003 -7.1000004 0.6
    endloop
endfacet
facet normal -0 0 1
    outer loop
        vertex -6.799981 6.29995 0.6
        vertex -4.420208 4.6202083 0.6
        vertex -4.420208 6.9797916 0.6
    endloop
endfacet
facet normal 0 -0 1
    outer loop
        vertex 4.4570594 -7.034944 0.6
        vertex 6.799981 -6.3000307 0.6
        vertex 4.420208 -6.9797916 0.6
    endloop
endfacet
facet normal 0.99518543 -0.09800991 0
    outer loop
        vertex -5.820677 -2.7561047 -0.6
        vertex -5.820677 -2.7561047 0.2
        vertex -5.825 -2.8000002 -0.6
    endloop
endfacet
facet normal 0.95693934 -0.29028824 0
    outer loop
        vertex -5.807873 -2.713896 -0.6
        vertex -5.820677 -2.7561047 0.2
        vertex -5.820677 -2.7561047 -0.6
    endloop
endfacet
facet normal 0.88192284 -0.47139379 0
    outer loop
        vertex -5.787081 -2.6749966 -0.6
        vertex -5.807873 -2.713896 0.2
        vertex -5.807873 -2.713896 -0.6
    endloop
endfacet
facet normal 0.88192284 -0.47139379 0
    outer loop
        vertex -5.787081 -2.6749966 0.2
        vertex -5.807873 -2.713896 0.2
        vertex -5.787081 -2.6749966 -0.6
    endloop
endfacet
facet normal 0.77300942 -0.63439447 0
    outer loop
        vertex -5.759099 -2.6409009 0.2
        vertex -5.787081 -2.6749966 0.2
        vertex -5.759099 -2.6409009 -0.6
    endloop
endfacet
facet normal 0.63439125 -0.77301216 0
    outer loop
        vertex -5.759099 -2.6409009 0.2
        vertex -5.759099 -2.6409009 -0.6
        vertex -5.7250032 -2.6129193 -0.6
    endloop
endfacet
facet normal 0.471398 -0.88192052 0
    outer loop
        vertex -5.7250032 -2.6129193 0.2
        vertex -5.7250032 -2.6129193 -0.6
        vertex -5.686104 -2.592127 -0.6
    endloop
endfacet
facet normal 0.471398 -0.88192052 0
    outer loop
        vertex -5.7250032 -2.6129193 0.2
        vertex -5.686104 -2.592127 -0.6
        vertex -5.686104 -2.592127 0.2
    endloop
endfacet
facet normal 0.29028329 -0.95694077 0
    outer loop
        vertex -5.686104 -2.592127 0.2
        vertex -5.643895 -2.5793233 -0.6
        vertex -5.643895 -2.5793233 0.2
    endloop
endfacet
facet normal 0.09801684 -0.99518472 0
    outer loop
        vertex -5.643895 -2.5793233 -0.6
        vertex -5.6000004 -2.575 -0.6
        vertex -5.643895 -2.5793233 0.2
    endloop
endfacet
facet normal -0.09801473 -0.9951849 0
    outer loop
        vertex -5.6000004 -2.575 -0.6
        vertex -5.5561047 -2.5793233 -0.6
        vertex -5.6000004 -2.575 0.2
    endloop
endfacet
facet normal -0.09801473 -0.9951849 0
    outer loop
        vertex -5.5561047 -2.5793233 -0.6
        vertex -5.5561047 -2.5793233 0.2
        vertex -5.6000004 -2.575 0.2
    endloop
endfacet
facet normal -0.29028329 -0.95694077 0
    outer loop
        vertex -5.513896 -2.592127 -0.6
        vertex -5.513896 -2.592127 0.2
        vertex -5.5561047 -2.5793233 0.2
    endloop
endfacet
facet normal -0.471398 -0.88192052 0
    outer loop
        vertex -5.4749966 -2.6129193 -0.6
        vertex -5.513896 -2.592127 0.2
        vertex -5.513896 -2.592127 -0.6
    endloop
endfacet
facet normal -0.63439125 -0.77301216 0
    outer loop
        vertex -5.440901 -2.6409009 -0.6
        vertex -5.4749966 -2.6129193 0.2
        vertex -5.4749966 -2.6129193 -0.6
    endloop
endfacet
facet normal -0.99518436 -0.09802062 -0
    outer loop
        vertex -5.375 -2.8000002 0.2
        vertex -5.3793235 -2.7561047 0.2
        vertex -5.375 -2.8000002 -0.6
    endloop
endfacet
facet normal -0.99518436 -0.09802062 -0
    outer loop
        vertex -5.3793235 -2.7561047 0.2
        vertex -5.3793235 -2.7561047 -0.6
        vertex -5.375 -2.8000002 -0.6
    endloop
endfacet
facet normal -0.95694226 -0.29027835 0
    outer loop
        vertex -5.392127 -2.713896 0.2
        vertex -5.3793235 -2.7561047 -0.6
        vertex -5.3793235 -2.7561047 0.2
    endloop
endfacet
facet normal -0.95694226 -0.29027835 0
    outer loop
        vertex -5.392127 -2.713896 -0.6
        vertex -5.3793235 -2.7561047 -0.6
        vertex -5.392127 -2.713896 0.2
    endloop
endfacet
facet normal -0.88191843 -0.47140223 0
    outer loop
        vertex -5.392127 -2.713896 -0.6
        vertex -5.392127 -2.713896 0.2
        vertex -5.4129195 -2.6749966 0.2
    endloop
endfacet
facet normal -0.88191843 -0.47140223 0
    outer loop
        vertex -5.392127 -2.713896 -0.6
        vertex -5.4129195 -2.6749966 0.2
        vertex -5.4129195 -2.6749966 -0.6
    endloop
endfacet
facet normal -0.77301484 -0.63438809 -0
    outer loop
        vertex -5.4129195 -2.6749966 0.2
        vertex -5.440901 -2.6409009 0.2
        vertex -5.4129195 -2.6749966 -0.6
    endloop
endfacet
facet normal -0.77301484 -0.63438809 -0
    outer loop
        vertex -5.440901 -2.6409009 0.2
        vertex -5.440901 -2.6409009 -0.6
        vertex -5.4129195 -2.6749966 -0.6
    endloop
endfacet
facet normal -0.63439125 -0.77301216 0
    outer loop
        vertex -5.4749966 -2.6129193 0.2
        vertex -5.440901 -2.6409009 -0.6
        vertex -5.440901 -2.6409009 0.2
    endloop
endfacet
facet normal -0.471398 -0.88192052 0
    outer loop
        vertex -5.513896 -2.592127 0.2
        vertex -5.4749966 -2.6129193 -0.6
        vertex -5.4749966 -2.6129193 0.2
    endloop
endfacet
facet normal -0.29028329 -0.95694077 -0
    outer loop
        vertex -5.5561047 -2.5793233 0.2
        vertex -5.5561047 -2.5793233 -0.6
        vertex -5.513896 -2.592127 -0.6
    endloop
endfacet
facet normal 0.09801684 -0.99518472 0
    outer loop
        vertex -5.6000004 -2.575 0.2
        vertex -5.643895 -2.5793233 0.2
        vertex -5.6000004 -2.575 -0.6
    endloop
endfacet
facet normal 0.29028329 -0.95694077 0
    outer loop
        vertex -5.643895 -2.5793233 -0.6
        vertex -5.686104 -2.592127 0.2
        vertex -5.686104 -2.592127 -0.6
    endloop
endfacet
facet normal 0.63439125 -0.77301216 0
    outer loop
        vertex -5.7250032 -2.6129193 -0.6
        vertex -5.7250032 -2.6129193 0.2
        vertex -5.759099 -2.6409009 0.2
    endloop
endfacet
facet normal 0.77300942 -0.63439447 0
    outer loop
        vertex -5.787081 -2.6749966 -0.6
        vertex -5.759099 -2.6409009 -0.6
        vertex -5.787081 -2.6749966 0.2
    endloop
endfacet
facet normal 0.99518543 -0.09800991 0
    outer loop
        vertex -5.820677 -2.7561047 0.2
        vertex -5.825 -2.8000002 0.2
        vertex -5.825 -2.8000002 -0.6
    endloop
endfacet
facet normal 0.95693934 -0.29028824 0
    outer loop
        vertex -5.807873 -2.713896 -0.6
        vertex -5.807873 -2.713896 0.2
        vertex -5.820677 -2.7561047 0.2
    endloop
endfacet
facet normal 0.99518543 -0.09801044 0
    outer loop
        vertex -5.820677 2.8438954 -0.6
        vertex -5.820677 2.8438954 0.2
        vertex -5.825 2.8000002 -0.6
    endloop
endfacet
facet normal 0.9569388 -0.2902897 0
    outer loop
        vertex -5.807873 2.8861039 -0.6
        vertex -5.820677 2.8438954 0.2
        vertex -5.820677 2.8438954 -0.6
    endloop
endfacet
facet normal 0.88192284 -0.47139379 0
    outer loop
        vertex -5.787081 2.9250033 -0.6
        vertex -5.807873 2.8861039 0.2
        vertex -5.807873 2.8861039 -0.6
    endloop
endfacet
facet normal 0.88192284 -0.47139379 0
    outer loop
        vertex -5.787081 2.9250033 0.2
        vertex -5.807873 2.8861039 0.2
        vertex -5.787081 2.9250033 -0.6
    endloop
endfacet
facet normal 0.77300942 -0.63439447 0
    outer loop
        vertex -5.759099 2.959099 0.2
        vertex -5.787081 2.9250033 0.2
        vertex -5.759099 2.959099 -0.6
    endloop
endfacet
facet normal 0.63439125 -0.77301216 0
    outer loop
        vertex -5.759099 2.959099 0.2
        vertex -5.759099 2.959099 -0.6
        vertex -5.7250032 2.9870806 -0.6
    endloop
endfacet
facet normal 0.47140223 -0.88191843 0
    outer loop
        vertex -5.7250032 2.9870806 0.2
        vertex -5.7250032 2.9870806 -0.6
        vertex -5.686104 3.007873 -0.6
    endloop
endfacet
facet normal 0.47140223 -0.88191843 0
    outer loop
        vertex -5.7250032 2.9870806 0.2
        vertex -5.686104 3.007873 -0.6
        vertex -5.686104 3.007873 0.2
    endloop
endfacet
facet normal 0.29027835 -0.95694226 0
    outer loop
        vertex -5.686104 3.007873 0.2
        vertex -5.643895 3.0206766 -0.6
        vertex -5.643895 3.0206766 0.2
    endloop
endfacet
facet normal 0.09802219 -0.99518424 0
    outer loop
        vertex -5.643895 3.0206766 -0.6
        vertex -5.6000004 3.025 -0.6
        vertex -5.643895 3.0206766 0.2
    endloop
endfacet
facet normal -0.09802008 -0.99518442 0
    outer loop
        vertex -5.6000004 3.025 -0.6
        vertex -5.5561047 3.0206766 -0.6
        vertex -5.6000004 3.025 0.2
    endloop
endfacet
facet normal -0.09802008 -0.99518442 0
    outer loop
        vertex -5.5561047 3.0206766 -0.6
        vertex -5.5561047 3.0206766 0.2
        vertex -5.6000004 3.025 0.2
    endloop
endfacet
facet normal -0.29027835 -0.95694226 0
    outer loop
        vertex -5.513896 3.007873 -0.6
        vertex -5.513896 3.007873 0.2
        vertex -5.5561047 3.0206766 0.2
    endloop
endfacet
facet normal -0.47140223 -0.88191843 0
    outer loop
        vertex -5.4749966 2.9870806 -0.6
        vertex -5.513896 3.007873 0.2
        vertex -5.513896 3.007873 -0.6
    endloop
endfacet
facet normal -0.63439125 -0.77301216 0
    outer loop
        vertex -5.440901 2.959099 -0.6
        vertex -5.4749966 2.9870806 0.2
        vertex -5.4749966 2.9870806 -0.6
    endloop
endfacet
facet normal -0.99518436 -0.09802115 -0
    outer loop
        vertex -5.375 2.8000002 0.2
        vertex -5.3793235 2.8438954 0.2
        vertex -5.375 2.8000002 -0.6
    endloop
endfacet
facet normal -0.99518436 -0.09802115 -0
    outer loop
        vertex -5.3793235 2.8438954 0.2
        vertex -5.3793235 2.8438954 -0.6
        vertex -5.375 2.8000002 -0.6
    endloop
endfacet
facet normal -0.95694178 -0.29027984 0
    outer loop
        vertex -5.392127 2.8861039 0.2
        vertex -5.3793235 2.8438954 -0.6
        vertex -5.3793235 2.8438954 0.2
    endloop
endfacet
facet normal -0.95694178 -0.29027984 0
    outer loop
        vertex -5.392127 2.8861039 -0.6
        vertex -5.3793235 2.8438954 -0.6
        vertex -5.392127 2.8861039 0.2
    endloop
endfacet
facet normal -0.88191843 -0.47140223 0
    outer loop
        vertex -5.392127 2.8861039 -0.6
        vertex -5.392127 2.8861039 0.2
        vertex -5.4129195 2.9250033 0.2
    endloop
endfacet
facet normal -0.88191843 -0.47140223 0
    outer loop
        vertex -5.392127 2.8861039 -0.6
        vertex -5.4129195 2.9250033 0.2
        vertex -5.4129195 2.9250033 -0.6
    endloop
endfacet
facet normal -0.77301484 -0.63438809 -0
    outer loop
        vertex -5.4129195 2.9250033 0.2
        vertex -5.440901 2.959099 0.2
        vertex -5.4129195 2.9250033 -0.6
    endloop
endfacet
facet normal -0.77301484 -0.63438809 -0
    outer loop
        vertex -5.440901 2.959099 0.2
        vertex -5.440901 2.959099 -0.6
        vertex -5.4129195 2.9250033 -0.6
    endloop
endfacet
facet normal -0.63439125 -0.77301216 0
    outer loop
        vertex -5.4749966 2.9870806 0.2
        vertex -5.440901 2.959099 -0.6
        vertex -5.440901 2.959099 0.2
    endloop
endfacet
facet normal -0.47140223 -0.88191843 0
    outer loop
        vertex -5.513896 3.007873 0.2
        vertex -5.4749966 2.9870806 -0.6
        vertex -5.4749966 2.9870806 0.2
    endloop
endfacet
facet normal -0.29027835 -0.95694226 -0
    outer loop
        vertex -5.5561047 3.0206766 0.2
        vertex -5.5561047 3.0206766 -0.6
        vertex -5.513896 3.007873 -0.6
    endloop
endfacet
facet normal 0.09802219 -0.99518424 0
    outer loop
        vertex -5.6000004 3.025 0.2
        vertex -5.643895 3.0206766 0.2
        vertex -5.6000004 3.025 -0.6
    endloop
endfacet
facet normal 0.29027835 -0.95694226 0
    outer loop
        vertex -5.643895 3.0206766 -0.6
        vertex -5.686104 3.007873 0.2
        vertex -5.686104 3.007873 -0.6
    endloop
endfacet
facet normal 0.63439125 -0.77301216 0
    outer loop
        vertex -5.7250032 2.9870806 -0.6
        vertex -5.7250032 2.9870806 0.2
        vertex -5.759099 2.959099 0.2
    endloop
endfacet
facet normal 0.77300942 -0.63439447 0
    outer loop
        vertex -5.787081 2.9250033 -0.6
        vertex -5.759099 2.959099 -0.6
        vertex -5.787081 2.9250033 0.2
    endloop
endfacet
facet normal 0.99518543 -0.09801044 0
    outer loop
        vertex -5.820677 2.8438954 0.2
        vertex -5.825 2.8000002 0.2
        vertex -5.825 2.8000002 -0.6
    endloop
endfacet
facet normal 0.9569388 -0.2902897 0
    outer loop
        vertex -5.807873 2.8861039 -0.6
        vertex -5.807873 2.8861039 0.2
        vertex -5.820677 2.8438954 0.2
    endloop
endfacet
facet normal 0.99518436 -0.09802062 0
    outer loop
        vertex 5.3793235 -2.7561047 -0.6
        vertex 5.3793235 -2.7561047 0.2
        vertex 5.375 -2.8000002 -0.6
    endloop
endfacet
facet normal 0.95694226 -0.29027835 0
    outer loop
        vertex 5.392127 -2.713896 -0.6
        vertex 5.3793235 -2.7561047 0.2
        vertex 5.3793235 -2.7561047 -0.6
    endloop
endfacet
facet normal 0.88191843 -0.47140223 0
    outer loop
        vertex 5.4129195 -2.6749966 -0.6
        vertex 5.392127 -2.713896 0.2
        vertex 5.392127 -2.713896 -0.6
    endloop
endfacet
facet normal 0.88191843 -0.47140223 0
    outer loop
        vertex 5.4129195 -2.6749966 0.2
        vertex 5.392127 -2.713896 0.2
        vertex 5.4129195 -2.6749966 -0.6
    endloop
endfacet
facet normal 0.77301484 -0.63438809 0
    outer loop
        vertex 5.440901 -2.6409009 0.2
        vertex 5.4129195 -2.6749966 0.2
        vertex 5.440901 -2.6409009 -0.6
    endloop
endfacet
facet normal 0.63439125 -0.77301216 0
    outer loop
        vertex 5.440901 -2.6409009 0.2
        vertex 5.440901 -2.6409009 -0.6
        vertex 5.4749966 -2.6129193 -0.6
    endloop
endfacet
facet normal 0.471398 -0.88192052 0
    outer loop
        vertex 5.4749966 -2.6129193 0.2
        vertex 5.4749966 -2.6129193 -0.6
        vertex 5.513896 -2.592127 -0.6
    endloop
endfacet
facet normal 0.471398 -0.88192052 0
    outer loop
        vertex 5.4749966 -2.6129193 0.2
        vertex 5.513896 -2.592127 -0.6
        vertex 5.513896 -2.592127 0.2
    endloop
endfacet
facet normal 0.29028329 -0.95694077 0
    outer loop
        vertex 5.513896 -2.592127 0.2
        vertex 5.5561047 -2.5793233 -0.6
        vertex 5.5561047 -2.5793233 0.2
    endloop
endfacet
facet normal 0.09801473 -0.9951849 0
    outer loop
        vertex 5.5561047 -2.5793233 -0.6
        vertex 5.6000004 -2.575 -0.6
        vertex 5.5561047 -2.5793233 0.2
    endloop
endfacet
facet normal -0.09801684 -0.99518472 0
    outer loop
        vertex 5.6000004 -2.575 -0.6
        vertex 5.643895 -2.5793233 -0.6
        vertex 5.6000004 -2.575 0.2
    endloop
endfacet
facet normal -0.09801684 -0.99518472 0
    outer loop
        vertex 5.643895 -2.5793233 -0.6
        vertex 5.643895 -2.5793233 0.2
        vertex 5.6000004 -2.575 0.2
    endloop
endfacet
facet normal -0.29028329 -0.95694077 0
    outer loop
        vertex 5.686104 -2.592127 -0.6
        vertex 5.686104 -2.592127 0.2
        vertex 5.643895 -2.5793233 0.2
    endloop
endfacet
facet normal -0.471398 -0.88192052 0
    outer loop
        vertex 5.7250032 -2.6129193 -0.6
        vertex 5.686104 -2.592127 0.2
        vertex 5.686104 -2.592127 -0.6
    endloop
endfacet
facet normal -0.63439125 -0.77301216 0
    outer loop
        vertex 5.759099 -2.6409009 -0.6
        vertex 5.7250032 -2.6129193 0.2
        vertex 5.7250032 -2.6129193 -0.6
    endloop
endfacet
facet normal -0.99518543 -0.09800991 -0
    outer loop
        vertex 5.825 -2.8000002 0.2
        vertex 5.820677 -2.7561047 0.2
        vertex 5.825 -2.8000002 -0.6
    endloop
endfacet
facet normal -0.99518543 -0.09800991 -0
    outer loop
        vertex 5.820677 -2.7561047 0.2
        vertex 5.820677 -2.7561047 -0.6
        vertex 5.825 -2.8000002 -0.6
    endloop
endfacet
facet normal -0.95693934 -0.29028824 0
    outer loop
        vertex 5.807873 -2.713896 0.2
        vertex 5.820677 -2.7561047 -0.6
        vertex 5.820677 -2.7561047 0.2
    endloop
endfacet
facet normal -0.95693934 -0.29028824 0
    outer loop
        vertex 5.807873 -2.713896 -0.6
        vertex 5.820677 -2.7561047 -0.6
        vertex 5.807873 -2.713896 0.2
    endloop
endfacet
facet normal -0.88192284 -0.47139379 0
    outer loop
        vertex 5.807873 -2.713896 -0.6
        vertex 5.807873 -2.713896 0.2
        vertex 5.787081 -2.6749966 0.2
    endloop
endfacet
facet normal -0.88192284 -0.47139379 0
    outer loop
        vertex 5.807873 -2.713896 -0.6
        vertex 5.787081 -2.6749966 0.2
        vertex 5.787081 -2.6749966 -0.6
    endloop
endfacet
facet normal -0.77300942 -0.63439447 -0
    outer loop
        vertex 5.787081 -2.6749966 0.2
        vertex 5.759099 -2.6409009 0.2
        vertex 5.787081 -2.6749966 -0.6
    endloop
endfacet
facet normal -0.77300942 -0.63439447 -0
    outer loop
        vertex 5.759099 -2.6409009 0.2
        vertex 5.759099 -2.6409009 -0.6
        vertex 5.787081 -2.6749966 -0.6
    endloop
endfacet
facet normal -0.63439125 -0.77301216 0
    outer loop
        vertex 5.7250032 -2.6129193 0.2
        vertex 5.759099 -2.6409009 -0.6
        vertex 5.759099 -2.6409009 0.2
    endloop
endfacet
facet normal -0.471398 -0.88192052 0
    outer loop
        vertex 5.686104 -2.592127 0.2
        vertex 5.7250032 -2.6129193 -0.6
        vertex 5.7250032 -2.6129193 0.2
    endloop
endfacet
facet normal -0.29028329 -0.95694077 -0
    outer loop
        vertex 5.643895 -2.5793233 0.2
        vertex 5.643895 -2.5793233 -0.6
        vertex 5.686104 -2.592127 -0.6
    endloop
endfacet
facet normal 0.09801473 -0.9951849 0
    outer loop
        vertex 5.6000004 -2.575 0.2
        vertex 5.5561047 -2.5793233 0.2
        vertex 5.6000004 -2.575 -0.6
    endloop
endfacet
facet normal 0.29028329 -0.95694077 0
    outer loop
        vertex 5.5561047 -2.5793233 -0.6
        vertex 5.513896 -2.592127 0.2
        vertex 5.513896 -2.592127 -0.6
    endloop
endfacet
facet normal 0.63439125 -0.77301216 0
    outer loop
        vertex 5.4749966 -2.6129193 -0.6
        vertex 5.4749966 -2.6129193 0.2
        vertex 5.440901 -2.6409009 0.2
    endloop
endfacet
facet normal 0.77301484 -0.63438809 0
    outer loop
        vertex 5.4129195 -2.6749966 -0.6
        vertex 5.440901 -2.6409009 -0.6
        vertex 5.4129195 -2.6749966 0.2
    endloop
endfacet
facet normal 0.99518436 -0.09802062 0
    outer loop
        vertex 5.3793235 -2.7561047 0.2
        vertex 5.375 -2.8000002 0.2
        vertex 5.375 -2.8000002 -0.6
    endloop
endfacet
facet normal 0.95694226 -0.29027835 0
    outer loop
        vertex 5.392127 -2.713896 -0.6
        vertex 5.392127 -2.713896 0.2
        vertex 5.3793235 -2.7561047 0.2
    endloop
endfacet
facet normal 0.99518436 -0.09802115 0
    outer loop
        vertex 5.3793235 2.8438954 -0.6
        vertex 5.3793235 2.8438954 0.2
        vertex 5.375 2.8000002 -0.6
    endloop
endfacet
facet normal 0.95694178 -0.29027984 0
    outer loop
        vertex 5.392127 2.8861039 -0.6
        vertex 5.3793235 2.8438954 0.2
        vertex 5.3793235 2.8438954 -0.6
    endloop
endfacet
facet normal 0.88191843 -0.47140223 0
    outer loop
        vertex 5.4129195 2.9250033 -0.6
        vertex 5.392127 2.8861039 0.2
        vertex 5.392127 2.8861039 -0.6
    endloop
endfacet
facet normal 0.88191843 -0.47140223 0
    outer loop
        vertex 5.4129195 2.9250033 0.2
        vertex 5.392127 2.8861039 0.2
        vertex 5.4129195 2.9250033 -0.6
    endloop
endfacet
facet normal 0.77301484 -0.63438809 0
    outer loop
        vertex 5.440901 2.959099 0.2
        vertex 5.4129195 2.9250033 0.2
        vertex 5.440901 2.959099 -0.6
    endloop
endfacet
facet normal 0.63439125 -0.77301216 0
    outer loop
        vertex 5.440901 2.959099 0.2
        vertex 5.440901 2.959099 -0.6
        vertex 5.4749966 2.9870806 -0.6
    endloop
endfacet
facet normal 0.47140223 -0.88191843 0
    outer loop
        vertex 5.4749966 2.9870806 0.2
        vertex 5.4749966 2.9870806 -0.6
        vertex 5.513896 3.007873 -0.6
    endloop
endfacet
facet normal 0.47140223 -0.88191843 0
    outer loop
        vertex 5.4749966 2.9870806 0.2
        vertex 5.513896 3.007873 -0.6
        vertex 5.513896 3.007873 0.2
    endloop
endfacet
facet normal 0.29027835 -0.95694226 0
    outer loop
        vertex 5.513896 3.007873 0.2
        vertex 5.5561047 3.0206766 -0.6
        vertex 5.5561047 3.0206766 0.2
    endloop
endfacet
facet normal 0.09802008 -0.99518442 0
    outer loop
        vertex 5.5561047 3.0206766 -0.6
        vertex 5.6000004 3.025 -0.6
        vertex 5.5561047 3.0206766 0.2
    endloop
endfacet
facet normal -0.09802219 -0.99518424 0
    outer loop
        vertex 5.6000004 3.025 -0.6
        vertex 5.643895 3.0206766 -0.6
        vertex 5.6000004 3.025 0.2
    endloop
endfacet
facet normal -0.09802219 -0.99518424 0
    outer loop
        vertex 5.643895 3.0206766 -0.6
        vertex 5.643895 3.0206766 0.2
        vertex 5.6000004 3.025 0.2
    endloop
endfacet
facet normal -0.29027835 -0.95694226 0
    outer loop
        vertex 5.686104 3.007873 -0.6
        vertex 5.686104 3.007873 0.2
        vertex 5.643895 3.0206766 0.2
    endloop
endfacet
facet normal -0.47140223 -0.88191843 0
    outer loop
        vertex 5.7250032 2.9870806 -0.6
        vertex 5.686104 3.007873 0.2
        vertex 5.686104 3.007873 -0.6
    endloop
endfacet
facet normal -0.63439125 -0.77301216 0
    outer loop
        vertex 5.759099 2.959099 -0.6
        vertex 5.7250032 2.9870806 0.2
        vertex 5.7250032 2.9870806 -0.6
    endloop
endfacet
facet normal -0.99518543 -0.09801044 -0
    outer loop
        vertex 5.825 2.8000002 0.2
        vertex 5.820677 2.8438954 0.2
        vertex 5.825 2.8000002 -0.6
    endloop
endfacet
facet normal -0.99518543 -0.09801044 -0
    outer loop
        vertex 5.820677 2.8438954 0.2
        vertex 5.820677 2.8438954 -0.6
        vertex 5.825 2.8000002 -0.6
    endloop
endfacet
facet normal -0.9569388 -0.2902897 0
    outer loop
        vertex 5.807873 2.8861039 0.2
        vertex 5.820677 2.8438954 -0.6
        vertex 5.820677 2.8438954 0.2
    endloop
endfacet
facet normal -0.9569388 -0.2902897 0
    outer loop
        vertex 5.807873 2.8861039 -0.6
        vertex 5.820677 2.8438954 -0.6
        vertex 5.807873 2.8861039 0.2
    endloop
endfacet
facet normal -0.88192284 -0.47139379 0
    outer loop
        vertex 5.807873 2.8861039 -0.6
        vertex 5.807873 2.8861039 0.2
        vertex 5.787081 2.9250033 0.2
    endloop
endfacet
facet normal -0.88192284 -0.47139379 0
    outer loop
        vertex 5.807873 2.8861039 -0.6
        vertex 5.787081 2.9250033 0.2
        vertex 5.787081 2.9250033 -0.6
    endloop
endfacet
facet normal -0.77300942 -0.63439447 -0
    outer loop
        vertex 5.787081 2.9250033 0.2
        vertex 5.759099 2.959099 0.2
        vertex 5.787081 2.9250033 -0.6
    endloop
endfacet
facet normal -0.77300942 -0.63439447 -0
    outer loop
        vertex 5.759099 2.959099 0.2
        vertex 5.759099 2.959099 -0.6
        vertex 5.787081 2.9250033 -0.6
    endloop
endfacet
facet normal -0.63439125 -0.77301216 0
    outer loop
        vertex 5.7250032 2.9870806 0.2
        vertex 5.759099 2.959099 -0.6
        vertex 5.759099 2.959099 0.2
    endloop
endfacet
facet normal -0.47140223 -0.88191843 0
    outer loop
        vertex 5.686104 3.007873 0.2
        vertex 5.7250032 2.9870806 -0.6
        vertex 5.7250032 2.9870806 0.2
    endloop
endfacet
facet normal -0.29027835 -0.95694226 -0
    outer loop
        vertex 5.643895 3.0206766 0.2
        vertex 5.643895 3.0206766 -0.6
        vertex 5.686104 3.007873 -0.6
    endloop
endfacet
facet normal 0.09802008 -0.99518442 0
    outer loop
        vertex 5.6000004 3.025 0.2
        vertex 5.5561047 3.0206766 0.2
        vertex 5.6000004 3.025 -0.6
    endloop
endfacet
facet normal 0.29027835 -0.95694226 0
    outer loop
        vertex 5.5561047 3.0206766 -0.6
        vertex 5.513896 3.007873 0.2
        vertex 5.513896 3.007873 -0.6
    endloop
endfacet
facet normal 0.63439125 -0.77301216 0
    outer loop
        vertex 5.4749966 2.9870806 -0.6
        vertex 5.4749966 2.9870806 0.2
        vertex 5.440901 2.959099 0.2
    endloop
endfacet
facet normal 0.77301484 -0.63438809 0
    outer loop
        vertex 5.4129195 2.9250033 -0.6
        vertex 5.440901 2.959099 -0.6
        vertex 5.4129195 2.9250033 0.2
    endloop
endfacet
facet normal 0.99518436 -0.09802115 0
    outer loop
        vertex 5.3793235 2.8438954 0.2
        vertex 5.375 2.8000002 0.2
        vertex 5.375 2.8000002 -0.6
    endloop
endfacet
facet normal 0.95694178 -0.29027984 0
    outer loop
        vertex 5.392127 2.8861039 -0.6
        vertex 5.392127 2.8861039 0.2
        vertex 5.3793235 2.8438954 0.2
    endloop
endfacet
facet normal 0.99518436 -0.09802046 0
    outer loop
        vertex -6.0119295 -2.7180622 0.2
        vertex -6.0119295 -2.7180622 0.6
        vertex -6.02 -2.8000002 0.2
    endloop
endfacet
facet normal 0.95694178 -0.29028004 0
    outer loop
        vertex -5.9880295 -2.639273 0.6
        vertex -6.0119295 -2.7180622 0.6
        vertex -6.0119295 -2.7180622 0.2
    endloop
endfacet
facet normal 0.88191843 -0.47140205 0
    outer loop
        vertex -5.949217 -2.5666606 0.6
        vertex -5.9880295 -2.639273 0.6
        vertex -5.9880295 -2.639273 0.2
    endloop
endfacet
facet normal 0.88191843 -0.47140205 0
    outer loop
        vertex -5.949217 -2.5666606 0.6
        vertex -5.9880295 -2.639273 0.2
        vertex -5.949217 -2.5666606 0.2
    endloop
endfacet
facet normal 0.7730124 -0.63439089 0
    outer loop
        vertex -5.8969846 -2.503015 0.6
        vertex -5.949217 -2.5666606 0.2
        vertex -5.8969846 -2.503015 0.2
    endloop
endfacet
facet normal 0.63439232 -0.77301127 0
    outer loop
        vertex -5.8969846 -2.503015 0.6
        vertex -5.8969846 -2.503015 0.2
        vertex -5.833339 -2.4507828 0.6
    endloop
endfacet
facet normal 0.47139752 -0.88192081 0
    outer loop
        vertex -5.833339 -2.4507828 0.6
        vertex -5.833339 -2.4507828 0.2
        vertex -5.760727 -2.4119706 0.6
    endloop
endfacet
facet normal 0.47139752 -0.88192081 0
    outer loop
        vertex -5.833339 -2.4507828 0.2
        vertex -5.760727 -2.4119706 0.2
        vertex -5.760727 -2.4119706 0.6
    endloop
endfacet
facet normal 0.29028687 -0.95693958 0
    outer loop
        vertex -5.760727 -2.4119706 0.2
        vertex -5.681938 -2.38807 0.2
        vertex -5.681938 -2.38807 0.6
    endloop
endfacet
facet normal 0.09801503 -0.9951849 0
    outer loop
        vertex -5.681938 -2.38807 0.2
        vertex -5.6000004 -2.38 0.6
        vertex -5.681938 -2.38807 0.6
    endloop
endfacet
facet normal -0.09801446 -0.9951849 0
    outer loop
        vertex -5.6000004 -2.38 0.2
        vertex -5.518062 -2.38807 0.2
        vertex -5.6000004 -2.38 0.6
    endloop
endfacet
facet normal -0.09801446 -0.9951849 0
    outer loop
        vertex -5.518062 -2.38807 0.2
        vertex -5.518062 -2.38807 0.6
        vertex -5.6000004 -2.38 0.6
    endloop
endfacet
facet normal -0.29028532 -0.95694017 0
    outer loop
        vertex -5.439273 -2.4119706 0.2
        vertex -5.439273 -2.4119706 0.6
        vertex -5.518062 -2.38807 0.6
    endloop
endfacet
facet normal -0.47139752 -0.88192081 0
    outer loop
        vertex -5.3666606 -2.4507828 0.2
        vertex -5.439273 -2.4119706 0.6
        vertex -5.439273 -2.4119706 0.2
    endloop
endfacet
facet normal -0.63439232 -0.77301127 0
    outer loop
        vertex -5.303015 -2.503015 0.2
        vertex -5.3666606 -2.4507828 0.6
        vertex -5.3666606 -2.4507828 0.2
    endloop
endfacet
facet normal -0.9951849 -0.09801473 -0
    outer loop
        vertex -5.1800003 -2.8000002 0.6
        vertex -5.1880703 -2.7180622 0.6
        vertex -5.1800003 -2.8000002 0.2
    endloop
endfacet
facet normal -0.9951849 -0.09801473 -0
    outer loop
        vertex -5.1880703 -2.7180622 0.6
        vertex -5.1880703 -2.7180622 0.2
        vertex -5.1800003 -2.8000002 0.2
    endloop
endfacet
facet normal -0.95694017 -0.29028532 0
    outer loop
        vertex -5.211971 -2.639273 0.6
        vertex -5.1880703 -2.7180622 0.2
        vertex -5.1880703 -2.7180622 0.6
    endloop
endfacet
facet normal -0.95694017 -0.29028532 0
    outer loop
        vertex -5.211971 -2.639273 0.2
        vertex -5.1880703 -2.7180622 0.2
        vertex -5.211971 -2.639273 0.6
    endloop
endfacet
facet normal -0.88192081 -0.47139752 0
    outer loop
        vertex -5.211971 -2.639273 0.2
        vertex -5.211971 -2.639273 0.6
        vertex -5.250783 -2.5666606 0.6
    endloop
endfacet
facet normal -0.88192081 -0.47139752 0
    outer loop
        vertex -5.211971 -2.639273 0.2
        vertex -5.250783 -2.5666606 0.6
        vertex -5.250783 -2.5666606 0.2
    endloop
endfacet
facet normal -0.7730124 -0.63439089 -0
    outer loop
        vertex -5.250783 -2.5666606 0.6
        vertex -5.303015 -2.503015 0.6
        vertex -5.250783 -2.5666606 0.2
    endloop
endfacet
facet normal -0.7730124 -0.63439089 -0
    outer loop
        vertex -5.303015 -2.503015 0.6
        vertex -5.303015 -2.503015 0.2
        vertex -5.250783 -2.5666606 0.2
    endloop
endfacet
facet normal -0.63439232 -0.77301127 0
    outer loop
        vertex -5.3666606 -2.4507828 0.6
        vertex -5.303015 -2.503015 0.2
        vertex -5.303015 -2.503015 0.6
    endloop
endfacet
facet normal -0.47139752 -0.88192081 0
    outer loop
        vertex -5.439273 -2.4119706 0.6
        vertex -5.3666606 -2.4507828 0.2
        vertex -5.3666606 -2.4507828 0.6
    endloop
endfacet
facet normal -0.29028532 -0.95694017 -0
    outer loop
        vertex -5.518062 -2.38807 0.6
        vertex -5.518062 -2.38807 0.2
        vertex -5.439273 -2.4119706 0.2
    endloop
endfacet
facet normal 0.09801503 -0.9951849 0
    outer loop
        vertex -5.6000004 -2.38 0.6
        vertex -5.681938 -2.38807 0.2
        vertex -5.6000004 -2.38 0.2
    endloop
endfacet
facet normal 0.29028687 -0.95693958 0
    outer loop
        vertex -5.681938 -2.38807 0.6
        vertex -5.760727 -2.4119706 0.6
        vertex -5.760727 -2.4119706 0.2
    endloop
endfacet
facet normal 0.63439232 -0.77301127 0
    outer loop
        vertex -5.833339 -2.4507828 0.2
        vertex -5.833339 -2.4507828 0.6
        vertex -5.8969846 -2.503015 0.2
    endloop
endfacet
facet normal 0.7730124 -0.63439089 0
    outer loop
        vertex -5.949217 -2.5666606 0.2
        vertex -5.8969846 -2.503015 0.6
        vertex -5.949217 -2.5666606 0.6
    endloop
endfacet
facet normal 0.99518436 -0.09802046 0
    outer loop
        vertex -6.0119295 -2.7180622 0.6
        vertex -6.02 -2.8000002 0.6
        vertex -6.02 -2.8000002 0.2
    endloop
endfacet
facet normal 0.95694178 -0.29028004 0
    outer loop
        vertex -5.9880295 -2.639273 0.2
        vertex -5.9880295 -2.639273 0.6
        vertex -6.0119295 -2.7180622 0.2
    endloop
endfacet
facet normal 0 0 1
    outer loop
        vertex -5.643895 -2.5793233 0.2
        vertex -5.681938 -2.38807 0.2
        vertex -5.686104 -2.592127 0.2
    endloop
endfacet
facet normal 0 -0 1
    outer loop
        vertex -5.643895 -2.5793233 0.2
        vertex -5.6000004 -2.575 0.2
        vertex -5.681938 -2.38807 0.2
    endloop
endfacet
facet normal 0 0 1
    outer loop
        vertex -5.686104 -2.592127 0.2
        vertex -5.760727 -2.4119706 0.2
        vertex -5.7250032 -2.6129193 0.2
    endloop
endfacet
facet normal 0 0 1
    outer loop
        vertex -5.7250032 -2.6129193 0.2
        vertex -5.760727 -2.4119706 0.2
        vertex -5.833339 -2.4507828 0.2
    endloop
endfacet
facet normal 0 0 1
    outer loop
        vertex -5.759099 -2.6409009 0.2
        vertex -5.833339 -2.4507828 0.2
        vertex -5.8969846 -2.503015 0.2
    endloop
endfacet
facet normal 0 -0 1
    outer loop
        vertex -5.787081 -2.6749966 0.2
        vertex -5.759099 -2.6409009 0.2
        vertex -5.8969846 -2.503015 0.2
    endloop
endfacet
facet normal 0 0 1
    outer loop
        vertex -5.949217 -2.5666606 0.2
        vertex -5.807873 -2.713896 0.2
        vertex -5.787081 -2.6749966 0.2
    endloop
endfacet
facet normal 0 0 1
    outer loop
        vertex -5.949217 -2.5666606 0.2
        vertex -5.9880295 -2.639273 0.2
        vertex -5.807873 -2.713896 0.2
    endloop
endfacet
facet normal 0 0 1
    outer loop
        vertex -5.807873 -2.713896 0.2
        vertex -5.9880295 -2.639273 0.2
        vertex -5.820677 -2.7561047 0.2
    endloop
endfacet
facet normal -0 0 1
    outer loop
        vertex -6.02 -2.8000002 0.2
        vertex -5.820677 -2.8438954 0.2
        vertex -5.825 -2.8000002 0.2
    endloop
endfacet
facet normal 0 0 1
    outer loop
        vertex -6.0119295 -2.7180622 0.2
        vertex -6.02 -2.8000002 0.2
        vertex -5.825 -2.8000002 0.2
    endloop
endfacet
facet normal -0 0 1
    outer loop
        vertex -6.0119295 -2.8819377 0.2
        vertex -5.807873 -2.8861039 0.2
        vertex -5.820677 -2.8438954 0.2
    endloop
endfacet
facet normal 0 0 1
    outer loop
        vertex -6.02 -2.8000002 0.2
        vertex -6.0119295 -2.8819377 0.2
        vertex -5.820677 -2.8438954 0.2
    endloop
endfacet
facet normal 0 0 1
    outer loop
        vertex -5.9880295 -2.960727 0.2
        vertex -5.787081 -2.9250033 0.2
        vertex -5.807873 -2.8861039 0.2
    endloop
endfacet
facet normal 0 0 1
    outer loop
        vertex -6.0119295 -2.8819377 0.2
        vertex -5.9880295 -2.960727 0.2
        vertex -5.807873 -2.8861039 0.2
    endloop
endfacet
facet normal 0 0 1
    outer loop
        vertex -5.949217 -3.0333395 0.2
        vertex -5.759099 -2.959099 0.2
        vertex -5.787081 -2.9250033 0.2
    endloop
endfacet
facet normal -0 0 1
    outer loop
        vertex -5.9880295 -2.960727 0.2
        vertex -5.949217 -3.0333395 0.2
        vertex -5.787081 -2.9250033 0.2
    endloop
endfacet
facet normal 0 0 1
    outer loop
        vertex -5.8969846 -3.0969849 0.2
        vertex -5.7250032 -2.9870806 0.2
        vertex -5.759099 -2.959099 0.2
    endloop
endfacet
facet normal -0 0 1
    outer loop
        vertex -5.949217 -3.0333395 0.2
        vertex -5.8969846 -3.0969849 0.2
        vertex -5.759099 -2.959099 0.2
    endloop
endfacet
facet normal 0 0 1
    outer loop
        vertex -5.833339 -3.1492174 0.2
        vertex -5.686104 -3.007873 0.2
        vertex -5.7250032 -2.9870806 0.2
    endloop
endfacet
facet normal -0 0 1
    outer loop
        vertex -5.8969846 -3.0969849 0.2
        vertex -5.833339 -3.1492174 0.2
        vertex -5.7250032 -2.9870806 0.2
    endloop
endfacet
facet normal 0 0 1
    outer loop
        vertex -5.760727 -3.1880293 0.2
        vertex -5.643895 -3.0206766 0.2
        vertex -5.686104 -3.007873 0.2
    endloop
endfacet
facet normal -0 0 1
    outer loop
        vertex -5.833339 -3.1492174 0.2
        vertex -5.760727 -3.1880293 0.2
        vertex -5.686104 -3.007873 0.2
    endloop
endfacet
facet normal 0 0 1
    outer loop
        vertex -5.681938 -3.2119296 0.2
        vertex -5.6000004 -3.025 0.2
        vertex -5.643895 -3.0206766 0.2
    endloop
endfacet
facet normal -0 0 1
    outer loop
        vertex -5.760727 -3.1880293 0.2
        vertex -5.681938 -3.2119296 0.2
        vertex -5.643895 -3.0206766 0.2
    endloop
endfacet
facet normal 0 0 1
    outer loop
        vertex -5.6000004 -3.22 0.2
        vertex -5.5561047 -3.0206766 0.2
        vertex -5.6000004 -3.025 0.2
    endloop
endfacet
facet normal -0 0 1
    outer loop
        vertex -5.681938 -3.2119296 0.2
        vertex -5.6000004 -3.22 0.2
        vertex -5.6000004 -3.025 0.2
    endloop
endfacet
facet normal 0 -0 1
    outer loop
        vertex -5.518062 -3.2119296 0.2
        vertex -5.513896 -3.007873 0.2
        vertex -5.5561047 -3.0206766 0.2
    endloop
endfacet
facet normal 0 0 1
    outer loop
        vertex -5.6000004 -3.22 0.2
        vertex -5.518062 -3.2119296 0.2
        vertex -5.5561047 -3.0206766 0.2
    endloop
endfacet
facet normal 0 0 1
    outer loop
        vertex -5.439273 -3.1880293 0.2
        vertex -5.4749966 -2.9870806 0.2
        vertex -5.513896 -3.007873 0.2
    endloop
endfacet
facet normal 0 0 1
    outer loop
        vertex -5.518062 -3.2119296 0.2
        vertex -5.439273 -3.1880293 0.2
        vertex -5.513896 -3.007873 0.2
    endloop
endfacet
facet normal 0 0 1
    outer loop
        vertex -5.3666606 -3.1492174 0.2
        vertex -5.440901 -2.959099 0.2
        vertex -5.4749966 -2.9870806 0.2
    endloop
endfacet
facet normal 0 -0 1
    outer loop
        vertex -5.439273 -3.1880293 0.2
        vertex -5.3666606 -3.1492174 0.2
        vertex -5.4749966 -2.9870806 0.2
    endloop
endfacet
facet normal 0 0 1
    outer loop
        vertex -5.303015 -3.0969849 0.2
        vertex -5.4129195 -2.9250033 0.2
        vertex -5.440901 -2.959099 0.2
    endloop
endfacet
facet normal 0 -0 1
    outer loop
        vertex -5.3666606 -3.1492174 0.2
        vertex -5.303015 -3.0969849 0.2
        vertex -5.440901 -2.959099 0.2
    endloop
endfacet
facet normal 0 0 1
    outer loop
        vertex -5.250783 -3.0333395 0.2
        vertex -5.392127 -2.8861039 0.2
        vertex -5.4129195 -2.9250033 0.2
    endloop
endfacet
facet normal 0 -0 1
    outer loop
        vertex -5.303015 -3.0969849 0.2
        vertex -5.250783 -3.0333395 0.2
        vertex -5.4129195 -2.9250033 0.2
    endloop
endfacet
facet normal 0 0 1
    outer loop
        vertex -5.211971 -2.960727 0.2
        vertex -5.3793235 -2.8438954 0.2
        vertex -5.392127 -2.8861039 0.2
    endloop
endfacet
facet normal 0 -0 1
    outer loop
        vertex -5.250783 -3.0333395 0.2
        vertex -5.211971 -2.960727 0.2
        vertex -5.392127 -2.8861039 0.2
    endloop
endfacet
facet normal 0 0 1
    outer loop
        vertex -5.1880703 -2.8819377 0.2
        vertex -5.375 -2.8000002 0.2
        vertex -5.3793235 -2.8438954 0.2
    endloop
endfacet
facet normal 0 -0 1
    outer loop
        vertex -5.211971 -2.960727 0.2
        vertex -5.1880703 -2.8819377 0.2
        vertex -5.3793235 -2.8438954 0.2
    endloop
endfacet
facet normal 0 0 1
    outer loop
        vertex -5.1800003 -2.8000002 0.2
        vertex -5.3793235 -2.7561047 0.2
        vertex -5.375 -2.8000002 0.2
    endloop
endfacet
facet normal 0 -0 1
    outer loop
        vertex -5.1880703 -2.8819377 0.2
        vertex -5.1800003 -2.8000002 0.2
        vertex -5.375 -2.8000002 0.2
    endloop
endfacet
facet normal 0 0 1
    outer loop
        vertex -5.1880703 -2.7180622 0.2
        vertex -5.392127 -2.713896 0.2
        vertex -5.3793235 -2.7561047 0.2
    endloop
endfacet
facet normal 0 0 1
    outer loop
        vertex -5.1800003 -2.8000002 0.2
        vertex -5.1880703 -2.7180622 0.2
        vertex -5.3793235 -2.7561047 0.2
    endloop
endfacet
facet normal 0 0 1
    outer loop
        vertex -5.211971 -2.639273 0.2
        vertex -5.4129195 -2.6749966 0.2
        vertex -5.392127 -2.713896 0.2
    endloop
endfacet
facet normal 0 0 1
    outer loop
        vertex -5.1880703 -2.7180622 0.2
        vertex -5.211971 -2.639273 0.2
        vertex -5.392127 -2.713896 0.2
    endloop
endfacet
facet normal 0 0 1
    outer loop
        vertex -5.250783 -2.5666606 0.2
        vertex -5.440901 -2.6409009 0.2
        vertex -5.4129195 -2.6749966 0.2
    endloop
endfacet
facet normal 0 0 1
    outer loop
        vertex -5.211971 -2.639273 0.2
        vertex -5.250783 -2.5666606 0.2
        vertex -5.4129195 -2.6749966 0.2
    endloop
endfacet
facet normal 0 0 1
    outer loop
        vertex -5.303015 -2.503015 0.2
        vertex -5.4749966 -2.6129193 0.2
        vertex -5.440901 -2.6409009 0.2
    endloop
endfacet
facet normal 0 0 1
    outer loop
        vertex -5.250783 -2.5666606 0.2
        vertex -5.303015 -2.503015 0.2
        vertex -5.440901 -2.6409009 0.2
    endloop
endfacet
facet normal 0 0 1
    outer loop
        vertex -5.3666606 -2.4507828 0.2
        vertex -5.513896 -2.592127 0.2
        vertex -5.4749966 -2.6129193 0.2
    endloop
endfacet
facet normal 0 0 1
    outer loop
        vertex -5.303015 -2.503015 0.2
        vertex -5.3666606 -2.4507828 0.2
        vertex -5.4749966 -2.6129193 0.2
    endloop
endfacet
facet normal 0 -0 1
    outer loop
        vertex -5.759099 -2.6409009 0.2
        vertex -5.7250032 -2.6129193 0.2
        vertex -5.833339 -2.4507828 0.2
    endloop
endfacet
facet normal -0 0 1
    outer loop
        vertex -5.949217 -2.5666606 0.2
        vertex -5.787081 -2.6749966 0.2
        vertex -5.8969846 -2.503015 0.2
    endloop
endfacet
facet normal 0 0 1
    outer loop
        vertex -5.820677 -2.7561047 0.2
        vertex -5.9880295 -2.639273 0.2
        vertex -6.0119295 -2.7180622 0.2
    endloop
endfacet
facet normal 0 0 1
    outer loop
        vertex -5.681938 -2.38807 0.2
        vertex -5.760727 -2.4119706 0.2
        vertex -5.686104 -2.592127 0.2
    endloop
endfacet
facet normal 0 0 1
    outer loop
        vertex -5.6000004 -2.38 0.2
        vertex -5.681938 -2.38807 0.2
        vertex -5.6000004 -2.575 0.2
    endloop
endfacet
facet normal 0 0 1
    outer loop
        vertex -5.6000004 -2.38 0.2
        vertex -5.6000004 -2.575 0.2
        vertex -5.518062 -2.38807 0.2
    endloop
endfacet
facet normal 0 0 1
    outer loop
        vertex -5.518062 -2.38807 0.2
        vertex -5.6000004 -2.575 0.2
        vertex -5.5561047 -2.5793233 0.2
    endloop
endfacet
facet normal 0 0 1
    outer loop
        vertex -5.439273 -2.4119706 0.2
        vertex -5.518062 -2.38807 0.2
        vertex -5.5561047 -2.5793233 0.2
    endloop
endfacet
facet normal 0 0 1
    outer loop
        vertex -5.3666606 -2.4507828 0.2
        vertex -5.439273 -2.4119706 0.2
        vertex -5.513896 -2.592127 0.2
    endloop
endfacet
facet normal 0 -0 1
    outer loop
        vertex -5.513896 -2.592127 0.2
        vertex -5.439273 -2.4119706 0.2
        vertex -5.5561047 -2.5793233 0.2
    endloop
endfacet
facet normal 0 0 1
    outer loop
        vertex -6.0119295 -2.7180622 0.2
        vertex -5.825 -2.8000002 0.2
        vertex -5.820677 -2.7561047 0.2
    endloop
endfacet
facet normal 0.99518543 0.09801044 0
    outer loop
        vertex -5.820677 -2.8438954 0.2
        vertex -5.825 -2.8000002 -0.6
        vertex -5.825 -2.8000002 0.2
    endloop
endfacet
facet normal 0.9569388 0.2902897 0
    outer loop
        vertex -5.807873 -2.8861039 0.2
        vertex -5.820677 -2.8438954 -0.6
        vertex -5.820677 -2.8438954 0.2
    endloop
endfacet
facet normal 0.9569388 0.2902897 -0
    outer loop
        vertex -5.807873 -2.8861039 -0.6
        vertex -5.820677 -2.8438954 -0.6
        vertex -5.807873 -2.8861039 0.2
    endloop
endfacet
facet normal 0.88192284 0.47139379 -0
    outer loop
        vertex -5.787081 -2.9250033 -0.6
        vertex -5.807873 -2.8861039 -0.6
        vertex -5.787081 -2.9250033 0.2
    endloop
endfacet
facet normal 0.77300942 0.63439447 -0
    outer loop
        vertex -5.787081 -2.9250033 -0.6
        vertex -5.787081 -2.9250033 0.2
        vertex -5.759099 -2.959099 0.2
    endloop
endfacet
facet normal 0.63439125 0.77301216 -0
    outer loop
        vertex -5.759099 -2.959099 -0.6
        vertex -5.759099 -2.959099 0.2
        vertex -5.7250032 -2.9870806 0.2
    endloop
endfacet
facet normal 0.63439125 0.77301216 0
    outer loop
        vertex -5.759099 -2.959099 -0.6
        vertex -5.7250032 -2.9870806 0.2
        vertex -5.7250032 -2.9870806 -0.6
    endloop
endfacet
facet normal 0.47140223 0.88191843 0
    outer loop
        vertex -5.7250032 -2.9870806 -0.6
        vertex -5.686104 -3.007873 0.2
        vertex -5.686104 -3.007873 -0.6
    endloop
endfacet
facet normal 0.29027835 0.95694226 0
    outer loop
        vertex -5.686104 -3.007873 -0.6
        vertex -5.643895 -3.0206766 0.2
        vertex -5.643895 -3.0206766 -0.6
    endloop
endfacet
facet normal 0.09802219 0.99518424 0
    outer loop
        vertex -5.643895 -3.0206766 0.2
        vertex -5.6000004 -3.025 0.2
        vertex -5.643895 -3.0206766 -0.6
    endloop
endfacet
facet normal -0.09802008 0.99518442 0
    outer loop
        vertex -5.6000004 -3.025 0.2
        vertex -5.5561047 -3.0206766 0.2
        vertex -5.6000004 -3.025 -0.6
    endloop
endfacet
facet normal -0.09802008 0.99518442 0
    outer loop
        vertex -5.5561047 -3.0206766 0.2
        vertex -5.5561047 -3.0206766 -0.6
        vertex -5.6000004 -3.025 -0.6
    endloop
endfacet
facet normal -0.29027835 0.95694226 0
    outer loop
        vertex -5.513896 -3.007873 0.2
        vertex -5.513896 -3.007873 -0.6
        vertex -5.5561047 -3.0206766 -0.6
    endloop
endfacet
facet normal -0.47140223 0.88191843 0
    outer loop
        vertex -5.4749966 -2.9870806 0.2
        vertex -5.513896 -3.007873 -0.6
        vertex -5.513896 -3.007873 0.2
    endloop
endfacet
facet normal -0.63439125 0.77301216 0
    outer loop
        vertex -5.440901 -2.959099 0.2
        vertex -5.4749966 -2.9870806 -0.6
        vertex -5.4749966 -2.9870806 0.2
    endloop
endfacet
facet normal -0.99518436 0.09802115 0
    outer loop
        vertex -5.375 -2.8000002 -0.6
        vertex -5.3793235 -2.8438954 -0.6
        vertex -5.375 -2.8000002 0.2
    endloop
endfacet
facet normal -0.99518436 0.09802115 0
    outer loop
        vertex -5.3793235 -2.8438954 -0.6
        vertex -5.3793235 -2.8438954 0.2
        vertex -5.375 -2.8000002 0.2
    endloop
endfacet
facet normal -0.95694178 0.29027984 0
    outer loop
        vertex -5.392127 -2.8861039 -0.6
        vertex -5.3793235 -2.8438954 0.2
        vertex -5.3793235 -2.8438954 -0.6
    endloop
endfacet
facet normal -0.95694178 0.29027984 0
    outer loop
        vertex -5.392127 -2.8861039 0.2
        vertex -5.3793235 -2.8438954 0.2
        vertex -5.392127 -2.8861039 -0.6
    endloop
endfacet
facet normal -0.88191843 0.47140223 0
    outer loop
        vertex -5.392127 -2.8861039 0.2
        vertex -5.392127 -2.8861039 -0.6
        vertex -5.4129195 -2.9250033 -0.6
    endloop
endfacet
facet normal -0.88191843 0.47140223 0
    outer loop
        vertex -5.392127 -2.8861039 0.2
        vertex -5.4129195 -2.9250033 -0.6
        vertex -5.4129195 -2.9250033 0.2
    endloop
endfacet
facet normal -0.77301484 0.63438809 0
    outer loop
        vertex -5.4129195 -2.9250033 -0.6
        vertex -5.440901 -2.959099 -0.6
        vertex -5.4129195 -2.9250033 0.2
    endloop
endfacet
facet normal -0.77301484 0.63438809 0
    outer loop
        vertex -5.440901 -2.959099 -0.6
        vertex -5.440901 -2.959099 0.2
        vertex -5.4129195 -2.9250033 0.2
    endloop
endfacet
facet normal -0.63439125 0.77301216 0
    outer loop
        vertex -5.4749966 -2.9870806 -0.6
        vertex -5.440901 -2.959099 0.2
        vertex -5.440901 -2.959099 -0.6
    endloop
endfacet
facet normal -0.47140223 0.88191843 0
    outer loop
        vertex -5.513896 -3.007873 -0.6
        vertex -5.4749966 -2.9870806 0.2
        vertex -5.4749966 -2.9870806 -0.6
    endloop
endfacet
facet normal -0.29027835 0.95694226 0
    outer loop
        vertex -5.5561047 -3.0206766 -0.6
        vertex -5.5561047 -3.0206766 0.2
        vertex -5.513896 -3.007873 0.2
    endloop
endfacet
facet normal 0.09802219 0.99518424 -0
    outer loop
        vertex -5.6000004 -3.025 -0.6
        vertex -5.643895 -3.0206766 -0.6
        vertex -5.6000004 -3.025 0.2
    endloop
endfacet
facet normal 0.29027835 0.95694226 0
    outer loop
        vertex -5.643895 -3.0206766 0.2
        vertex -5.686104 -3.007873 -0.6
        vertex -5.686104 -3.007873 0.2
    endloop
endfacet
facet normal 0.47140223 0.88191843 0
    outer loop
        vertex -5.686104 -3.007873 0.2
        vertex -5.7250032 -2.9870806 -0.6
        vertex -5.7250032 -2.9870806 0.2
    endloop
endfacet
facet normal 0.77300942 0.63439447 0
    outer loop
        vertex -5.759099 -2.959099 0.2
        vertex -5.759099 -2.959099 -0.6
        vertex -5.787081 -2.9250033 -0.6
    endloop
endfacet
facet normal 0.99518543 0.09801044 -0
    outer loop
        vertex -5.820677 -2.8438954 -0.6
        vertex -5.825 -2.8000002 -0.6
        vertex -5.820677 -2.8438954 0.2
    endloop
endfacet
facet normal 0.88192284 0.47139379 0
    outer loop
        vertex -5.787081 -2.9250033 0.2
        vertex -5.807873 -2.8861039 -0.6
        vertex -5.807873 -2.8861039 0.2
    endloop
endfacet
facet normal 0.99518436 0.09802105 0
    outer loop
        vertex -6.0119295 -2.8819377 0.6
        vertex -6.0119295 -2.8819377 0.2
        vertex -6.02 -2.8000002 0.6
    endloop
endfacet
facet normal 0.95694178 0.29028004 0
    outer loop
        vertex -5.9880295 -2.960727 0.6
        vertex -6.0119295 -2.8819377 0.2
        vertex -6.0119295 -2.8819377 0.6
    endloop
endfacet
facet normal 0.88191915 0.47140089 0
    outer loop
        vertex -5.949217 -3.0333395 0.6
        vertex -5.9880295 -2.960727 0.2
        vertex -5.9880295 -2.960727 0.6
    endloop
endfacet
facet normal 0.88191915 0.47140089 -0
    outer loop
        vertex -5.949217 -3.0333395 0.2
        vertex -5.9880295 -2.960727 0.2
        vertex -5.949217 -3.0333395 0.6
    endloop
endfacet
facet normal 0.77301127 0.63439232 -0
    outer loop
        vertex -5.8969846 -3.0969849 0.2
        vertex -5.949217 -3.0333395 0.2
        vertex -5.8969846 -3.0969849 0.6
    endloop
endfacet
facet normal 0.63439399 0.77300978 -0
    outer loop
        vertex -5.8969846 -3.0969849 0.2
        vertex -5.8969846 -3.0969849 0.6
        vertex -5.833339 -3.1492174 0.6
    endloop
endfacet
facet normal 0.47139528 0.88192201 -0
    outer loop
        vertex -5.833339 -3.1492174 0.2
        vertex -5.833339 -3.1492174 0.6
        vertex -5.760727 -3.1880293 0.6
    endloop
endfacet
facet normal 0.47139528 0.88192201 0
    outer loop
        vertex -5.833339 -3.1492174 0.2
        vertex -5.760727 -3.1880293 0.6
        vertex -5.760727 -3.1880293 0.2
    endloop
endfacet
facet normal 0.29028428 0.95694047 0
    outer loop
        vertex -5.760727 -3.1880293 0.2
        vertex -5.681938 -3.2119296 0.6
        vertex -5.681938 -3.2119296 0.2
    endloop
endfacet
facet normal 0.09802075 0.99518436 0
    outer loop
        vertex -5.681938 -3.2119296 0.6
        vertex -5.6000004 -3.22 0.6
        vertex -5.681938 -3.2119296 0.2
    endloop
endfacet
facet normal -0.0980202 0.99518448 0
    outer loop
        vertex -5.6000004 -3.22 0.6
        vertex -5.518062 -3.2119296 0.6
        vertex -5.6000004 -3.22 0.2
    endloop
endfacet
facet normal -0.0980202 0.99518448 0
    outer loop
        vertex -5.518062 -3.2119296 0.6
        vertex -5.518062 -3.2119296 0.2
        vertex -5.6000004 -3.22 0.2
    endloop
endfacet
facet normal -0.29028264 0.95694089 0
    outer loop
        vertex -5.439273 -3.1880293 0.6
        vertex -5.439273 -3.1880293 0.2
        vertex -5.518062 -3.2119296 0.2
    endloop
endfacet
facet normal -0.47139528 0.88192201 0
    outer loop
        vertex -5.3666606 -3.1492174 0.6
        vertex -5.439273 -3.1880293 0.2
        vertex -5.439273 -3.1880293 0.6
    endloop
endfacet
facet normal -0.63439399 0.77300978 0
    outer loop
        vertex -5.303015 -3.0969849 0.6
        vertex -5.3666606 -3.1492174 0.2
        vertex -5.3666606 -3.1492174 0.6
    endloop
endfacet
facet normal -0.9951849 0.09801531 0
    outer loop
        vertex -5.1800003 -2.8000002 0.2
        vertex -5.1880703 -2.8819377 0.2
        vertex -5.1800003 -2.8000002 0.6
    endloop
endfacet
facet normal -0.9951849 0.09801531 0
    outer loop
        vertex -5.1880703 -2.8819377 0.2
        vertex -5.1880703 -2.8819377 0.6
        vertex -5.1800003 -2.8000002 0.6
    endloop
endfacet
facet normal -0.95694017 0.29028532 0
    outer loop
        vertex -5.211971 -2.960727 0.2
        vertex -5.1880703 -2.8819377 0.6
        vertex -5.1880703 -2.8819377 0.2
    endloop
endfacet
facet normal -0.95694017 0.29028532 0
    outer loop
        vertex -5.211971 -2.960727 0.6
        vertex -5.1880703 -2.8819377 0.6
        vertex -5.211971 -2.960727 0.2
    endloop
endfacet
facet normal -0.88192153 0.47139636 0
    outer loop
        vertex -5.211971 -2.960727 0.6
        vertex -5.211971 -2.960727 0.2
        vertex -5.250783 -3.0333395 0.2
    endloop
endfacet
facet normal -0.88192153 0.47139636 0
    outer loop
        vertex -5.211971 -2.960727 0.6
        vertex -5.250783 -3.0333395 0.2
        vertex -5.250783 -3.0333395 0.6
    endloop
endfacet
facet normal -0.77301127 0.63439232 0
    outer loop
        vertex -5.250783 -3.0333395 0.2
        vertex -5.303015 -3.0969849 0.2
        vertex -5.250783 -3.0333395 0.6
    endloop
endfacet
facet normal -0.77301127 0.63439232 0
    outer loop
        vertex -5.303015 -3.0969849 0.2
        vertex -5.303015 -3.0969849 0.6
        vertex -5.250783 -3.0333395 0.6
    endloop
endfacet
facet normal -0.63439399 0.77300978 0
    outer loop
        vertex -5.3666606 -3.1492174 0.2
        vertex -5.303015 -3.0969849 0.6
        vertex -5.303015 -3.0969849 0.2
    endloop
endfacet
facet normal -0.47139528 0.88192201 0
    outer loop
        vertex -5.439273 -3.1880293 0.2
        vertex -5.3666606 -3.1492174 0.6
        vertex -5.3666606 -3.1492174 0.2
    endloop
endfacet
facet normal -0.29028264 0.95694089 0
    outer loop
        vertex -5.518062 -3.2119296 0.2
        vertex -5.518062 -3.2119296 0.6
        vertex -5.439273 -3.1880293 0.6
    endloop
endfacet
facet normal 0.09802075 0.99518436 -0
    outer loop
        vertex -5.6000004 -3.22 0.2
        vertex -5.681938 -3.2119296 0.2
        vertex -5.6000004 -3.22 0.6
    endloop
endfacet
facet normal 0.29028428 0.95694047 0
    outer loop
        vertex -5.681938 -3.2119296 0.6
        vertex -5.760727 -3.1880293 0.2
        vertex -5.760727 -3.1880293 0.6
    endloop
endfacet
facet normal 0.63439399 0.77300978 0
    outer loop
        vertex -5.833339 -3.1492174 0.6
        vertex -5.833339 -3.1492174 0.2
        vertex -5.8969846 -3.0969849 0.2
    endloop
endfacet
facet normal 0.77301127 0.63439232 0
    outer loop
        vertex -5.949217 -3.0333395 0.6
        vertex -5.8969846 -3.0969849 0.6
        vertex -5.949217 -3.0333395 0.2
    endloop
endfacet
facet normal 0.99518436 0.09802105 0
    outer loop
        vertex -6.0119295 -2.8819377 0.2
        vertex -6.02 -2.8000002 0.2
        vertex -6.02 -2.8000002 0.6
    endloop
endfacet
facet normal 0.95694178 0.29028004 0
    outer loop
        vertex -5.9880295 -2.960727 0.6
        vertex -5.9880295 -2.960727 0.2
        vertex -6.0119295 -2.8819377 0.2
    endloop
endfacet
facet normal 0.99518436 -0.09802105 0
    outer loop
        vertex -6.0119295 2.8819377 0.2
        vertex -6.0119295 2.8819377 0.6
        vertex -6.02 2.8000002 0.2
    endloop
endfacet
facet normal 0.95694178 -0.29028004 0
    outer loop
        vertex -5.9880295 2.960727 0.6
        vertex -6.0119295 2.8819377 0.6
        vertex -6.0119295 2.8819377 0.2
    endloop
endfacet
facet normal 0.88191915 -0.47140089 0
    outer loop
        vertex -5.949217 3.0333395 0.6
        vertex -5.9880295 2.960727 0.6
        vertex -5.9880295 2.960727 0.2
    endloop
endfacet
facet normal 0.88191915 -0.47140089 0
    outer loop
        vertex -5.949217 3.0333395 0.6
        vertex -5.9880295 2.960727 0.2
        vertex -5.949217 3.0333395 0.2
    endloop
endfacet
facet normal 0.77301127 -0.63439232 0
    outer loop
        vertex -5.8969846 3.0969849 0.6
        vertex -5.949217 3.0333395 0.2
        vertex -5.8969846 3.0969849 0.2
    endloop
endfacet
facet normal 0.63439399 -0.77300978 0
    outer loop
        vertex -5.8969846 3.0969849 0.6
        vertex -5.8969846 3.0969849 0.2
        vertex -5.833339 3.1492174 0.6
    endloop
endfacet
facet normal 0.47139528 -0.88192201 0
    outer loop
        vertex -5.833339 3.1492174 0.6
        vertex -5.833339 3.1492174 0.2
        vertex -5.760727 3.1880293 0.6
    endloop
endfacet
facet normal 0.47139528 -0.88192201 0
    outer loop
        vertex -5.833339 3.1492174 0.2
        vertex -5.760727 3.1880293 0.2
        vertex -5.760727 3.1880293 0.6
    endloop
endfacet
facet normal 0.29028428 -0.95694047 0
    outer loop
        vertex -5.760727 3.1880293 0.2
        vertex -5.681938 3.2119296 0.2
        vertex -5.681938 3.2119296 0.6
    endloop
endfacet
facet normal 0.09802075 -0.99518436 0
    outer loop
        vertex -5.681938 3.2119296 0.2
        vertex -5.6000004 3.22 0.6
        vertex -5.681938 3.2119296 0.6
    endloop
endfacet
facet normal -0.0980202 -0.99518448 0
    outer loop
        vertex -5.6000004 3.22 0.2
        vertex -5.518062 3.2119296 0.2
        vertex -5.6000004 3.22 0.6
    endloop
endfacet
facet normal -0.0980202 -0.99518448 0
    outer loop
        vertex -5.518062 3.2119296 0.2
        vertex -5.518062 3.2119296 0.6
        vertex -5.6000004 3.22 0.6
    endloop
endfacet
facet normal -0.29028264 -0.95694089 0
    outer loop
        vertex -5.439273 3.1880293 0.2
        vertex -5.439273 3.1880293 0.6
        vertex -5.518062 3.2119296 0.6
    endloop
endfacet
facet normal -0.47139528 -0.88192201 0
    outer loop
        vertex -5.3666606 3.1492174 0.2
        vertex -5.439273 3.1880293 0.6
        vertex -5.439273 3.1880293 0.2
    endloop
endfacet
facet normal -0.63439399 -0.77300978 0
    outer loop
        vertex -5.303015 3.0969849 0.2
        vertex -5.3666606 3.1492174 0.6
        vertex -5.3666606 3.1492174 0.2
    endloop
endfacet
facet normal -0.9951849 -0.09801531 -0
    outer loop
        vertex -5.1800003 2.8000002 0.6
        vertex -5.1880703 2.8819377 0.6
        vertex -5.1800003 2.8000002 0.2
    endloop
endfacet
facet normal -0.9951849 -0.09801531 -0
    outer loop
        vertex -5.1880703 2.8819377 0.6
        vertex -5.1880703 2.8819377 0.2
        vertex -5.1800003 2.8000002 0.2
    endloop
endfacet
facet normal -0.95694017 -0.29028532 0
    outer loop
        vertex -5.211971 2.960727 0.6
        vertex -5.1880703 2.8819377 0.2
        vertex -5.1880703 2.8819377 0.6
    endloop
endfacet
facet normal -0.95694017 -0.29028532 0
    outer loop
        vertex -5.211971 2.960727 0.2
        vertex -5.1880703 2.8819377 0.2
        vertex -5.211971 2.960727 0.6
    endloop
endfacet
facet normal -0.88192153 -0.47139636 0
    outer loop
        vertex -5.211971 2.960727 0.2
        vertex -5.211971 2.960727 0.6
        vertex -5.250783 3.0333395 0.6
    endloop
endfacet
facet normal -0.88192153 -0.47139636 0
    outer loop
        vertex -5.211971 2.960727 0.2
        vertex -5.250783 3.0333395 0.6
        vertex -5.250783 3.0333395 0.2
    endloop
endfacet
facet normal -0.77301127 -0.63439232 -0
    outer loop
        vertex -5.250783 3.0333395 0.6
        vertex -5.303015 3.0969849 0.6
        vertex -5.250783 3.0333395 0.2
    endloop
endfacet
facet normal -0.77301127 -0.63439232 -0
    outer loop
        vertex -5.303015 3.0969849 0.6
        vertex -5.303015 3.0969849 0.2
        vertex -5.250783 3.0333395 0.2
    endloop
endfacet
facet normal -0.63439399 -0.77300978 0
    outer loop
        vertex -5.3666606 3.1492174 0.6
        vertex -5.303015 3.0969849 0.2
        vertex -5.303015 3.0969849 0.6
    endloop
endfacet
facet normal -0.47139528 -0.88192201 0
    outer loop
        vertex -5.439273 3.1880293 0.6
        vertex -5.3666606 3.1492174 0.2
        vertex -5.3666606 3.1492174 0.6
    endloop
endfacet
facet normal -0.29028264 -0.95694089 -0
    outer loop
        vertex -5.518062 3.2119296 0.6
        vertex -5.518062 3.2119296 0.2
        vertex -5.439273 3.1880293 0.2
    endloop
endfacet
facet normal 0.09802075 -0.99518436 0
    outer loop
        vertex -5.6000004 3.22 0.6
        vertex -5.681938 3.2119296 0.2
        vertex -5.6000004 3.22 0.2
    endloop
endfacet
facet normal 0.29028428 -0.95694047 0
    outer loop
        vertex -5.681938 3.2119296 0.6
        vertex -5.760727 3.1880293 0.6
        vertex -5.760727 3.1880293 0.2
    endloop
endfacet
facet normal 0.63439399 -0.77300978 0
    outer loop
        vertex -5.833339 3.1492174 0.2
        vertex -5.833339 3.1492174 0.6
        vertex -5.8969846 3.0969849 0.2
    endloop
endfacet
facet normal 0.77301127 -0.63439232 0
    outer loop
        vertex -5.949217 3.0333395 0.2
        vertex -5.8969846 3.0969849 0.6
        vertex -5.949217 3.0333395 0.6
    endloop
endfacet
facet normal 0.99518436 -0.09802105 0
    outer loop
        vertex -6.0119295 2.8819377 0.6
        vertex -6.02 2.8000002 0.6
        vertex -6.02 2.8000002 0.2
    endloop
endfacet
facet normal 0.95694178 -0.29028004 0
    outer loop
        vertex -5.9880295 2.960727 0.2
        vertex -5.9880295 2.960727 0.6
        vertex -6.0119295 2.8819377 0.2
    endloop
endfacet
facet normal 0 0 1
    outer loop
        vertex -5.643895 3.0206766 0.2
        vertex -5.681938 3.2119296 0.2
        vertex -5.686104 3.007873 0.2
    endloop
endfacet
facet normal 0 -0 1
    outer loop
        vertex -5.643895 3.0206766 0.2
        vertex -5.6000004 3.025 0.2
        vertex -5.681938 3.2119296 0.2
    endloop
endfacet
facet normal 0 0 1
    outer loop
        vertex -5.686104 3.007873 0.2
        vertex -5.760727 3.1880293 0.2
        vertex -5.7250032 2.9870806 0.2
    endloop
endfacet
facet normal 0 0 1
    outer loop
        vertex -5.7250032 2.9870806 0.2
        vertex -5.760727 3.1880293 0.2
        vertex -5.833339 3.1492174 0.2
    endloop
endfacet
facet normal 0 0 1
    outer loop
        vertex -5.759099 2.959099 0.2
        vertex -5.833339 3.1492174 0.2
        vertex -5.8969846 3.0969849 0.2
    endloop
endfacet
facet normal 0 -0 1
    outer loop
        vertex -5.787081 2.9250033 0.2
        vertex -5.759099 2.959099 0.2
        vertex -5.8969846 3.0969849 0.2
    endloop
endfacet
facet normal 0 0 1
    outer loop
        vertex -5.949217 3.0333395 0.2
        vertex -5.807873 2.8861039 0.2
        vertex -5.787081 2.9250033 0.2
    endloop
endfacet
facet normal 0 0 1
    outer loop
        vertex -5.949217 3.0333395 0.2
        vertex -5.9880295 2.960727 0.2
        vertex -5.807873 2.8861039 0.2
    endloop
endfacet
facet normal 0 0 1
    outer loop
        vertex -5.807873 2.8861039 0.2
        vertex -5.9880295 2.960727 0.2
        vertex -5.820677 2.8438954 0.2
    endloop
endfacet
facet normal -0 0 1
    outer loop
        vertex -6.02 2.8000002 0.2
        vertex -5.820677 2.7561047 0.2
        vertex -5.825 2.8000002 0.2
    endloop
endfacet
facet normal 0 0 1
    outer loop
        vertex -6.0119295 2.8819377 0.2
        vertex -6.02 2.8000002 0.2
        vertex -5.825 2.8000002 0.2
    endloop
endfacet
facet normal -0 0 1
    outer loop
        vertex -6.0119295 2.7180622 0.2
        vertex -5.807873 2.713896 0.2
        vertex -5.820677 2.7561047 0.2
    endloop
endfacet
facet normal 0 0 1
    outer loop
        vertex -6.02 2.8000002 0.2
        vertex -6.0119295 2.7180622 0.2
        vertex -5.820677 2.7561047 0.2
    endloop
endfacet
facet normal 0 0 1
    outer loop
        vertex -5.9880295 2.639273 0.2
        vertex -5.787081 2.6749966 0.2
        vertex -5.807873 2.713896 0.2
    endloop
endfacet
facet normal 0 0 1
    outer loop
        vertex -6.0119295 2.7180622 0.2
        vertex -5.9880295 2.639273 0.2
        vertex -5.807873 2.713896 0.2
    endloop
endfacet
facet normal 0 0 1
    outer loop
        vertex -5.949217 2.5666606 0.2
        vertex -5.759099 2.6409009 0.2
        vertex -5.787081 2.6749966 0.2
    endloop
endfacet
facet normal -0 0 1
    outer loop
        vertex -5.9880295 2.639273 0.2
        vertex -5.949217 2.5666606 0.2
        vertex -5.787081 2.6749966 0.2
    endloop
endfacet
facet normal 0 0 1
    outer loop
        vertex -5.8969846 2.503015 0.2
        vertex -5.7250032 2.6129193 0.2
        vertex -5.759099 2.6409009 0.2
    endloop
endfacet
facet normal -0 0 1
    outer loop
        vertex -5.949217 2.5666606 0.2
        vertex -5.8969846 2.503015 0.2
        vertex -5.759099 2.6409009 0.2
    endloop
endfacet
facet normal 0 0 1
    outer loop
        vertex -5.833339 2.4507828 0.2
        vertex -5.686104 2.592127 0.2
        vertex -5.7250032 2.6129193 0.2
    endloop
endfacet
facet normal -0 0 1
    outer loop
        vertex -5.8969846 2.503015 0.2
        vertex -5.833339 2.4507828 0.2
        vertex -5.7250032 2.6129193 0.2
    endloop
endfacet
facet normal 0 0 1
    outer loop
        vertex -5.760727 2.4119706 0.2
        vertex -5.643895 2.5793233 0.2
        vertex -5.686104 2.592127 0.2
    endloop
endfacet
facet normal -0 0 1
    outer loop
        vertex -5.833339 2.4507828 0.2
        vertex -5.760727 2.4119706 0.2
        vertex -5.686104 2.592127 0.2
    endloop
endfacet
facet normal 0 0 1
    outer loop
        vertex -5.681938 2.38807 0.2
        vertex -5.6000004 2.575 0.2
        vertex -5.643895 2.5793233 0.2
    endloop
endfacet
facet normal -0 0 1
    outer loop
        vertex -5.760727 2.4119706 0.2
        vertex -5.681938 2.38807 0.2
        vertex -5.643895 2.5793233 0.2
    endloop
endfacet
facet normal 0 0 1
    outer loop
        vertex -5.6000004 2.38 0.2
        vertex -5.5561047 2.5793233 0.2
        vertex -5.6000004 2.575 0.2
    endloop
endfacet
facet normal -0 0 1
    outer loop
        vertex -5.681938 2.38807 0.2
        vertex -5.6000004 2.38 0.2
        vertex -5.6000004 2.575 0.2
    endloop
endfacet
facet normal 0 -0 1
    outer loop
        vertex -5.518062 2.38807 0.2
        vertex -5.513896 2.592127 0.2
        vertex -5.5561047 2.5793233 0.2
    endloop
endfacet
facet normal 0 0 1
    outer loop
        vertex -5.6000004 2.38 0.2
        vertex -5.518062 2.38807 0.2
        vertex -5.5561047 2.5793233 0.2
    endloop
endfacet
facet normal 0 0 1
    outer loop
        vertex -5.439273 2.4119706 0.2
        vertex -5.4749966 2.6129193 0.2
        vertex -5.513896 2.592127 0.2
    endloop
endfacet
facet normal 0 0 1
    outer loop
        vertex -5.518062 2.38807 0.2
        vertex -5.439273 2.4119706 0.2
        vertex -5.513896 2.592127 0.2
    endloop
endfacet
facet normal 0 0 1
    outer loop
        vertex -5.3666606 2.4507828 0.2
        vertex -5.440901 2.6409009 0.2
        vertex -5.4749966 2.6129193 0.2
    endloop
endfacet
facet normal 0 -0 1
    outer loop
        vertex -5.439273 2.4119706 0.2
        vertex -5.3666606 2.4507828 0.2
        vertex -5.4749966 2.6129193 0.2
    endloop
endfacet
facet normal 0 0 1
    outer loop
        vertex -5.303015 2.503015 0.2
        vertex -5.4129195 2.6749966 0.2
        vertex -5.440901 2.6409009 0.2
    endloop
endfacet
facet normal 0 -0 1
    outer loop
        vertex -5.3666606 2.4507828 0.2
        vertex -5.303015 2.503015 0.2
        vertex -5.440901 2.6409009 0.2
    endloop
endfacet
facet normal 0 0 1
    outer loop
        vertex -5.250783 2.5666606 0.2
        vertex -5.392127 2.713896 0.2
        vertex -5.4129195 2.6749966 0.2
    endloop
endfacet
facet normal 0 -0 1
    outer loop
        vertex -5.303015 2.503015 0.2
        vertex -5.250783 2.5666606 0.2
        vertex -5.4129195 2.6749966 0.2
    endloop
endfacet
facet normal 0 0 1
    outer loop
        vertex -5.211971 2.639273 0.2
        vertex -5.3793235 2.7561047 0.2
        vertex -5.392127 2.713896 0.2
    endloop
endfacet
facet normal 0 -0 1
    outer loop
        vertex -5.250783 2.5666606 0.2
        vertex -5.211971 2.639273 0.2
        vertex -5.392127 2.713896 0.2
    endloop
endfacet
facet normal 0 0 1
    outer loop
        vertex -5.1880703 2.7180622 0.2
        vertex -5.375 2.8000002 0.2
        vertex -5.3793235 2.7561047 0.2
    endloop
endfacet
facet normal 0 -0 1
    outer loop
        vertex -5.211971 2.639273 0.2
        vertex -5.1880703 2.7180622 0.2
        vertex -5.3793235 2.7561047 0.2
    endloop
endfacet
facet normal 0 0 1
    outer loop
        vertex -5.1800003 2.8000002 0.2
        vertex -5.3793235 2.8438954 0.2
        vertex -5.375 2.8000002 0.2
    endloop
endfacet
facet normal 0 -0 1
    outer loop
        vertex -5.1880703 2.7180622 0.2
        vertex -5.1800003 2.8000002 0.2
        vertex -5.375 2.8000002 0.2
    endloop
endfacet
facet normal 0 0 1
    outer loop
        vertex -5.1880703 2.8819377 0.2
        vertex -5.392127 2.8861039 0.2
        vertex -5.3793235 2.8438954 0.2
    endloop
endfacet
facet normal 0 0 1
    outer loop
        vertex -5.1800003 2.8000002 0.2
        vertex -5.1880703 2.8819377 0.2
        vertex -5.3793235 2.8438954 0.2
    endloop
endfacet
facet normal 0 0 1
    outer loop
        vertex -5.211971 2.960727 0.2
        vertex -5.4129195 2.9250033 0.2
        vertex -5.392127 2.8861039 0.2
    endloop
endfacet
facet normal 0 0 1
    outer loop
        vertex -5.1880703 2.8819377 0.2
        vertex -5.211971 2.960727 0.2
        vertex -5.392127 2.8861039 0.2
    endloop
endfacet
facet normal 0 0 1
    outer loop
        vertex -5.250783 3.0333395 0.2
        vertex -5.440901 2.959099 0.2
        vertex -5.4129195 2.9250033 0.2
    endloop
endfacet
facet normal 0 0 1
    outer loop
        vertex -5.211971 2.960727 0.2
        vertex -5.250783 3.0333395 0.2
        vertex -5.4129195 2.9250033 0.2
    endloop
endfacet
facet normal 0 0 1
    outer loop
        vertex -5.303015 3.0969849 0.2
        vertex -5.4749966 2.9870806 0.2
        vertex -5.440901 2.959099 0.2
    endloop
endfacet
facet normal 0 0 1
    outer loop
        vertex -5.250783 3.0333395 0.2
        vertex -5.303015 3.0969849 0.2
        vertex -5.440901 2.959099 0.2
    endloop
endfacet
facet normal 0 0 1
    outer loop
        vertex -5.3666606 3.1492174 0.2
        vertex -5.513896 3.007873 0.2
        vertex -5.4749966 2.9870806 0.2
    endloop
endfacet
facet normal 0 0 1
    outer loop
        vertex -5.303015 3.0969849 0.2
        vertex -5.3666606 3.1492174 0.2
        vertex -5.4749966 2.9870806 0.2
    endloop
endfacet
facet normal 0 -0 1
    outer loop
        vertex -5.759099 2.959099 0.2
        vertex -5.7250032 2.9870806 0.2
        vertex -5.833339 3.1492174 0.2
    endloop
endfacet
facet normal -0 0 1
    outer loop
        vertex -5.949217 3.0333395 0.2
        vertex -5.787081 2.9250033 0.2
        vertex -5.8969846 3.0969849 0.2
    endloop
endfacet
facet normal 0 0 1
    outer loop
        vertex -5.820677 2.8438954 0.2
        vertex -5.9880295 2.960727 0.2
        vertex -6.0119295 2.8819377 0.2
    endloop
endfacet
facet normal 0 0 1
    outer loop
        vertex -5.681938 3.2119296 0.2
        vertex -5.760727 3.1880293 0.2
        vertex -5.686104 3.007873 0.2
    endloop
endfacet
facet normal 0 0 1
    outer loop
        vertex -5.6000004 3.22 0.2
        vertex -5.681938 3.2119296 0.2
        vertex -5.6000004 3.025 0.2
    endloop
endfacet
facet normal 0 0 1
    outer loop
        vertex -5.6000004 3.22 0.2
        vertex -5.6000004 3.025 0.2
        vertex -5.518062 3.2119296 0.2
    endloop
endfacet
facet normal 0 0 1
    outer loop
        vertex -5.518062 3.2119296 0.2
        vertex -5.6000004 3.025 0.2
        vertex -5.5561047 3.0206766 0.2
    endloop
endfacet
facet normal 0 0 1
    outer loop
        vertex -5.439273 3.1880293 0.2
        vertex -5.518062 3.2119296 0.2
        vertex -5.5561047 3.0206766 0.2
    endloop
endfacet
facet normal 0 0 1
    outer loop
        vertex -5.3666606 3.1492174 0.2
        vertex -5.439273 3.1880293 0.2
        vertex -5.513896 3.007873 0.2
    endloop
endfacet
facet normal 0 -0 1
    outer loop
        vertex -5.513896 3.007873 0.2
        vertex -5.439273 3.1880293 0.2
        vertex -5.5561047 3.0206766 0.2
    endloop
endfacet
facet normal 0 0 1
    outer loop
        vertex -6.0119295 2.8819377 0.2
        vertex -5.825 2.8000002 0.2
        vertex -5.820677 2.8438954 0.2
    endloop
endfacet
facet normal 0.99518543 0.09800991 0
    outer loop
        vertex -5.820677 2.7561047 0.2
        vertex -5.825 2.8000002 -0.6
        vertex -5.825 2.8000002 0.2
    endloop
endfacet
facet normal 0.95693934 0.29028824 0
    outer loop
        vertex -5.807873 2.713896 0.2
        vertex -5.820677 2.7561047 -0.6
        vertex -5.820677 2.7561047 0.2
    endloop
endfacet
facet normal 0.95693934 0.29028824 -0
    outer loop
        vertex -5.807873 2.713896 -0.6
        vertex -5.820677 2.7561047 -0.6
        vertex -5.807873 2.713896 0.2
    endloop
endfacet
facet normal 0.88192284 0.47139379 -0
    outer loop
        vertex -5.787081 2.6749966 -0.6
        vertex -5.807873 2.713896 -0.6
        vertex -5.787081 2.6749966 0.2
    endloop
endfacet
facet normal 0.77300942 0.63439447 -0
    outer loop
        vertex -5.787081 2.6749966 -0.6
        vertex -5.787081 2.6749966 0.2
        vertex -5.759099 2.6409009 0.2
    endloop
endfacet
facet normal 0.63439125 0.77301216 -0
    outer loop
        vertex -5.759099 2.6409009 -0.6
        vertex -5.759099 2.6409009 0.2
        vertex -5.7250032 2.6129193 0.2
    endloop
endfacet
facet normal 0.63439125 0.77301216 0
    outer loop
        vertex -5.759099 2.6409009 -0.6
        vertex -5.7250032 2.6129193 0.2
        vertex -5.7250032 2.6129193 -0.6
    endloop
endfacet
facet normal 0.471398 0.88192052 0
    outer loop
        vertex -5.7250032 2.6129193 -0.6
        vertex -5.686104 2.592127 0.2
        vertex -5.686104 2.592127 -0.6
    endloop
endfacet
facet normal 0.29028329 0.95694077 0
    outer loop
        vertex -5.686104 2.592127 -0.6
        vertex -5.643895 2.5793233 0.2
        vertex -5.643895 2.5793233 -0.6
    endloop
endfacet
facet normal 0.09801684 0.99518472 0
    outer loop
        vertex -5.643895 2.5793233 0.2
        vertex -5.6000004 2.575 0.2
        vertex -5.643895 2.5793233 -0.6
    endloop
endfacet
facet normal -0.09801473 0.9951849 0
    outer loop
        vertex -5.6000004 2.575 0.2
        vertex -5.5561047 2.5793233 0.2
        vertex -5.6000004 2.575 -0.6
    endloop
endfacet
facet normal -0.09801473 0.9951849 0
    outer loop
        vertex -5.5561047 2.5793233 0.2
        vertex -5.5561047 2.5793233 -0.6
        vertex -5.6000004 2.575 -0.6
    endloop
endfacet
facet normal -0.29028329 0.95694077 0
    outer loop
        vertex -5.513896 2.592127 0.2
        vertex -5.513896 2.592127 -0.6
        vertex -5.5561047 2.5793233 -0.6
    endloop
endfacet
facet normal -0.471398 0.88192052 0
    outer loop
        vertex -5.4749966 2.6129193 0.2
        vertex -5.513896 2.592127 -0.6
        vertex -5.513896 2.592127 0.2
    endloop
endfacet
facet normal -0.63439125 0.77301216 0
    outer loop
        vertex -5.440901 2.6409009 0.2
        vertex -5.4749966 2.6129193 -0.6
        vertex -5.4749966 2.6129193 0.2
    endloop
endfacet
facet normal -0.99518436 0.09802062 0
    outer loop
        vertex -5.375 2.8000002 -0.6
        vertex -5.3793235 2.7561047 -0.6
        vertex -5.375 2.8000002 0.2
    endloop
endfacet
facet normal -0.99518436 0.09802062 0
    outer loop
        vertex -5.3793235 2.7561047 -0.6
        vertex -5.3793235 2.7561047 0.2
        vertex -5.375 2.8000002 0.2
    endloop
endfacet
facet normal -0.95694226 0.29027835 0
    outer loop
        vertex -5.392127 2.713896 -0.6
        vertex -5.3793235 2.7561047 0.2
        vertex -5.3793235 2.7561047 -0.6
    endloop
endfacet
facet normal -0.95694226 0.29027835 0
    outer loop
        vertex -5.392127 2.713896 0.2
        vertex -5.3793235 2.7561047 0.2
        vertex -5.392127 2.713896 -0.6
    endloop
endfacet
facet normal -0.88191843 0.47140223 0
    outer loop
        vertex -5.392127 2.713896 0.2
        vertex -5.392127 2.713896 -0.6
        vertex -5.4129195 2.6749966 -0.6
    endloop
endfacet
facet normal -0.88191843 0.47140223 0
    outer loop
        vertex -5.392127 2.713896 0.2
        vertex -5.4129195 2.6749966 -0.6
        vertex -5.4129195 2.6749966 0.2
    endloop
endfacet
facet normal -0.77301484 0.63438809 0
    outer loop
        vertex -5.4129195 2.6749966 -0.6
        vertex -5.440901 2.6409009 -0.6
        vertex -5.4129195 2.6749966 0.2
    endloop
endfacet
facet normal -0.77301484 0.63438809 0
    outer loop
        vertex -5.440901 2.6409009 -0.6
        vertex -5.440901 2.6409009 0.2
        vertex -5.4129195 2.6749966 0.2
    endloop
endfacet
facet normal -0.63439125 0.77301216 0
    outer loop
        vertex -5.4749966 2.6129193 -0.6
        vertex -5.440901 2.6409009 0.2
        vertex -5.440901 2.6409009 -0.6
    endloop
endfacet
facet normal -0.471398 0.88192052 0
    outer loop
        vertex -5.513896 2.592127 -0.6
        vertex -5.4749966 2.6129193 0.2
        vertex -5.4749966 2.6129193 -0.6
    endloop
endfacet
facet normal -0.29028329 0.95694077 0
    outer loop
        vertex -5.5561047 2.5793233 -0.6
        vertex -5.5561047 2.5793233 0.2
        vertex -5.513896 2.592127 0.2
    endloop
endfacet
facet normal 0.09801684 0.99518472 -0
    outer loop
        vertex -5.6000004 2.575 -0.6
        vertex -5.643895 2.5793233 -0.6
        vertex -5.6000004 2.575 0.2
    endloop
endfacet
facet normal 0.29028329 0.95694077 0
    outer loop
        vertex -5.643895 2.5793233 0.2
        vertex -5.686104 2.592127 -0.6
        vertex -5.686104 2.592127 0.2
    endloop
endfacet
facet normal 0.471398 0.88192052 0
    outer loop
        vertex -5.686104 2.592127 0.2
        vertex -5.7250032 2.6129193 -0.6
        vertex -5.7250032 2.6129193 0.2
    endloop
endfacet
facet normal 0.77300942 0.63439447 0
    outer loop
        vertex -5.759099 2.6409009 0.2
        vertex -5.759099 2.6409009 -0.6
        vertex -5.787081 2.6749966 -0.6
    endloop
endfacet
facet normal 0.99518543 0.09800991 -0
    outer loop
        vertex -5.820677 2.7561047 -0.6
        vertex -5.825 2.8000002 -0.6
        vertex -5.820677 2.7561047 0.2
    endloop
endfacet
facet normal 0.88192284 0.47139379 0
    outer loop
        vertex -5.787081 2.6749966 0.2
        vertex -5.807873 2.713896 -0.6
        vertex -5.807873 2.713896 0.2
    endloop
endfacet
facet normal 0.99518436 0.09802046 0
    outer loop
        vertex -6.0119295 2.7180622 0.6
        vertex -6.0119295 2.7180622 0.2
        vertex -6.02 2.8000002 0.6
    endloop
endfacet
facet normal 0.95694178 0.29028004 0
    outer loop
        vertex -5.9880295 2.639273 0.6
        vertex -6.0119295 2.7180622 0.2
        vertex -6.0119295 2.7180622 0.6
    endloop
endfacet
facet normal 0.88191843 0.47140205 0
    outer loop
        vertex -5.949217 2.5666606 0.6
        vertex -5.9880295 2.639273 0.2
        vertex -5.9880295 2.639273 0.6
    endloop
endfacet
facet normal 0.88191843 0.47140205 -0
    outer loop
        vertex -5.949217 2.5666606 0.2
        vertex -5.9880295 2.639273 0.2
        vertex -5.949217 2.5666606 0.6
    endloop
endfacet
facet normal 0.7730124 0.63439089 -0
    outer loop
        vertex -5.8969846 2.503015 0.2
        vertex -5.949217 2.5666606 0.2
        vertex -5.8969846 2.503015 0.6
    endloop
endfacet
facet normal 0.63439232 0.77301127 -0
    outer loop
        vertex -5.8969846 2.503015 0.2
        vertex -5.8969846 2.503015 0.6
        vertex -5.833339 2.4507828 0.6
    endloop
endfacet
facet normal 0.47139752 0.88192081 -0
    outer loop
        vertex -5.833339 2.4507828 0.2
        vertex -5.833339 2.4507828 0.6
        vertex -5.760727 2.4119706 0.6
    endloop
endfacet
facet normal 0.47139752 0.88192081 0
    outer loop
        vertex -5.833339 2.4507828 0.2
        vertex -5.760727 2.4119706 0.6
        vertex -5.760727 2.4119706 0.2
    endloop
endfacet
facet normal 0.29028687 0.95693958 0
    outer loop
        vertex -5.760727 2.4119706 0.2
        vertex -5.681938 2.38807 0.6
        vertex -5.681938 2.38807 0.2
    endloop
endfacet
facet normal 0.09801503 0.9951849 0
    outer loop
        vertex -5.681938 2.38807 0.6
        vertex -5.6000004 2.38 0.6
        vertex -5.681938 2.38807 0.2
    endloop
endfacet
facet normal -0.09801446 0.9951849 0
    outer loop
        vertex -5.6000004 2.38 0.6
        vertex -5.518062 2.38807 0.6
        vertex -5.6000004 2.38 0.2
    endloop
endfacet
facet normal -0.09801446 0.9951849 0
    outer loop
        vertex -5.518062 2.38807 0.6
        vertex -5.518062 2.38807 0.2
        vertex -5.6000004 2.38 0.2
    endloop
endfacet
facet normal -0.29028532 0.95694017 0
    outer loop
        vertex -5.439273 2.4119706 0.6
        vertex -5.439273 2.4119706 0.2
        vertex -5.518062 2.38807 0.2
    endloop
endfacet
facet normal -0.47139752 0.88192081 0
    outer loop
        vertex -5.3666606 2.4507828 0.6
        vertex -5.439273 2.4119706 0.2
        vertex -5.439273 2.4119706 0.6
    endloop
endfacet
facet normal -0.63439232 0.77301127 0
    outer loop
        vertex -5.303015 2.503015 0.6
        vertex -5.3666606 2.4507828 0.2
        vertex -5.3666606 2.4507828 0.6
    endloop
endfacet
facet normal -0.9951849 0.09801473 0
    outer loop
        vertex -5.1800003 2.8000002 0.2
        vertex -5.1880703 2.7180622 0.2
        vertex -5.1800003 2.8000002 0.6
    endloop
endfacet
facet normal -0.9951849 0.09801473 0
    outer loop
        vertex -5.1880703 2.7180622 0.2
        vertex -5.1880703 2.7180622 0.6
        vertex -5.1800003 2.8000002 0.6
    endloop
endfacet
facet normal -0.95694017 0.29028532 0
    outer loop
        vertex -5.211971 2.639273 0.2
        vertex -5.1880703 2.7180622 0.6
        vertex -5.1880703 2.7180622 0.2
    endloop
endfacet
facet normal -0.95694017 0.29028532 0
    outer loop
        vertex -5.211971 2.639273 0.6
        vertex -5.1880703 2.7180622 0.6
        vertex -5.211971 2.639273 0.2
    endloop
endfacet
facet normal -0.88192081 0.47139752 0
    outer loop
        vertex -5.211971 2.639273 0.6
        vertex -5.211971 2.639273 0.2
        vertex -5.250783 2.5666606 0.2
    endloop
endfacet
facet normal -0.88192081 0.47139752 0
    outer loop
        vertex -5.211971 2.639273 0.6
        vertex -5.250783 2.5666606 0.2
        vertex -5.250783 2.5666606 0.6
    endloop
endfacet
facet normal -0.7730124 0.63439089 0
    outer loop
        vertex -5.250783 2.5666606 0.2
        vertex -5.303015 2.503015 0.2
        vertex -5.250783 2.5666606 0.6
    endloop
endfacet
facet normal -0.7730124 0.63439089 0
    outer loop
        vertex -5.303015 2.503015 0.2
        vertex -5.303015 2.503015 0.6
        vertex -5.250783 2.5666606 0.6
    endloop
endfacet
facet normal -0.63439232 0.77301127 0
    outer loop
        vertex -5.3666606 2.4507828 0.2
        vertex -5.303015 2.503015 0.6
        vertex -5.303015 2.503015 0.2
    endloop
endfacet
facet normal -0.47139752 0.88192081 0
    outer loop
        vertex -5.439273 2.4119706 0.2
        vertex -5.3666606 2.4507828 0.6
        vertex -5.3666606 2.4507828 0.2
    endloop
endfacet
facet normal -0.29028532 0.95694017 0
    outer loop
        vertex -5.518062 2.38807 0.2
        vertex -5.518062 2.38807 0.6
        vertex -5.439273 2.4119706 0.6
    endloop
endfacet
facet normal 0.09801503 0.9951849 -0
    outer loop
        vertex -5.6000004 2.38 0.2
        vertex -5.681938 2.38807 0.2
        vertex -5.6000004 2.38 0.6
    endloop
endfacet
facet normal 0.29028687 0.95693958 0
    outer loop
        vertex -5.681938 2.38807 0.6
        vertex -5.760727 2.4119706 0.2
        vertex -5.760727 2.4119706 0.6
    endloop
endfacet
facet normal 0.63439232 0.77301127 0
    outer loop
        vertex -5.833339 2.4507828 0.6
        vertex -5.833339 2.4507828 0.2
        vertex -5.8969846 2.503015 0.2
    endloop
endfacet
facet normal 0.7730124 0.63439089 0
    outer loop
        vertex -5.949217 2.5666606 0.6
        vertex -5.8969846 2.503015 0.6
        vertex -5.949217 2.5666606 0.2
    endloop
endfacet
facet normal 0.99518436 0.09802046 0
    outer loop
        vertex -6.0119295 2.7180622 0.2
        vertex -6.02 2.8000002 0.2
        vertex -6.02 2.8000002 0.6
    endloop
endfacet
facet normal 0.95694178 0.29028004 0
    outer loop
        vertex -5.9880295 2.639273 0.6
        vertex -5.9880295 2.639273 0.2
        vertex -6.0119295 2.7180622 0.2
    endloop
endfacet
facet normal 0.9951849 -0.09801473 0
    outer loop
        vertex 5.1880703 -2.7180622 0.2
        vertex 5.1880703 -2.7180622 0.6
        vertex 5.1800003 -2.8000002 0.2
    endloop
endfacet
facet normal 0.95694017 -0.29028532 0
    outer loop
        vertex 5.211971 -2.639273 0.6
        vertex 5.1880703 -2.7180622 0.6
        vertex 5.1880703 -2.7180622 0.2
    endloop
endfacet
facet normal 0.88192081 -0.47139752 0
    outer loop
        vertex 5.250783 -2.5666606 0.6
        vertex 5.211971 -2.639273 0.6
        vertex 5.211971 -2.639273 0.2
    endloop
endfacet
facet normal 0.88192081 -0.47139752 0
    outer loop
        vertex 5.250783 -2.5666606 0.6
        vertex 5.211971 -2.639273 0.2
        vertex 5.250783 -2.5666606 0.2
    endloop
endfacet
facet normal 0.7730124 -0.63439089 0
    outer loop
        vertex 5.303015 -2.503015 0.6
        vertex 5.250783 -2.5666606 0.2
        vertex 5.303015 -2.503015 0.2
    endloop
endfacet
facet normal 0.63439232 -0.77301127 0
    outer loop
        vertex 5.303015 -2.503015 0.6
        vertex 5.303015 -2.503015 0.2
        vertex 5.3666606 -2.4507828 0.6
    endloop
endfacet
facet normal 0.47139752 -0.88192081 0
    outer loop
        vertex 5.3666606 -2.4507828 0.6
        vertex 5.3666606 -2.4507828 0.2
        vertex 5.439273 -2.4119706 0.6
    endloop
endfacet
facet normal 0.47139752 -0.88192081 0
    outer loop
        vertex 5.3666606 -2.4507828 0.2
        vertex 5.439273 -2.4119706 0.2
        vertex 5.439273 -2.4119706 0.6
    endloop
endfacet
facet normal 0.29028532 -0.95694017 0
    outer loop
        vertex 5.439273 -2.4119706 0.2
        vertex 5.518062 -2.38807 0.2
        vertex 5.518062 -2.38807 0.6
    endloop
endfacet
facet normal 0.09801446 -0.9951849 0
    outer loop
        vertex 5.518062 -2.38807 0.2
        vertex 5.6000004 -2.38 0.6
        vertex 5.518062 -2.38807 0.6
    endloop
endfacet
facet normal -0.09801503 -0.9951849 0
    outer loop
        vertex 5.6000004 -2.38 0.2
        vertex 5.681938 -2.38807 0.2
        vertex 5.6000004 -2.38 0.6
    endloop
endfacet
facet normal -0.09801503 -0.9951849 0
    outer loop
        vertex 5.681938 -2.38807 0.2
        vertex 5.681938 -2.38807 0.6
        vertex 5.6000004 -2.38 0.6
    endloop
endfacet
facet normal -0.29028687 -0.95693958 0
    outer loop
        vertex 5.760727 -2.4119706 0.2
        vertex 5.760727 -2.4119706 0.6
        vertex 5.681938 -2.38807 0.6
    endloop
endfacet
facet normal -0.47139752 -0.88192081 0
    outer loop
        vertex 5.833339 -2.4507828 0.2
        vertex 5.760727 -2.4119706 0.6
        vertex 5.760727 -2.4119706 0.2
    endloop
endfacet
facet normal -0.63439232 -0.77301127 0
    outer loop
        vertex 5.8969846 -2.503015 0.2
        vertex 5.833339 -2.4507828 0.6
        vertex 5.833339 -2.4507828 0.2
    endloop
endfacet
facet normal -0.99518436 -0.09802046 -0
    outer loop
        vertex 6.02 -2.8000002 0.6
        vertex 6.0119295 -2.7180622 0.6
        vertex 6.02 -2.8000002 0.2
    endloop
endfacet
facet normal -0.99518436 -0.09802046 -0
    outer loop
        vertex 6.0119295 -2.7180622 0.6
        vertex 6.0119295 -2.7180622 0.2
        vertex 6.02 -2.8000002 0.2
    endloop
endfacet
facet normal -0.95694178 -0.29028004 0
    outer loop
        vertex 5.9880295 -2.639273 0.6
        vertex 6.0119295 -2.7180622 0.2
        vertex 6.0119295 -2.7180622 0.6
    endloop
endfacet
facet normal -0.95694178 -0.29028004 0
    outer loop
        vertex 5.9880295 -2.639273 0.2
        vertex 6.0119295 -2.7180622 0.2
        vertex 5.9880295 -2.639273 0.6
    endloop
endfacet
facet normal -0.88191843 -0.47140205 0
    outer loop
        vertex 5.9880295 -2.639273 0.2
        vertex 5.9880295 -2.639273 0.6
        vertex 5.949217 -2.5666606 0.6
    endloop
endfacet
facet normal -0.88191843 -0.47140205 0
    outer loop
        vertex 5.9880295 -2.639273 0.2
        vertex 5.949217 -2.5666606 0.6
        vertex 5.949217 -2.5666606 0.2
    endloop
endfacet
facet normal -0.7730124 -0.63439089 -0
    outer loop
        vertex 5.949217 -2.5666606 0.6
        vertex 5.8969846 -2.503015 0.6
        vertex 5.949217 -2.5666606 0.2
    endloop
endfacet
facet normal -0.7730124 -0.63439089 -0
    outer loop
        vertex 5.8969846 -2.503015 0.6
        vertex 5.8969846 -2.503015 0.2
        vertex 5.949217 -2.5666606 0.2
    endloop
endfacet
facet normal -0.63439232 -0.77301127 0
    outer loop
        vertex 5.833339 -2.4507828 0.6
        vertex 5.8969846 -2.503015 0.2
        vertex 5.8969846 -2.503015 0.6
    endloop
endfacet
facet normal -0.47139752 -0.88192081 0
    outer loop
        vertex 5.760727 -2.4119706 0.6
        vertex 5.833339 -2.4507828 0.2
        vertex 5.833339 -2.4507828 0.6
    endloop
endfacet
facet normal -0.29028687 -0.95693958 -0
    outer loop
        vertex 5.681938 -2.38807 0.6
        vertex 5.681938 -2.38807 0.2
        vertex 5.760727 -2.4119706 0.2
    endloop
endfacet
facet normal 0.09801446 -0.9951849 0
    outer loop
        vertex 5.6000004 -2.38 0.6
        vertex 5.518062 -2.38807 0.2
        vertex 5.6000004 -2.38 0.2
    endloop
endfacet
facet normal 0.29028532 -0.95694017 0
    outer loop
        vertex 5.518062 -2.38807 0.6
        vertex 5.439273 -2.4119706 0.6
        vertex 5.439273 -2.4119706 0.2
    endloop
endfacet
facet normal 0.63439232 -0.77301127 0
    outer loop
        vertex 5.3666606 -2.4507828 0.2
        vertex 5.3666606 -2.4507828 0.6
        vertex 5.303015 -2.503015 0.2
    endloop
endfacet
facet normal 0.7730124 -0.63439089 0
    outer loop
        vertex 5.250783 -2.5666606 0.2
        vertex 5.303015 -2.503015 0.6
        vertex 5.250783 -2.5666606 0.6
    endloop
endfacet
facet normal 0.9951849 -0.09801473 0
    outer loop
        vertex 5.1880703 -2.7180622 0.6
        vertex 5.1800003 -2.8000002 0.6
        vertex 5.1800003 -2.8000002 0.2
    endloop
endfacet
facet normal 0.95694017 -0.29028532 0
    outer loop
        vertex 5.211971 -2.639273 0.2
        vertex 5.211971 -2.639273 0.6
        vertex 5.1880703 -2.7180622 0.2
    endloop
endfacet
facet normal 0 0 1
    outer loop
        vertex 5.5561047 -2.5793233 0.2
        vertex 5.518062 -2.38807 0.2
        vertex 5.513896 -2.592127 0.2
    endloop
endfacet
facet normal 0 -0 1
    outer loop
        vertex 5.5561047 -2.5793233 0.2
        vertex 5.6000004 -2.575 0.2
        vertex 5.518062 -2.38807 0.2
    endloop
endfacet
facet normal 0 0 1
    outer loop
        vertex 5.513896 -2.592127 0.2
        vertex 5.439273 -2.4119706 0.2
        vertex 5.4749966 -2.6129193 0.2
    endloop
endfacet
facet normal 0 0 1
    outer loop
        vertex 5.4749966 -2.6129193 0.2
        vertex 5.439273 -2.4119706 0.2
        vertex 5.3666606 -2.4507828 0.2
    endloop
endfacet
facet normal 0 0 1
    outer loop
        vertex 5.440901 -2.6409009 0.2
        vertex 5.3666606 -2.4507828 0.2
        vertex 5.303015 -2.503015 0.2
    endloop
endfacet
facet normal 0 -0 1
    outer loop
        vertex 5.4129195 -2.6749966 0.2
        vertex 5.440901 -2.6409009 0.2
        vertex 5.303015 -2.503015 0.2
    endloop
endfacet
facet normal 0 0 1
    outer loop
        vertex 5.250783 -2.5666606 0.2
        vertex 5.392127 -2.713896 0.2
        vertex 5.4129195 -2.6749966 0.2
    endloop
endfacet
facet normal 0 0 1
    outer loop
        vertex 5.250783 -2.5666606 0.2
        vertex 5.211971 -2.639273 0.2
        vertex 5.392127 -2.713896 0.2
    endloop
endfacet
facet normal 0 0 1
    outer loop
        vertex 5.392127 -2.713896 0.2
        vertex 5.211971 -2.639273 0.2
        vertex 5.3793235 -2.7561047 0.2
    endloop
endfacet
facet normal -0 0 1
    outer loop
        vertex 5.1800003 -2.8000002 0.2
        vertex 5.3793235 -2.8438954 0.2
        vertex 5.375 -2.8000002 0.2
    endloop
endfacet
facet normal 0 0 1
    outer loop
        vertex 5.1880703 -2.7180622 0.2
        vertex 5.1800003 -2.8000002 0.2
        vertex 5.375 -2.8000002 0.2
    endloop
endfacet
facet normal -0 0 1
    outer loop
        vertex 5.1880703 -2.8819377 0.2
        vertex 5.392127 -2.8861039 0.2
        vertex 5.3793235 -2.8438954 0.2
    endloop
endfacet
facet normal 0 0 1
    outer loop
        vertex 5.1800003 -2.8000002 0.2
        vertex 5.1880703 -2.8819377 0.2
        vertex 5.3793235 -2.8438954 0.2
    endloop
endfacet
facet normal 0 0 1
    outer loop
        vertex 5.211971 -2.960727 0.2
        vertex 5.4129195 -2.9250033 0.2
        vertex 5.392127 -2.8861039 0.2
    endloop
endfacet
facet normal 0 0 1
    outer loop
        vertex 5.1880703 -2.8819377 0.2
        vertex 5.211971 -2.960727 0.2
        vertex 5.392127 -2.8861039 0.2
    endloop
endfacet
facet normal 0 0 1
    outer loop
        vertex 5.250783 -3.0333395 0.2
        vertex 5.440901 -2.959099 0.2
        vertex 5.4129195 -2.9250033 0.2
    endloop
endfacet
facet normal -0 0 1
    outer loop
        vertex 5.211971 -2.960727 0.2
        vertex 5.250783 -3.0333395 0.2
        vertex 5.4129195 -2.9250033 0.2
    endloop
endfacet
facet normal 0 0 1
    outer loop
        vertex 5.303015 -3.0969849 0.2
        vertex 5.4749966 -2.9870806 0.2
        vertex 5.440901 -2.959099 0.2
    endloop
endfacet
facet normal -0 0 1
    outer loop
        vertex 5.250783 -3.0333395 0.2
        vertex 5.303015 -3.0969849 0.2
        vertex 5.440901 -2.959099 0.2
    endloop
endfacet
facet normal 0 0 1
    outer loop
        vertex 5.3666606 -3.1492174 0.2
        vertex 5.513896 -3.007873 0.2
        vertex 5.4749966 -2.9870806 0.2
    endloop
endfacet
facet normal -0 0 1
    outer loop
        vertex 5.303015 -3.0969849 0.2
        vertex 5.3666606 -3.1492174 0.2
        vertex 5.4749966 -2.9870806 0.2
    endloop
endfacet
facet normal 0 0 1
    outer loop
        vertex 5.439273 -3.1880293 0.2
        vertex 5.5561047 -3.0206766 0.2
        vertex 5.513896 -3.007873 0.2
    endloop
endfacet
facet normal -0 0 1
    outer loop
        vertex 5.3666606 -3.1492174 0.2
        vertex 5.439273 -3.1880293 0.2
        vertex 5.513896 -3.007873 0.2
    endloop
endfacet
facet normal 0 0 1
    outer loop
        vertex 5.518062 -3.2119296 0.2
        vertex 5.6000004 -3.025 0.2
        vertex 5.5561047 -3.0206766 0.2
    endloop
endfacet
facet normal -0 0 1
    outer loop
        vertex 5.439273 -3.1880293 0.2
        vertex 5.518062 -3.2119296 0.2
        vertex 5.5561047 -3.0206766 0.2
    endloop
endfacet
facet normal 0 0 1
    outer loop
        vertex 5.6000004 -3.22 0.2
        vertex 5.643895 -3.0206766 0.2
        vertex 5.6000004 -3.025 0.2
    endloop
endfacet
facet normal -0 0 1
    outer loop
        vertex 5.518062 -3.2119296 0.2
        vertex 5.6000004 -3.22 0.2
        vertex 5.6000004 -3.025 0.2
    endloop
endfacet
facet normal 0 -0 1
    outer loop
        vertex 5.681938 -3.2119296 0.2
        vertex 5.686104 -3.007873 0.2
        vertex 5.643895 -3.0206766 0.2
    endloop
endfacet
facet normal 0 0 1
    outer loop
        vertex 5.6000004 -3.22 0.2
        vertex 5.681938 -3.2119296 0.2
        vertex 5.643895 -3.0206766 0.2
    endloop
endfacet
facet normal 0 0 1
    outer loop
        vertex 5.760727 -3.1880293 0.2
        vertex 5.7250032 -2.9870806 0.2
        vertex 5.686104 -3.007873 0.2
    endloop
endfacet
facet normal 0 0 1
    outer loop
        vertex 5.681938 -3.2119296 0.2
        vertex 5.760727 -3.1880293 0.2
        vertex 5.686104 -3.007873 0.2
    endloop
endfacet
facet normal 0 0 1
    outer loop
        vertex 5.833339 -3.1492174 0.2
        vertex 5.759099 -2.959099 0.2
        vertex 5.7250032 -2.9870806 0.2
    endloop
endfacet
facet normal 0 -0 1
    outer loop
        vertex 5.760727 -3.1880293 0.2
        vertex 5.833339 -3.1492174 0.2
        vertex 5.7250032 -2.9870806 0.2
    endloop
endfacet
facet normal 0 0 1
    outer loop
        vertex 5.8969846 -3.0969849 0.2
        vertex 5.787081 -2.9250033 0.2
        vertex 5.759099 -2.959099 0.2
    endloop
endfacet
facet normal 0 -0 1
    outer loop
        vertex 5.833339 -3.1492174 0.2
        vertex 5.8969846 -3.0969849 0.2
        vertex 5.759099 -2.959099 0.2
    endloop
endfacet
facet normal 0 0 1
    outer loop
        vertex 5.949217 -3.0333395 0.2
        vertex 5.807873 -2.8861039 0.2
        vertex 5.787081 -2.9250033 0.2
    endloop
endfacet
facet normal 0 -0 1
    outer loop
        vertex 5.8969846 -3.0969849 0.2
        vertex 5.949217 -3.0333395 0.2
        vertex 5.787081 -2.9250033 0.2
    endloop
endfacet
facet normal 0 0 1
    outer loop
        vertex 5.9880295 -2.960727 0.2
        vertex 5.820677 -2.8438954 0.2
        vertex 5.807873 -2.8861039 0.2
    endloop
endfacet
facet normal 0 -0 1
    outer loop
        vertex 5.949217 -3.0333395 0.2
        vertex 5.9880295 -2.960727 0.2
        vertex 5.807873 -2.8861039 0.2
    endloop
endfacet
facet normal 0 0 1
    outer loop
        vertex 6.0119295 -2.8819377 0.2
        vertex 5.825 -2.8000002 0.2
        vertex 5.820677 -2.8438954 0.2
    endloop
endfacet
facet normal 0 -0 1
    outer loop
        vertex 5.9880295 -2.960727 0.2
        vertex 6.0119295 -2.8819377 0.2
        vertex 5.820677 -2.8438954 0.2
    endloop
endfacet
facet normal 0 0 1
    outer loop
        vertex 6.02 -2.8000002 0.2
        vertex 5.820677 -2.7561047 0.2
        vertex 5.825 -2.8000002 0.2
    endloop
endfacet
facet normal 0 -0 1
    outer loop
        vertex 6.0119295 -2.8819377 0.2
        vertex 6.02 -2.8000002 0.2
        vertex 5.825 -2.8000002 0.2
    endloop
endfacet
facet normal 0 0 1
    outer loop
        vertex 6.0119295 -2.7180622 0.2
        vertex 5.807873 -2.713896 0.2
        vertex 5.820677 -2.7561047 0.2
    endloop
endfacet
facet normal 0 0 1
    outer loop
        vertex 6.02 -2.8000002 0.2
        vertex 6.0119295 -2.7180622 0.2
        vertex 5.820677 -2.7561047 0.2
    endloop
endfacet
facet normal 0 0 1
    outer loop
        vertex 5.9880295 -2.639273 0.2
        vertex 5.787081 -2.6749966 0.2
        vertex 5.807873 -2.713896 0.2
    endloop
endfacet
facet normal 0 0 1
    outer loop
        vertex 6.0119295 -2.7180622 0.2
        vertex 5.9880295 -2.639273 0.2
        vertex 5.807873 -2.713896 0.2
    endloop
endfacet
facet normal 0 0 1
    outer loop
        vertex 5.949217 -2.5666606 0.2
        vertex 5.759099 -2.6409009 0.2
        vertex 5.787081 -2.6749966 0.2
    endloop
endfacet
facet normal 0 0 1
    outer loop
        vertex 5.9880295 -2.639273 0.2
        vertex 5.949217 -2.5666606 0.2
        vertex 5.787081 -2.6749966 0.2
    endloop
endfacet
facet normal 0 0 1
    outer loop
        vertex 5.8969846 -2.503015 0.2
        vertex 5.7250032 -2.6129193 0.2
        vertex 5.759099 -2.6409009 0.2
    endloop
endfacet
facet normal 0 0 1
    outer loop
        vertex 5.949217 -2.5666606 0.2
        vertex 5.8969846 -2.503015 0.2
        vertex 5.759099 -2.6409009 0.2
    endloop
endfacet
facet normal 0 0 1
    outer loop
        vertex 5.833339 -2.4507828 0.2
        vertex 5.686104 -2.592127 0.2
        vertex 5.7250032 -2.6129193 0.2
    endloop
endfacet
facet normal 0 0 1
    outer loop
        vertex 5.8969846 -2.503015 0.2
        vertex 5.833339 -2.4507828 0.2
        vertex 5.7250032 -2.6129193 0.2
    endloop
endfacet
facet normal 0 -0 1
    outer loop
        vertex 5.440901 -2.6409009 0.2
        vertex 5.4749966 -2.6129193 0.2
        vertex 5.3666606 -2.4507828 0.2
    endloop
endfacet
facet normal -0 0 1
    outer loop
        vertex 5.250783 -2.5666606 0.2
        vertex 5.4129195 -2.6749966 0.2
        vertex 5.303015 -2.503015 0.2
    endloop
endfacet
facet normal 0 0 1
    outer loop
        vertex 5.3793235 -2.7561047 0.2
        vertex 5.211971 -2.639273 0.2
        vertex 5.1880703 -2.7180622 0.2
    endloop
endfacet
facet normal 0 0 1
    outer loop
        vertex 5.518062 -2.38807 0.2
        vertex 5.439273 -2.4119706 0.2
        vertex 5.513896 -2.592127 0.2
    endloop
endfacet
facet normal 0 0 1
    outer loop
        vertex 5.6000004 -2.38 0.2
        vertex 5.518062 -2.38807 0.2
        vertex 5.6000004 -2.575 0.2
    endloop
endfacet
facet normal 0 0 1
    outer loop
        vertex 5.6000004 -2.38 0.2
        vertex 5.6000004 -2.575 0.2
        vertex 5.681938 -2.38807 0.2
    endloop
endfacet
facet normal 0 0 1
    outer loop
        vertex 5.681938 -2.38807 0.2
        vertex 5.6000004 -2.575 0.2
        vertex 5.643895 -2.5793233 0.2
    endloop
endfacet
facet normal 0 0 1
    outer loop
        vertex 5.760727 -2.4119706 0.2
        vertex 5.681938 -2.38807 0.2
        vertex 5.643895 -2.5793233 0.2
    endloop
endfacet
facet normal 0 0 1
    outer loop
        vertex 5.833339 -2.4507828 0.2
        vertex 5.760727 -2.4119706 0.2
        vertex 5.686104 -2.592127 0.2
    endloop
endfacet
facet normal 0 -0 1
    outer loop
        vertex 5.686104 -2.592127 0.2
        vertex 5.760727 -2.4119706 0.2
        vertex 5.643895 -2.5793233 0.2
    endloop
endfacet
facet normal 0 0 1
    outer loop
        vertex 5.1880703 -2.7180622 0.2
        vertex 5.375 -2.8000002 0.2
        vertex 5.3793235 -2.7561047 0.2
    endloop
endfacet
facet normal 0.99518436 0.09802115 0
    outer loop
        vertex 5.3793235 -2.8438954 0.2
        vertex 5.375 -2.8000002 -0.6
        vertex 5.375 -2.8000002 0.2
    endloop
endfacet
facet normal 0.95694178 0.29027984 0
    outer loop
        vertex 5.392127 -2.8861039 0.2
        vertex 5.3793235 -2.8438954 -0.6
        vertex 5.3793235 -2.8438954 0.2
    endloop
endfacet
facet normal 0.95694178 0.29027984 -0
    outer loop
        vertex 5.392127 -2.8861039 -0.6
        vertex 5.3793235 -2.8438954 -0.6
        vertex 5.392127 -2.8861039 0.2
    endloop
endfacet
facet normal 0.88191843 0.47140223 -0
    outer loop
        vertex 5.4129195 -2.9250033 -0.6
        vertex 5.392127 -2.8861039 -0.6
        vertex 5.4129195 -2.9250033 0.2
    endloop
endfacet
facet normal 0.77301484 0.63438809 -0
    outer loop
        vertex 5.4129195 -2.9250033 -0.6
        vertex 5.4129195 -2.9250033 0.2
        vertex 5.440901 -2.959099 0.2
    endloop
endfacet
facet normal 0.63439125 0.77301216 -0
    outer loop
        vertex 5.440901 -2.959099 -0.6
        vertex 5.440901 -2.959099 0.2
        vertex 5.4749966 -2.9870806 0.2
    endloop
endfacet
facet normal 0.63439125 0.77301216 0
    outer loop
        vertex 5.440901 -2.959099 -0.6
        vertex 5.4749966 -2.9870806 0.2
        vertex 5.4749966 -2.9870806 -0.6
    endloop
endfacet
facet normal 0.47140223 0.88191843 0
    outer loop
        vertex 5.4749966 -2.9870806 -0.6
        vertex 5.513896 -3.007873 0.2
        vertex 5.513896 -3.007873 -0.6
    endloop
endfacet
facet normal 0.29027835 0.95694226 0
    outer loop
        vertex 5.513896 -3.007873 -0.6
        vertex 5.5561047 -3.0206766 0.2
        vertex 5.5561047 -3.0206766 -0.6
    endloop
endfacet
facet normal 0.09802008 0.99518442 0
    outer loop
        vertex 5.5561047 -3.0206766 0.2
        vertex 5.6000004 -3.025 0.2
        vertex 5.5561047 -3.0206766 -0.6
    endloop
endfacet
facet normal -0.09802219 0.99518424 0
    outer loop
        vertex 5.6000004 -3.025 0.2
        vertex 5.643895 -3.0206766 0.2
        vertex 5.6000004 -3.025 -0.6
    endloop
endfacet
facet normal -0.09802219 0.99518424 0
    outer loop
        vertex 5.643895 -3.0206766 0.2
        vertex 5.643895 -3.0206766 -0.6
        vertex 5.6000004 -3.025 -0.6
    endloop
endfacet
facet normal -0.29027835 0.95694226 0
    outer loop
        vertex 5.686104 -3.007873 0.2
        vertex 5.686104 -3.007873 -0.6
        vertex 5.643895 -3.0206766 -0.6
    endloop
endfacet
facet normal -0.47140223 0.88191843 0
    outer loop
        vertex 5.7250032 -2.9870806 0.2
        vertex 5.686104 -3.007873 -0.6
        vertex 5.686104 -3.007873 0.2
    endloop
endfacet
facet normal -0.63439125 0.77301216 0
    outer loop
        vertex 5.759099 -2.959099 0.2
        vertex 5.7250032 -2.9870806 -0.6
        vertex 5.7250032 -2.9870806 0.2
    endloop
endfacet
facet normal -0.99518543 0.09801044 0
    outer loop
        vertex 5.825 -2.8000002 -0.6
        vertex 5.820677 -2.8438954 -0.6
        vertex 5.825 -2.8000002 0.2
    endloop
endfacet
facet normal -0.99518543 0.09801044 0
    outer loop
        vertex 5.820677 -2.8438954 -0.6
        vertex 5.820677 -2.8438954 0.2
        vertex 5.825 -2.8000002 0.2
    endloop
endfacet
facet normal -0.9569388 0.2902897 0
    outer loop
        vertex 5.807873 -2.8861039 -0.6
        vertex 5.820677 -2.8438954 0.2
        vertex 5.820677 -2.8438954 -0.6
    endloop
endfacet
facet normal -0.9569388 0.2902897 0
    outer loop
        vertex 5.807873 -2.8861039 0.2
        vertex 5.820677 -2.8438954 0.2
        vertex 5.807873 -2.8861039 -0.6
    endloop
endfacet
facet normal -0.88192284 0.47139379 0
    outer loop
        vertex 5.807873 -2.8861039 0.2
        vertex 5.807873 -2.8861039 -0.6
        vertex 5.787081 -2.9250033 -0.6
    endloop
endfacet
facet normal -0.88192284 0.47139379 0
    outer loop
        vertex 5.807873 -2.8861039 0.2
        vertex 5.787081 -2.9250033 -0.6
        vertex 5.787081 -2.9250033 0.2
    endloop
endfacet
facet normal -0.77300942 0.63439447 0
    outer loop
        vertex 5.787081 -2.9250033 -0.6
        vertex 5.759099 -2.959099 -0.6
        vertex 5.787081 -2.9250033 0.2
    endloop
endfacet
facet normal -0.77300942 0.63439447 0
    outer loop
        vertex 5.759099 -2.959099 -0.6
        vertex 5.759099 -2.959099 0.2
        vertex 5.787081 -2.9250033 0.2
    endloop
endfacet
facet normal -0.63439125 0.77301216 0
    outer loop
        vertex 5.7250032 -2.9870806 -0.6
        vertex 5.759099 -2.959099 0.2
        vertex 5.759099 -2.959099 -0.6
    endloop
endfacet
facet normal -0.47140223 0.88191843 0
    outer loop
        vertex 5.686104 -3.007873 -0.6
        vertex 5.7250032 -2.9870806 0.2
        vertex 5.7250032 -2.9870806 -0.6
    endloop
endfacet
facet normal -0.29027835 0.95694226 0
    outer loop
        vertex 5.643895 -3.0206766 -0.6
        vertex 5.643895 -3.0206766 0.2
        vertex 5.686104 -3.007873 0.2
    endloop
endfacet
facet normal 0.09802008 0.99518442 -0
    outer loop
        vertex 5.6000004 -3.025 -0.6
        vertex 5.5561047 -3.0206766 -0.6
        vertex 5.6000004 -3.025 0.2
    endloop
endfacet
facet normal 0.29027835 0.95694226 0
    outer loop
        vertex 5.5561047 -3.0206766 0.2
        vertex 5.513896 -3.007873 -0.6
        vertex 5.513896 -3.007873 0.2
    endloop
endfacet
facet normal 0.47140223 0.88191843 0
    outer loop
        vertex 5.513896 -3.007873 0.2
        vertex 5.4749966 -2.9870806 -0.6
        vertex 5.4749966 -2.9870806 0.2
    endloop
endfacet
facet normal 0.77301484 0.63438809 0
    outer loop
        vertex 5.440901 -2.959099 0.2
        vertex 5.440901 -2.959099 -0.6
        vertex 5.4129195 -2.9250033 -0.6
    endloop
endfacet
facet normal 0.99518436 0.09802115 -0
    outer loop
        vertex 5.3793235 -2.8438954 -0.6
        vertex 5.375 -2.8000002 -0.6
        vertex 5.3793235 -2.8438954 0.2
    endloop
endfacet
facet normal 0.88191843 0.47140223 0
    outer loop
        vertex 5.4129195 -2.9250033 0.2
        vertex 5.392127 -2.8861039 -0.6
        vertex 5.392127 -2.8861039 0.2
    endloop
endfacet
facet normal 0.9951849 0.09801531 0
    outer loop
        vertex 5.1880703 -2.8819377 0.6
        vertex 5.1880703 -2.8819377 0.2
        vertex 5.1800003 -2.8000002 0.6
    endloop
endfacet
facet normal 0.95694017 0.29028532 0
    outer loop
        vertex 5.211971 -2.960727 0.6
        vertex 5.1880703 -2.8819377 0.2
        vertex 5.1880703 -2.8819377 0.6
    endloop
endfacet
facet normal 0.88192153 0.47139636 0
    outer loop
        vertex 5.250783 -3.0333395 0.6
        vertex 5.211971 -2.960727 0.2
        vertex 5.211971 -2.960727 0.6
    endloop
endfacet
facet normal 0.88192153 0.47139636 -0
    outer loop
        vertex 5.250783 -3.0333395 0.2
        vertex 5.211971 -2.960727 0.2
        vertex 5.250783 -3.0333395 0.6
    endloop
endfacet
facet normal 0.77301127 0.63439232 -0
    outer loop
        vertex 5.303015 -3.0969849 0.2
        vertex 5.250783 -3.0333395 0.2
        vertex 5.303015 -3.0969849 0.6
    endloop
endfacet
facet normal 0.63439399 0.77300978 -0
    outer loop
        vertex 5.303015 -3.0969849 0.2
        vertex 5.303015 -3.0969849 0.6
        vertex 5.3666606 -3.1492174 0.6
    endloop
endfacet
facet normal 0.47139528 0.88192201 -0
    outer loop
        vertex 5.3666606 -3.1492174 0.2
        vertex 5.3666606 -3.1492174 0.6
        vertex 5.439273 -3.1880293 0.6
    endloop
endfacet
facet normal 0.47139528 0.88192201 0
    outer loop
        vertex 5.3666606 -3.1492174 0.2
        vertex 5.439273 -3.1880293 0.6
        vertex 5.439273 -3.1880293 0.2
    endloop
endfacet
facet normal 0.29028264 0.95694089 0
    outer loop
        vertex 5.439273 -3.1880293 0.2
        vertex 5.518062 -3.2119296 0.6
        vertex 5.518062 -3.2119296 0.2
    endloop
endfacet
facet normal 0.0980202 0.99518448 0
    outer loop
        vertex 5.518062 -3.2119296 0.6
        vertex 5.6000004 -3.22 0.6
        vertex 5.518062 -3.2119296 0.2
    endloop
endfacet
facet normal -0.09802075 0.99518436 0
    outer loop
        vertex 5.6000004 -3.22 0.6
        vertex 5.681938 -3.2119296 0.6
        vertex 5.6000004 -3.22 0.2
    endloop
endfacet
facet normal -0.09802075 0.99518436 0
    outer loop
        vertex 5.681938 -3.2119296 0.6
        vertex 5.681938 -3.2119296 0.2
        vertex 5.6000004 -3.22 0.2
    endloop
endfacet
facet normal -0.29028428 0.95694047 0
    outer loop
        vertex 5.760727 -3.1880293 0.6
        vertex 5.760727 -3.1880293 0.2
        vertex 5.681938 -3.2119296 0.2
    endloop
endfacet
facet normal -0.47139528 0.88192201 0
    outer loop
        vertex 5.833339 -3.1492174 0.6
        vertex 5.760727 -3.1880293 0.2
        vertex 5.760727 -3.1880293 0.6
    endloop
endfacet
facet normal -0.63439399 0.77300978 0
    outer loop
        vertex 5.8969846 -3.0969849 0.6
        vertex 5.833339 -3.1492174 0.2
        vertex 5.833339 -3.1492174 0.6
    endloop
endfacet
facet normal -0.99518436 0.09802105 0
    outer loop
        vertex 6.02 -2.8000002 0.2
        vertex 6.0119295 -2.8819377 0.2
        vertex 6.02 -2.8000002 0.6
    endloop
endfacet
facet normal -0.99518436 0.09802105 0
    outer loop
        vertex 6.0119295 -2.8819377 0.2
        vertex 6.0119295 -2.8819377 0.6
        vertex 6.02 -2.8000002 0.6
    endloop
endfacet
facet normal -0.95694178 0.29028004 0
    outer loop
        vertex 5.9880295 -2.960727 0.2
        vertex 6.0119295 -2.8819377 0.6
        vertex 6.0119295 -2.8819377 0.2
    endloop
endfacet
facet normal -0.95694178 0.29028004 0
    outer loop
        vertex 5.9880295 -2.960727 0.6
        vertex 6.0119295 -2.8819377 0.6
        vertex 5.9880295 -2.960727 0.2
    endloop
endfacet
facet normal -0.88191915 0.47140089 0
    outer loop
        vertex 5.9880295 -2.960727 0.6
        vertex 5.9880295 -2.960727 0.2
        vertex 5.949217 -3.0333395 0.2
    endloop
endfacet
facet normal -0.88191915 0.47140089 0
    outer loop
        vertex 5.9880295 -2.960727 0.6
        vertex 5.949217 -3.0333395 0.2
        vertex 5.949217 -3.0333395 0.6
    endloop
endfacet
facet normal -0.77301127 0.63439232 0
    outer loop
        vertex 5.949217 -3.0333395 0.2
        vertex 5.8969846 -3.0969849 0.2
        vertex 5.949217 -3.0333395 0.6
    endloop
endfacet
facet normal -0.77301127 0.63439232 0
    outer loop
        vertex 5.8969846 -3.0969849 0.2
        vertex 5.8969846 -3.0969849 0.6
        vertex 5.949217 -3.0333395 0.6
    endloop
endfacet
facet normal -0.63439399 0.77300978 0
    outer loop
        vertex 5.833339 -3.1492174 0.2
        vertex 5.8969846 -3.0969849 0.6
        vertex 5.8969846 -3.0969849 0.2
    endloop
endfacet
facet normal -0.47139528 0.88192201 0
    outer loop
        vertex 5.760727 -3.1880293 0.2
        vertex 5.833339 -3.1492174 0.6
        vertex 5.833339 -3.1492174 0.2
    endloop
endfacet
facet normal -0.29028428 0.95694047 0
    outer loop
        vertex 5.681938 -3.2119296 0.2
        vertex 5.681938 -3.2119296 0.6
        vertex 5.760727 -3.1880293 0.6
    endloop
endfacet
facet normal 0.0980202 0.99518448 -0
    outer loop
        vertex 5.6000004 -3.22 0.2
        vertex 5.518062 -3.2119296 0.2
        vertex 5.6000004 -3.22 0.6
    endloop
endfacet
facet normal 0.29028264 0.95694089 0
    outer loop
        vertex 5.518062 -3.2119296 0.6
        vertex 5.439273 -3.1880293 0.2
        vertex 5.439273 -3.1880293 0.6
    endloop
endfacet
facet normal 0.63439399 0.77300978 0
    outer loop
        vertex 5.3666606 -3.1492174 0.6
        vertex 5.3666606 -3.1492174 0.2
        vertex 5.303015 -3.0969849 0.2
    endloop
endfacet
facet normal 0.77301127 0.63439232 0
    outer loop
        vertex 5.250783 -3.0333395 0.6
        vertex 5.303015 -3.0969849 0.6
        vertex 5.250783 -3.0333395 0.2
    endloop
endfacet
facet normal 0.9951849 0.09801531 0
    outer loop
        vertex 5.1880703 -2.8819377 0.2
        vertex 5.1800003 -2.8000002 0.2
        vertex 5.1800003 -2.8000002 0.6
    endloop
endfacet
facet normal 0.95694017 0.29028532 0
    outer loop
        vertex 5.211971 -2.960727 0.6
        vertex 5.211971 -2.960727 0.2
        vertex 5.1880703 -2.8819377 0.2
    endloop
endfacet
facet normal 0.9951849 -0.09801531 0
    outer loop
        vertex 5.1880703 2.8819377 0.2
        vertex 5.1880703 2.8819377 0.6
        vertex 5.1800003 2.8000002 0.2
    endloop
endfacet
facet normal 0.95694017 -0.29028532 0
    outer loop
        vertex 5.211971 2.960727 0.6
        vertex 5.1880703 2.8819377 0.6
        vertex 5.1880703 2.8819377 0.2
    endloop
endfacet
facet normal 0.88192153 -0.47139636 0
    outer loop
        vertex 5.250783 3.0333395 0.6
        vertex 5.211971 2.960727 0.6
        vertex 5.211971 2.960727 0.2
    endloop
endfacet
facet normal 0.88192153 -0.47139636 0
    outer loop
        vertex 5.250783 3.0333395 0.6
        vertex 5.211971 2.960727 0.2
        vertex 5.250783 3.0333395 0.2
    endloop
endfacet
facet normal 0.77301127 -0.63439232 0
    outer loop
        vertex 5.303015 3.0969849 0.6
        vertex 5.250783 3.0333395 0.2
        vertex 5.303015 3.0969849 0.2
    endloop
endfacet
facet normal 0.63439399 -0.77300978 0
    outer loop
        vertex 5.303015 3.0969849 0.6
        vertex 5.303015 3.0969849 0.2
        vertex 5.3666606 3.1492174 0.6
    endloop
endfacet
facet normal 0.47139528 -0.88192201 0
    outer loop
        vertex 5.3666606 3.1492174 0.6
        vertex 5.3666606 3.1492174 0.2
        vertex 5.439273 3.1880293 0.6
    endloop
endfacet
facet normal 0.47139528 -0.88192201 0
    outer loop
        vertex 5.3666606 3.1492174 0.2
        vertex 5.439273 3.1880293 0.2
        vertex 5.439273 3.1880293 0.6
    endloop
endfacet
facet normal 0.29028264 -0.95694089 0
    outer loop
        vertex 5.439273 3.1880293 0.2
        vertex 5.518062 3.2119296 0.2
        vertex 5.518062 3.2119296 0.6
    endloop
endfacet
facet normal 0.0980202 -0.99518448 0
    outer loop
        vertex 5.518062 3.2119296 0.2
        vertex 5.6000004 3.22 0.6
        vertex 5.518062 3.2119296 0.6
    endloop
endfacet
facet normal -0.09802075 -0.99518436 0
    outer loop
        vertex 5.6000004 3.22 0.2
        vertex 5.681938 3.2119296 0.2
        vertex 5.6000004 3.22 0.6
    endloop
endfacet
facet normal -0.09802075 -0.99518436 0
    outer loop
        vertex 5.681938 3.2119296 0.2
        vertex 5.681938 3.2119296 0.6
        vertex 5.6000004 3.22 0.6
    endloop
endfacet
facet normal -0.29028428 -0.95694047 0
    outer loop
        vertex 5.760727 3.1880293 0.2
        vertex 5.760727 3.1880293 0.6
        vertex 5.681938 3.2119296 0.6
    endloop
endfacet
facet normal -0.47139528 -0.88192201 0
    outer loop
        vertex 5.833339 3.1492174 0.2
        vertex 5.760727 3.1880293 0.6
        vertex 5.760727 3.1880293 0.2
    endloop
endfacet
facet normal -0.63439399 -0.77300978 0
    outer loop
        vertex 5.8969846 3.0969849 0.2
        vertex 5.833339 3.1492174 0.6
        vertex 5.833339 3.1492174 0.2
    endloop
endfacet
facet normal -0.99518436 -0.09802105 -0
    outer loop
        vertex 6.02 2.8000002 0.6
        vertex 6.0119295 2.8819377 0.6
        vertex 6.02 2.8000002 0.2
    endloop
endfacet
facet normal -0.99518436 -0.09802105 -0
    outer loop
        vertex 6.0119295 2.8819377 0.6
        vertex 6.0119295 2.8819377 0.2
        vertex 6.02 2.8000002 0.2
    endloop
endfacet
facet normal -0.95694178 -0.29028004 0
    outer loop
        vertex 5.9880295 2.960727 0.6
        vertex 6.0119295 2.8819377 0.2
        vertex 6.0119295 2.8819377 0.6
    endloop
endfacet
facet normal -0.95694178 -0.29028004 0
    outer loop
        vertex 5.9880295 2.960727 0.2
        vertex 6.0119295 2.8819377 0.2
        vertex 5.9880295 2.960727 0.6
    endloop
endfacet
facet normal -0.88191915 -0.47140089 0
    outer loop
        vertex 5.9880295 2.960727 0.2
        vertex 5.9880295 2.960727 0.6
        vertex 5.949217 3.0333395 0.6
    endloop
endfacet
facet normal -0.88191915 -0.47140089 0
    outer loop
        vertex 5.9880295 2.960727 0.2
        vertex 5.949217 3.0333395 0.6
        vertex 5.949217 3.0333395 0.2
    endloop
endfacet
facet normal -0.77301127 -0.63439232 -0
    outer loop
        vertex 5.949217 3.0333395 0.6
        vertex 5.8969846 3.0969849 0.6
        vertex 5.949217 3.0333395 0.2
    endloop
endfacet
facet normal -0.77301127 -0.63439232 -0
    outer loop
        vertex 5.8969846 3.0969849 0.6
        vertex 5.8969846 3.0969849 0.2
        vertex 5.949217 3.0333395 0.2
    endloop
endfacet
facet normal -0.63439399 -0.77300978 0
    outer loop
        vertex 5.833339 3.1492174 0.6
        vertex 5.8969846 3.0969849 0.2
        vertex 5.8969846 3.0969849 0.6
    endloop
endfacet
facet normal -0.47139528 -0.88192201 0
    outer loop
        vertex 5.760727 3.1880293 0.6
        vertex 5.833339 3.1492174 0.2
        vertex 5.833339 3.1492174 0.6
    endloop
endfacet
facet normal -0.29028428 -0.95694047 -0
    outer loop
        vertex 5.681938 3.2119296 0.6
        vertex 5.681938 3.2119296 0.2
        vertex 5.760727 3.1880293 0.2
    endloop
endfacet
facet normal 0.0980202 -0.99518448 0
    outer loop
        vertex 5.6000004 3.22 0.6
        vertex 5.518062 3.2119296 0.2
        vertex 5.6000004 3.22 0.2
    endloop
endfacet
facet normal 0.29028264 -0.95694089 0
    outer loop
        vertex 5.518062 3.2119296 0.6
        vertex 5.439273 3.1880293 0.6
        vertex 5.439273 3.1880293 0.2
    endloop
endfacet
facet normal 0.63439399 -0.77300978 0
    outer loop
        vertex 5.3666606 3.1492174 0.2
        vertex 5.3666606 3.1492174 0.6
        vertex 5.303015 3.0969849 0.2
    endloop
endfacet
facet normal 0.77301127 -0.63439232 0
    outer loop
        vertex 5.250783 3.0333395 0.2
        vertex 5.303015 3.0969849 0.6
        vertex 5.250783 3.0333395 0.6
    endloop
endfacet
facet normal 0.9951849 -0.09801531 0
    outer loop
        vertex 5.1880703 2.8819377 0.6
        vertex 5.1800003 2.8000002 0.6
        vertex 5.1800003 2.8000002 0.2
    endloop
endfacet
facet normal 0.95694017 -0.29028532 0
    outer loop
        vertex 5.211971 2.960727 0.2
        vertex 5.211971 2.960727 0.6
        vertex 5.1880703 2.8819377 0.2
    endloop
endfacet
facet normal 0 0 1
    outer loop
        vertex 5.5561047 3.0206766 0.2
        vertex 5.518062 3.2119296 0.2
        vertex 5.513896 3.007873 0.2
    endloop
endfacet
facet normal 0 -0 1
    outer loop
        vertex 5.5561047 3.0206766 0.2
        vertex 5.6000004 3.025 0.2
        vertex 5.518062 3.2119296 0.2
    endloop
endfacet
facet normal 0 0 1
    outer loop
        vertex 5.513896 3.007873 0.2
        vertex 5.439273 3.1880293 0.2
        vertex 5.4749966 2.9870806 0.2
    endloop
endfacet
facet normal 0 0 1
    outer loop
        vertex 5.4749966 2.9870806 0.2
        vertex 5.439273 3.1880293 0.2
        vertex 5.3666606 3.1492174 0.2
    endloop
endfacet
facet normal 0 0 1
    outer loop
        vertex 5.440901 2.959099 0.2
        vertex 5.3666606 3.1492174 0.2
        vertex 5.303015 3.0969849 0.2
    endloop
endfacet
facet normal 0 -0 1
    outer loop
        vertex 5.4129195 2.9250033 0.2
        vertex 5.440901 2.959099 0.2
        vertex 5.303015 3.0969849 0.2
    endloop
endfacet
facet normal 0 0 1
    outer loop
        vertex 5.250783 3.0333395 0.2
        vertex 5.392127 2.8861039 0.2
        vertex 5.4129195 2.9250033 0.2
    endloop
endfacet
facet normal 0 0 1
    outer loop
        vertex 5.250783 3.0333395 0.2
        vertex 5.211971 2.960727 0.2
        vertex 5.392127 2.8861039 0.2
    endloop
endfacet
facet normal 0 0 1
    outer loop
        vertex 5.392127 2.8861039 0.2
        vertex 5.211971 2.960727 0.2
        vertex 5.3793235 2.8438954 0.2
    endloop
endfacet
facet normal -0 0 1
    outer loop
        vertex 5.1800003 2.8000002 0.2
        vertex 5.3793235 2.7561047 0.2
        vertex 5.375 2.8000002 0.2
    endloop
endfacet
facet normal 0 0 1
    outer loop
        vertex 5.1880703 2.8819377 0.2
        vertex 5.1800003 2.8000002 0.2
        vertex 5.375 2.8000002 0.2
    endloop
endfacet
facet normal -0 0 1
    outer loop
        vertex 5.1880703 2.7180622 0.2
        vertex 5.392127 2.713896 0.2
        vertex 5.3793235 2.7561047 0.2
    endloop
endfacet
facet normal 0 0 1
    outer loop
        vertex 5.1800003 2.8000002 0.2
        vertex 5.1880703 2.7180622 0.2
        vertex 5.3793235 2.7561047 0.2
    endloop
endfacet
facet normal 0 0 1
    outer loop
        vertex 5.211971 2.639273 0.2
        vertex 5.4129195 2.6749966 0.2
        vertex 5.392127 2.713896 0.2
    endloop
endfacet
facet normal 0 0 1
    outer loop
        vertex 5.1880703 2.7180622 0.2
        vertex 5.211971 2.639273 0.2
        vertex 5.392127 2.713896 0.2
    endloop
endfacet
facet normal 0 0 1
    outer loop
        vertex 5.250783 2.5666606 0.2
        vertex 5.440901 2.6409009 0.2
        vertex 5.4129195 2.6749966 0.2
    endloop
endfacet
facet normal -0 0 1
    outer loop
        vertex 5.211971 2.639273 0.2
        vertex 5.250783 2.5666606 0.2
        vertex 5.4129195 2.6749966 0.2
    endloop
endfacet
facet normal 0 0 1
    outer loop
        vertex 5.303015 2.503015 0.2
        vertex 5.4749966 2.6129193 0.2
        vertex 5.440901 2.6409009 0.2
    endloop
endfacet
facet normal -0 0 1
    outer loop
        vertex 5.250783 2.5666606 0.2
        vertex 5.303015 2.503015 0.2
        vertex 5.440901 2.6409009 0.2
    endloop
endfacet
facet normal 0 0 1
    outer loop
        vertex 5.3666606 2.4507828 0.2
        vertex 5.513896 2.592127 0.2
        vertex 5.4749966 2.6129193 0.2
    endloop
endfacet
facet normal -0 0 1
    outer loop
        vertex 5.303015 2.503015 0.2
        vertex 5.3666606 2.4507828 0.2
        vertex 5.4749966 2.6129193 0.2
    endloop
endfacet
facet normal 0 0 1
    outer loop
        vertex 5.439273 2.4119706 0.2
        vertex 5.5561047 2.5793233 0.2
        vertex 5.513896 2.592127 0.2
    endloop
endfacet
facet normal -0 0 1
    outer loop
        vertex 5.3666606 2.4507828 0.2
        vertex 5.439273 2.4119706 0.2
        vertex 5.513896 2.592127 0.2
    endloop
endfacet
facet normal 0 0 1
    outer loop
        vertex 5.518062 2.38807 0.2
        vertex 5.6000004 2.575 0.2
        vertex 5.5561047 2.5793233 0.2
    endloop
endfacet
facet normal -0 0 1
    outer loop
        vertex 5.439273 2.4119706 0.2
        vertex 5.518062 2.38807 0.2
        vertex 5.5561047 2.5793233 0.2
    endloop
endfacet
facet normal 0 0 1
    outer loop
        vertex 5.6000004 2.38 0.2
        vertex 5.643895 2.5793233 0.2
        vertex 5.6000004 2.575 0.2
    endloop
endfacet
facet normal -0 0 1
    outer loop
        vertex 5.518062 2.38807 0.2
        vertex 5.6000004 2.38 0.2
        vertex 5.6000004 2.575 0.2
    endloop
endfacet
facet normal 0 -0 1
    outer loop
        vertex 5.681938 2.38807 0.2
        vertex 5.686104 2.592127 0.2
        vertex 5.643895 2.5793233 0.2
    endloop
endfacet
facet normal 0 0 1
    outer loop
        vertex 5.6000004 2.38 0.2
        vertex 5.681938 2.38807 0.2
        vertex 5.643895 2.5793233 0.2
    endloop
endfacet
facet normal 0 0 1
    outer loop
        vertex 5.760727 2.4119706 0.2
        vertex 5.7250032 2.6129193 0.2
        vertex 5.686104 2.592127 0.2
    endloop
endfacet
facet normal 0 0 1
    outer loop
        vertex 5.681938 2.38807 0.2
        vertex 5.760727 2.4119706 0.2
        vertex 5.686104 2.592127 0.2
    endloop
endfacet
facet normal 0 0 1
    outer loop
        vertex 5.833339 2.4507828 0.2
        vertex 5.759099 2.6409009 0.2
        vertex 5.7250032 2.6129193 0.2
    endloop
endfacet
facet normal 0 -0 1
    outer loop
        vertex 5.760727 2.4119706 0.2
        vertex 5.833339 2.4507828 0.2
        vertex 5.7250032 2.6129193 0.2
    endloop
endfacet
facet normal 0 0 1
    outer loop
        vertex 5.8969846 2.503015 0.2
        vertex 5.787081 2.6749966 0.2
        vertex 5.759099 2.6409009 0.2
    endloop
endfacet
facet normal 0 -0 1
    outer loop
        vertex 5.833339 2.4507828 0.2
        vertex 5.8969846 2.503015 0.2
        vertex 5.759099 2.6409009 0.2
    endloop
endfacet
facet normal 0 0 1
    outer loop
        vertex 5.949217 2.5666606 0.2
        vertex 5.807873 2.713896 0.2
        vertex 5.787081 2.6749966 0.2
    endloop
endfacet
facet normal 0 -0 1
    outer loop
        vertex 5.8969846 2.503015 0.2
        vertex 5.949217 2.5666606 0.2
        vertex 5.787081 2.6749966 0.2
    endloop
endfacet
facet normal 0 0 1
    outer loop
        vertex 5.9880295 2.639273 0.2
        vertex 5.820677 2.7561047 0.2
        vertex 5.807873 2.713896 0.2
    endloop
endfacet
facet normal 0 -0 1
    outer loop
        vertex 5.949217 2.5666606 0.2
        vertex 5.9880295 2.639273 0.2
        vertex 5.807873 2.713896 0.2
    endloop
endfacet
facet normal 0 0 1
    outer loop
        vertex 6.0119295 2.7180622 0.2
        vertex 5.825 2.8000002 0.2
        vertex 5.820677 2.7561047 0.2
    endloop
endfacet
facet normal 0 -0 1
    outer loop
        vertex 5.9880295 2.639273 0.2
        vertex 6.0119295 2.7180622 0.2
        vertex 5.820677 2.7561047 0.2
    endloop
endfacet
facet normal 0 0 1
    outer loop
        vertex 6.02 2.8000002 0.2
        vertex 5.820677 2.8438954 0.2
        vertex 5.825 2.8000002 0.2
    endloop
endfacet
facet normal 0 -0 1
    outer loop
        vertex 6.0119295 2.7180622 0.2
        vertex 6.02 2.8000002 0.2
        vertex 5.825 2.8000002 0.2
    endloop
endfacet
facet normal 0 0 1
    outer loop
        vertex 6.0119295 2.8819377 0.2
        vertex 5.807873 2.8861039 0.2
        vertex 5.820677 2.8438954 0.2
    endloop
endfacet
facet normal 0 0 1
    outer loop
        vertex 6.02 2.8000002 0.2
        vertex 6.0119295 2.8819377 0.2
        vertex 5.820677 2.8438954 0.2
    endloop
endfacet
facet normal 0 0 1
    outer loop
        vertex 5.9880295 2.960727 0.2
        vertex 5.787081 2.9250033 0.2
        vertex 5.807873 2.8861039 0.2
    endloop
endfacet
facet normal 0 0 1
    outer loop
        vertex 6.0119295 2.8819377 0.2
        vertex 5.9880295 2.960727 0.2
        vertex 5.807873 2.8861039 0.2
    endloop
endfacet
facet normal 0 0 1
    outer loop
        vertex 5.949217 3.0333395 0.2
        vertex 5.759099 2.959099 0.2
        vertex 5.787081 2.9250033 0.2
    endloop
endfacet
facet normal 0 0 1
    outer loop
        vertex 5.9880295 2.960727 0.2
        vertex 5.949217 3.0333395 0.2
        vertex 5.787081 2.9250033 0.2
    endloop
endfacet
facet normal 0 0 1
    outer loop
        vertex 5.8969846 3.0969849 0.2
        vertex 5.7250032 2.9870806 0.2
        vertex 5.759099 2.959099 0.2
    endloop
endfacet
facet normal 0 0 1
    outer loop
        vertex 5.949217 3.0333395 0.2
        vertex 5.8969846 3.0969849 0.2
        vertex 5.759099 2.959099 0.2
    endloop
endfacet
facet normal 0 0 1
    outer loop
        vertex 5.833339 3.1492174 0.2
        vertex 5.686104 3.007873 0.2
        vertex 5.7250032 2.9870806 0.2
    endloop
endfacet
facet normal 0 0 1
    outer loop
        vertex 5.8969846 3.0969849 0.2
        vertex 5.833339 3.1492174 0.2
        vertex 5.7250032 2.9870806 0.2
    endloop
endfacet
facet normal 0 -0 1
    outer loop
        vertex 5.440901 2.959099 0.2
        vertex 5.4749966 2.9870806 0.2
        vertex 5.3666606 3.1492174 0.2
    endloop
endfacet
facet normal -0 0 1
    outer loop
        vertex 5.250783 3.0333395 0.2
        vertex 5.4129195 2.9250033 0.2
        vertex 5.303015 3.0969849 0.2
    endloop
endfacet
facet normal 0 0 1
    outer loop
        vertex 5.3793235 2.8438954 0.2
        vertex 5.211971 2.960727 0.2
        vertex 5.1880703 2.8819377 0.2
    endloop
endfacet
facet normal 0 0 1
    outer loop
        vertex 5.518062 3.2119296 0.2
        vertex 5.439273 3.1880293 0.2
        vertex 5.513896 3.007873 0.2
    endloop
endfacet
facet normal 0 0 1
    outer loop
        vertex 5.6000004 3.22 0.2
        vertex 5.518062 3.2119296 0.2
        vertex 5.6000004 3.025 0.2
    endloop
endfacet
facet normal 0 0 1
    outer loop
        vertex 5.6000004 3.22 0.2
        vertex 5.6000004 3.025 0.2
        vertex 5.681938 3.2119296 0.2
    endloop
endfacet
facet normal 0 0 1
    outer loop
        vertex 5.681938 3.2119296 0.2
        vertex 5.6000004 3.025 0.2
        vertex 5.643895 3.0206766 0.2
    endloop
endfacet
facet normal 0 0 1
    outer loop
        vertex 5.760727 3.1880293 0.2
        vertex 5.681938 3.2119296 0.2
        vertex 5.643895 3.0206766 0.2
    endloop
endfacet
facet normal 0 0 1
    outer loop
        vertex 5.833339 3.1492174 0.2
        vertex 5.760727 3.1880293 0.2
        vertex 5.686104 3.007873 0.2
    endloop
endfacet
facet normal 0 -0 1
    outer loop
        vertex 5.686104 3.007873 0.2
        vertex 5.760727 3.1880293 0.2
        vertex 5.643895 3.0206766 0.2
    endloop
endfacet
facet normal 0 0 1
    outer loop
        vertex 5.1880703 2.8819377 0.2
        vertex 5.375 2.8000002 0.2
        vertex 5.3793235 2.8438954 0.2
    endloop
endfacet
facet normal 0.9951849 0.09801473 0
    outer loop
        vertex 5.1880703 2.7180622 0.6
        vertex 5.1880703 2.7180622 0.2
        vertex 5.1800003 2.8000002 0.6
    endloop
endfacet
facet normal 0.95694017 0.29028532 0
    outer loop
        vertex 5.211971 2.639273 0.6
        vertex 5.1880703 2.7180622 0.2
        vertex 5.1880703 2.7180622 0.6
    endloop
endfacet
facet normal 0.88192081 0.47139752 0
    outer loop
        vertex 5.250783 2.5666606 0.6
        vertex 5.211971 2.639273 0.2
        vertex 5.211971 2.639273 0.6
    endloop
endfacet
facet normal 0.88192081 0.47139752 -0
    outer loop
        vertex 5.250783 2.5666606 0.2
        vertex 5.211971 2.639273 0.2
        vertex 5.250783 2.5666606 0.6
    endloop
endfacet
facet normal 0.7730124 0.63439089 -0
    outer loop
        vertex 5.303015 2.503015 0.2
        vertex 5.250783 2.5666606 0.2
        vertex 5.303015 2.503015 0.6
    endloop
endfacet
facet normal 0.63439232 0.77301127 -0
    outer loop
        vertex 5.303015 2.503015 0.2
        vertex 5.303015 2.503015 0.6
        vertex 5.3666606 2.4507828 0.6
    endloop
endfacet
facet normal 0.47139752 0.88192081 -0
    outer loop
        vertex 5.3666606 2.4507828 0.2
        vertex 5.3666606 2.4507828 0.6
        vertex 5.439273 2.4119706 0.6
    endloop
endfacet
facet normal 0.47139752 0.88192081 0
    outer loop
        vertex 5.3666606 2.4507828 0.2
        vertex 5.439273 2.4119706 0.6
        vertex 5.439273 2.4119706 0.2
    endloop
endfacet
facet normal 0.29028532 0.95694017 0
    outer loop
        vertex 5.439273 2.4119706 0.2
        vertex 5.518062 2.38807 0.6
        vertex 5.518062 2.38807 0.2
    endloop
endfacet
facet normal 0.09801446 0.9951849 0
    outer loop
        vertex 5.518062 2.38807 0.6
        vertex 5.6000004 2.38 0.6
        vertex 5.518062 2.38807 0.2
    endloop
endfacet
facet normal -0.09801503 0.9951849 0
    outer loop
        vertex 5.6000004 2.38 0.6
        vertex 5.681938 2.38807 0.6
        vertex 5.6000004 2.38 0.2
    endloop
endfacet
facet normal -0.09801503 0.9951849 0
    outer loop
        vertex 5.681938 2.38807 0.6
        vertex 5.681938 2.38807 0.2
        vertex 5.6000004 2.38 0.2
    endloop
endfacet
facet normal -0.29028687 0.95693958 0
    outer loop
        vertex 5.760727 2.4119706 0.6
        vertex 5.760727 2.4119706 0.2
        vertex 5.681938 2.38807 0.2
    endloop
endfacet
facet normal -0.47139752 0.88192081 0
    outer loop
        vertex 5.833339 2.4507828 0.6
        vertex 5.760727 2.4119706 0.2
        vertex 5.760727 2.4119706 0.6
    endloop
endfacet
facet normal -0.63439232 0.77301127 0
    outer loop
        vertex 5.8969846 2.503015 0.6
        vertex 5.833339 2.4507828 0.2
        vertex 5.833339 2.4507828 0.6
    endloop
endfacet
facet normal -0.99518436 0.09802046 0
    outer loop
        vertex 6.02 2.8000002 0.2
        vertex 6.0119295 2.7180622 0.2
        vertex 6.02 2.8000002 0.6
    endloop
endfacet
facet normal -0.99518436 0.09802046 0
    outer loop
        vertex 6.0119295 2.7180622 0.2
        vertex 6.0119295 2.7180622 0.6
        vertex 6.02 2.8000002 0.6
    endloop
endfacet
facet normal -0.95694178 0.29028004 0
    outer loop
        vertex 5.9880295 2.639273 0.2
        vertex 6.0119295 2.7180622 0.6
        vertex 6.0119295 2.7180622 0.2
    endloop
endfacet
facet normal -0.95694178 0.29028004 0
    outer loop
        vertex 5.9880295 2.639273 0.6
        vertex 6.0119295 2.7180622 0.6
        vertex 5.9880295 2.639273 0.2
    endloop
endfacet
facet normal -0.88191843 0.47140205 0
    outer loop
        vertex 5.9880295 2.639273 0.6
        vertex 5.9880295 2.639273 0.2
        vertex 5.949217 2.5666606 0.2
    endloop
endfacet
facet normal -0.88191843 0.47140205 0
    outer loop
        vertex 5.9880295 2.639273 0.6
        vertex 5.949217 2.5666606 0.2
        vertex 5.949217 2.5666606 0.6
    endloop
endfacet
facet normal -0.7730124 0.63439089 0
    outer loop
        vertex 5.949217 2.5666606 0.2
        vertex 5.8969846 2.503015 0.2
        vertex 5.949217 2.5666606 0.6
    endloop
endfacet
facet normal -0.7730124 0.63439089 0
    outer loop
        vertex 5.8969846 2.503015 0.2
        vertex 5.8969846 2.503015 0.6
        vertex 5.949217 2.5666606 0.6
    endloop
endfacet
facet normal -0.63439232 0.77301127 0
    outer loop
        vertex 5.833339 2.4507828 0.2
        vertex 5.8969846 2.503015 0.6
        vertex 5.8969846 2.503015 0.2
    endloop
endfacet
facet normal -0.47139752 0.88192081 0
    outer loop
        vertex 5.760727 2.4119706 0.2
        vertex 5.833339 2.4507828 0.6
        vertex 5.833339 2.4507828 0.2
    endloop
endfacet
facet normal -0.29028687 0.95693958 0
    outer loop
        vertex 5.681938 2.38807 0.2
        vertex 5.681938 2.38807 0.6
        vertex 5.760727 2.4119706 0.6
    endloop
endfacet
facet normal 0.09801446 0.9951849 -0
    outer loop
        vertex 5.6000004 2.38 0.2
        vertex 5.518062 2.38807 0.2
        vertex 5.6000004 2.38 0.6
    endloop
endfacet
facet normal 0.29028532 0.95694017 0
    outer loop
        vertex 5.518062 2.38807 0.6
        vertex 5.439273 2.4119706 0.2
        vertex 5.439273 2.4119706 0.6
    endloop
endfacet
facet normal 0.63439232 0.77301127 0
    outer loop
        vertex 5.3666606 2.4507828 0.6
        vertex 5.3666606 2.4507828 0.2
        vertex 5.303015 2.503015 0.2
    endloop
endfacet
facet normal 0.7730124 0.63439089 0
    outer loop
        vertex 5.250783 2.5666606 0.6
        vertex 5.303015 2.503015 0.6
        vertex 5.250783 2.5666606 0.2
    endloop
endfacet
facet normal 0.9951849 0.09801473 0
    outer loop
        vertex 5.1880703 2.7180622 0.2
        vertex 5.1800003 2.8000002 0.2
        vertex 5.1800003 2.8000002 0.6
    endloop
endfacet
facet normal 0.95694017 0.29028532 0
    outer loop
        vertex 5.211971 2.639273 0.6
        vertex 5.211971 2.639273 0.2
        vertex 5.1880703 2.7180622 0.2
    endloop
endfacet
facet normal 0.99518436 0.09802062 0
    outer loop
        vertex 5.3793235 2.7561047 0.2
        vertex 5.375 2.8000002 -0.6
        vertex 5.375 2.8000002 0.2
    endloop
endfacet
facet normal 0.95694226 0.29027835 0
    outer loop
        vertex 5.392127 2.713896 0.2
        vertex 5.3793235 2.7561047 -0.6
        vertex 5.3793235 2.7561047 0.2
    endloop
endfacet
facet normal 0.95694226 0.29027835 -0
    outer loop
        vertex 5.392127 2.713896 -0.6
        vertex 5.3793235 2.7561047 -0.6
        vertex 5.392127 2.713896 0.2
    endloop
endfacet
facet normal 0.88191843 0.47140223 -0
    outer loop
        vertex 5.4129195 2.6749966 -0.6
        vertex 5.392127 2.713896 -0.6
        vertex 5.4129195 2.6749966 0.2
    endloop
endfacet
facet normal 0.77301484 0.63438809 -0
    outer loop
        vertex 5.4129195 2.6749966 -0.6
        vertex 5.4129195 2.6749966 0.2
        vertex 5.440901 2.6409009 0.2
    endloop
endfacet
facet normal 0.63439125 0.77301216 -0
    outer loop
        vertex 5.440901 2.6409009 -0.6
        vertex 5.440901 2.6409009 0.2
        vertex 5.4749966 2.6129193 0.2
    endloop
endfacet
facet normal 0.63439125 0.77301216 0
    outer loop
        vertex 5.440901 2.6409009 -0.6
        vertex 5.4749966 2.6129193 0.2
        vertex 5.4749966 2.6129193 -0.6
    endloop
endfacet
facet normal 0.471398 0.88192052 0
    outer loop
        vertex 5.4749966 2.6129193 -0.6
        vertex 5.513896 2.592127 0.2
        vertex 5.513896 2.592127 -0.6
    endloop
endfacet
facet normal 0.29028329 0.95694077 0
    outer loop
        vertex 5.513896 2.592127 -0.6
        vertex 5.5561047 2.5793233 0.2
        vertex 5.5561047 2.5793233 -0.6
    endloop
endfacet
facet normal 0.09801473 0.9951849 0
    outer loop
        vertex 5.5561047 2.5793233 0.2
        vertex 5.6000004 2.575 0.2
        vertex 5.5561047 2.5793233 -0.6
    endloop
endfacet
facet normal -0.09801684 0.99518472 0
    outer loop
        vertex 5.6000004 2.575 0.2
        vertex 5.643895 2.5793233 0.2
        vertex 5.6000004 2.575 -0.6
    endloop
endfacet
facet normal -0.09801684 0.99518472 0
    outer loop
        vertex 5.643895 2.5793233 0.2
        vertex 5.643895 2.5793233 -0.6
        vertex 5.6000004 2.575 -0.6
    endloop
endfacet
facet normal -0.29028329 0.95694077 0
    outer loop
        vertex 5.686104 2.592127 0.2
        vertex 5.686104 2.592127 -0.6
        vertex 5.643895 2.5793233 -0.6
    endloop
endfacet
facet normal -0.471398 0.88192052 0
    outer loop
        vertex 5.7250032 2.6129193 0.2
        vertex 5.686104 2.592127 -0.6
        vertex 5.686104 2.592127 0.2
    endloop
endfacet
facet normal -0.63439125 0.77301216 0
    outer loop
        vertex 5.759099 2.6409009 0.2
        vertex 5.7250032 2.6129193 -0.6
        vertex 5.7250032 2.6129193 0.2
    endloop
endfacet
facet normal -0.99518543 0.09800991 0
    outer loop
        vertex 5.825 2.8000002 -0.6
        vertex 5.820677 2.7561047 -0.6
        vertex 5.825 2.8000002 0.2
    endloop
endfacet
facet normal -0.99518543 0.09800991 0
    outer loop
        vertex 5.820677 2.7561047 -0.6
        vertex 5.820677 2.7561047 0.2
        vertex 5.825 2.8000002 0.2
    endloop
endfacet
facet normal -0.95693934 0.29028824 0
    outer loop
        vertex 5.807873 2.713896 -0.6
        vertex 5.820677 2.7561047 0.2
        vertex 5.820677 2.7561047 -0.6
    endloop
endfacet
facet normal -0.95693934 0.29028824 0
    outer loop
        vertex 5.807873 2.713896 0.2
        vertex 5.820677 2.7561047 0.2
        vertex 5.807873 2.713896 -0.6
    endloop
endfacet
facet normal -0.88192284 0.47139379 0
    outer loop
        vertex 5.807873 2.713896 0.2
        vertex 5.807873 2.713896 -0.6
        vertex 5.787081 2.6749966 -0.6
    endloop
endfacet
facet normal -0.88192284 0.47139379 0
    outer loop
        vertex 5.807873 2.713896 0.2
        vertex 5.787081 2.6749966 -0.6
        vertex 5.787081 2.6749966 0.2
    endloop
endfacet
facet normal -0.77300942 0.63439447 0
    outer loop
        vertex 5.787081 2.6749966 -0.6
        vertex 5.759099 2.6409009 -0.6
        vertex 5.787081 2.6749966 0.2
    endloop
endfacet
facet normal -0.77300942 0.63439447 0
    outer loop
        vertex 5.759099 2.6409009 -0.6
        vertex 5.759099 2.6409009 0.2
        vertex 5.787081 2.6749966 0.2
    endloop
endfacet
facet normal -0.63439125 0.77301216 0
    outer loop
        vertex 5.7250032 2.6129193 -0.6
        vertex 5.759099 2.6409009 0.2
        vertex 5.759099 2.6409009 -0.6
    endloop
endfacet
facet normal -0.471398 0.88192052 0
    outer loop
        vertex 5.686104 2.592127 -0.6
        vertex 5.7250032 2.6129193 0.2
        vertex 5.7250032 2.6129193 -0.6
    endloop
endfacet
facet normal -0.29028329 0.95694077 0
    outer loop
        vertex 5.643895 2.5793233 -0.6
        vertex 5.643895 2.5793233 0.2
        vertex 5.686104 2.592127 0.2
    endloop
endfacet
facet normal 0.09801473 0.9951849 -0
    outer loop
        vertex 5.6000004 2.575 -0.6
        vertex 5.5561047 2.5793233 -0.6
        vertex 5.6000004 2.575 0.2
    endloop
endfacet
facet normal 0.29028329 0.95694077 0
    outer loop
        vertex 5.5561047 2.5793233 0.2
        vertex 5.513896 2.592127 -0.6
        vertex 5.513896 2.592127 0.2
    endloop
endfacet
facet normal 0.471398 0.88192052 0
    outer loop
        vertex 5.513896 2.592127 0.2
        vertex 5.4749966 2.6129193 -0.6
        vertex 5.4749966 2.6129193 0.2
    endloop
endfacet
facet normal 0.77301484 0.63438809 0
    outer loop
        vertex 5.440901 2.6409009 0.2
        vertex 5.440901 2.6409009 -0.6
        vertex 5.4129195 2.6749966 -0.6
    endloop
endfacet
facet normal 0.99518436 0.09802062 -0
    outer loop
        vertex 5.3793235 2.7561047 -0.6
        vertex 5.375 2.8000002 -0.6
        vertex 5.3793235 2.7561047 0.2
    endloop
endfacet
facet normal 0.88191843 0.47140223 0
    outer loop
        vertex 5.4129195 2.6749966 0.2
        vertex 5.392127 2.713896 -0.6
        vertex 5.392127 2.713896 0.2
    endloop
endfacet
facet normal 0.98078424 -0.19509578 0
    outer loop
        vertex -4.4570594 -7.034944 -0.6
        vertex -4.4570594 -7.034944 0.6
        vertex -4.4700003 -7.1000004 -0.6
    endloop
endfacet
facet normal 0.83147144 -0.5555675 0
    outer loop
        vertex -4.420208 -6.9797916 -0.6
        vertex -4.4570594 -7.034944 0.6
        vertex -4.4570594 -7.034944 -0.6
    endloop
endfacet
facet normal 0.55556589 -0.83147252 0
    outer loop
        vertex -4.365056 -6.9429407 -0.6
        vertex -4.420208 -6.9797916 0.6
        vertex -4.420208 -6.9797916 -0.6
    endloop
endfacet
facet normal 0.55556589 -0.83147252 0
    outer loop
        vertex -4.365056 -6.9429407 0.6
        vertex -4.420208 -6.9797916 0.6
        vertex -4.365056 -6.9429407 -0.6
    endloop
endfacet
facet normal 0.19509025 -0.98078537 0
    outer loop
        vertex -4.3 -6.9300003 0.6
        vertex -4.365056 -6.9429407 0.6
        vertex -4.3 -6.9300003 -0.6
    endloop
endfacet
facet normal -0.19508886 -0.98078555 -0
    outer loop
        vertex -4.3 -6.9300003 0.6
        vertex -4.3 -6.9300003 -0.6
        vertex -4.234944 -6.9429407 -0.6
    endloop
endfacet
facet normal -0.55556589 -0.83147252 -0
    outer loop
        vertex -4.234944 -6.9429407 0.6
        vertex -4.234944 -6.9429407 -0.6
        vertex -4.179792 -6.9797916 -0.6
    endloop
endfacet
facet normal -0.98078555 -0.19508886 -0
    outer loop
        vertex -4.13 -7.1000004 0.6
        vertex -4.1429405 -7.034944 0.6
        vertex -4.13 -7.1000004 -0.6
    endloop
endfacet
facet normal -0.98078555 -0.19508886 -0
    outer loop
        vertex -4.1429405 -7.034944 0.6
        vertex -4.1429405 -7.034944 -0.6
        vertex -4.13 -7.1000004 -0.6
    endloop
endfacet
facet normal -0.83147144 -0.5555675 0
    outer loop
        vertex -4.179792 -6.9797916 0.6
        vertex -4.1429405 -7.034944 -0.6
        vertex -4.1429405 -7.034944 0.6
    endloop
endfacet
facet normal -0.83147144 -0.5555675 0
    outer loop
        vertex -4.179792 -6.9797916 -0.6
        vertex -4.1429405 -7.034944 -0.6
        vertex -4.179792 -6.9797916 0.6
    endloop
endfacet
facet normal -0.55556589 -0.83147252 0
    outer loop
        vertex -4.179792 -6.9797916 -0.6
        vertex -4.179792 -6.9797916 0.6
        vertex -4.234944 -6.9429407 0.6
    endloop
endfacet
facet normal -0.19508886 -0.98078555 0
    outer loop
        vertex -4.234944 -6.9429407 -0.6
        vertex -4.234944 -6.9429407 0.6
        vertex -4.3 -6.9300003 0.6
    endloop
endfacet
facet normal 0.19509025 -0.98078537 0
    outer loop
        vertex -4.365056 -6.9429407 -0.6
        vertex -4.3 -6.9300003 -0.6
        vertex -4.365056 -6.9429407 0.6
    endloop
endfacet
facet normal 0.98078424 -0.19509578 0
    outer loop
        vertex -4.4570594 -7.034944 0.6
        vertex -4.4700003 -7.1000004 0.6
        vertex -4.4700003 -7.1000004 -0.6
    endloop
endfacet
facet normal 0.83147144 -0.5555675 0
    outer loop
        vertex -4.420208 -6.9797916 -0.6
        vertex -4.420208 -6.9797916 0.6
        vertex -4.4570594 -7.034944 0.6
    endloop
endfacet
facet normal 0.98078394 0.19509715 0
    outer loop
        vertex -4.4570594 -7.165056 0.6
        vertex -4.4570594 -7.165056 -0.6
        vertex -4.4700003 -7.1000004 0.6
    endloop
endfacet
facet normal 0.83146703 0.55557418 0
    outer loop
        vertex -4.420208 -7.2202077 0.6
        vertex -4.4570594 -7.165056 -0.6
        vertex -4.4570594 -7.165056 0.6
    endloop
endfacet
facet normal 0.55557084 0.83146924 0
    outer loop
        vertex -4.365056 -7.257059 0.6
        vertex -4.420208 -7.2202077 -0.6
        vertex -4.420208 -7.2202077 0.6
    endloop
endfacet
facet normal 0.55557084 0.83146924 -0
    outer loop
        vertex -4.365056 -7.257059 -0.6
        vertex -4.420208 -7.2202077 -0.6
        vertex -4.365056 -7.257059 0.6
    endloop
endfacet
facet normal 0.19509715 0.98078394 -0
    outer loop
        vertex -4.3 -7.27 -0.6
        vertex -4.365056 -7.257059 -0.6
        vertex -4.3 -7.27 0.6
    endloop
endfacet
facet normal -0.19509578 0.98078424 0
    outer loop
        vertex -4.3 -7.27 -0.6
        vertex -4.3 -7.27 0.6
        vertex -4.234944 -7.257059 0.6
    endloop
endfacet
facet normal -0.55557084 0.83146924 0
    outer loop
        vertex -4.234944 -7.257059 -0.6
        vertex -4.234944 -7.257059 0.6
        vertex -4.179792 -7.2202077 0.6
    endloop
endfacet
facet normal -0.98078537 0.19509025 0
    outer loop
        vertex -4.13 -7.1000004 -0.6
        vertex -4.1429405 -7.165056 -0.6
        vertex -4.13 -7.1000004 0.6
    endloop
endfacet
facet normal -0.98078537 0.19509025 0
    outer loop
        vertex -4.1429405 -7.165056 -0.6
        vertex -4.1429405 -7.165056 0.6
        vertex -4.13 -7.1000004 0.6
    endloop
endfacet
facet normal -0.83146703 0.55557418 0
    outer loop
        vertex -4.179792 -7.2202077 -0.6
        vertex -4.1429405 -7.165056 0.6
        vertex -4.1429405 -7.165056 -0.6
    endloop
endfacet
facet normal -0.83146703 0.55557418 0
    outer loop
        vertex -4.179792 -7.2202077 0.6
        vertex -4.1429405 -7.165056 0.6
        vertex -4.179792 -7.2202077 -0.6
    endloop
endfacet
facet normal -0.55557084 0.83146924 0
    outer loop
        vertex -4.179792 -7.2202077 0.6
        vertex -4.179792 -7.2202077 -0.6
        vertex -4.234944 -7.257059 -0.6
    endloop
endfacet
facet normal -0.19509578 0.98078424 0
    outer loop
        vertex -4.234944 -7.257059 0.6
        vertex -4.234944 -7.257059 -0.6
        vertex -4.3 -7.27 -0.6
    endloop
endfacet
facet normal 0.19509715 0.98078394 0
    outer loop
        vertex -4.365056 -7.257059 0.6
        vertex -4.3 -7.27 0.6
        vertex -4.365056 -7.257059 -0.6
    endloop
endfacet
facet normal 0.98078394 0.19509715 0
    outer loop
        vertex -4.4570594 -7.165056 -0.6
        vertex -4.4700003 -7.1000004 -0.6
        vertex -4.4700003 -7.1000004 0.6
    endloop
endfacet
facet normal 0.83146703 0.55557418 0
    outer loop
        vertex -4.420208 -7.2202077 0.6
        vertex -4.420208 -7.2202077 -0.6
        vertex -4.4570594 -7.165056 -0.6
    endloop
endfacet
facet normal 0.98078555 -0.19508886 0
    outer loop
        vertex 4.1429405 -7.034944 -0.6
        vertex 4.1429405 -7.034944 0.6
        vertex 4.13 -7.1000004 -0.6
    endloop
endfacet
facet normal 0.83147144 -0.5555675 0
    outer loop
        vertex 4.179792 -6.9797916 -0.6
        vertex 4.1429405 -7.034944 0.6
        vertex 4.1429405 -7.034944 -0.6
    endloop
endfacet
facet normal 0.55556589 -0.83147252 0
    outer loop
        vertex 4.234944 -6.9429407 -0.6
        vertex 4.179792 -6.9797916 0.6
        vertex 4.179792 -6.9797916 -0.6
    endloop
endfacet
facet normal 0.55556589 -0.83147252 0
    outer loop
        vertex 4.234944 -6.9429407 0.6
        vertex 4.179792 -6.9797916 0.6
        vertex 4.234944 -6.9429407 -0.6
    endloop
endfacet
facet normal 0.19508886 -0.98078555 0
    outer loop
        vertex 4.3 -6.9300003 0.6
        vertex 4.234944 -6.9429407 0.6
        vertex 4.3 -6.9300003 -0.6
    endloop
endfacet
facet normal -0.19509025 -0.98078537 -0
    outer loop
        vertex 4.3 -6.9300003 0.6
        vertex 4.3 -6.9300003 -0.6
        vertex 4.365056 -6.9429407 -0.6
    endloop
endfacet
facet normal -0.55556589 -0.83147252 -0
    outer loop
        vertex 4.365056 -6.9429407 0.6
        vertex 4.365056 -6.9429407 -0.6
        vertex 4.420208 -6.9797916 -0.6
    endloop
endfacet
facet normal -0.98078424 -0.19509578 -0
    outer loop
        vertex 4.4700003 -7.1000004 0.6
        vertex 4.4570594 -7.034944 0.6
        vertex 4.4700003 -7.1000004 -0.6
    endloop
endfacet
facet normal -0.98078424 -0.19509578 -0
    outer loop
        vertex 4.4570594 -7.034944 0.6
        vertex 4.4570594 -7.034944 -0.6
        vertex 4.4700003 -7.1000004 -0.6
    endloop
endfacet
facet normal -0.83147144 -0.5555675 0
    outer loop
        vertex 4.420208 -6.9797916 0.6
        vertex 4.4570594 -7.034944 -0.6
        vertex 4.4570594 -7.034944 0.6
    endloop
endfacet
facet normal -0.83147144 -0.5555675 0
    outer loop
        vertex 4.420208 -6.9797916 -0.6
        vertex 4.4570594 -7.034944 -0.6
        vertex 4.420208 -6.9797916 0.6
    endloop
endfacet
facet normal -0.55556589 -0.83147252 0
    outer loop
        vertex 4.420208 -6.9797916 -0.6
        vertex 4.420208 -6.9797916 0.6
        vertex 4.365056 -6.9429407 0.6
    endloop
endfacet
facet normal -0.19509025 -0.98078537 0
    outer loop
        vertex 4.365056 -6.9429407 -0.6
        vertex 4.365056 -6.9429407 0.6
        vertex 4.3 -6.9300003 0.6
    endloop
endfacet
facet normal 0.19508886 -0.98078555 0
    outer loop
        vertex 4.234944 -6.9429407 -0.6
        vertex 4.3 -6.9300003 -0.6
        vertex 4.234944 -6.9429407 0.6
    endloop
endfacet
facet normal 0.98078555 -0.19508886 0
    outer loop
        vertex 4.1429405 -7.034944 0.6
        vertex 4.13 -7.1000004 0.6
        vertex 4.13 -7.1000004 -0.6
    endloop
endfacet
facet normal 0.83147144 -0.5555675 0
    outer loop
        vertex 4.179792 -6.9797916 -0.6
        vertex 4.179792 -6.9797916 0.6
        vertex 4.1429405 -7.034944 0.6
    endloop
endfacet
facet normal 0.98078537 0.19509025 0
    outer loop
        vertex 4.1429405 -7.165056 0.6
        vertex 4.13 -7.1000004 -0.6
        vertex 4.13 -7.1000004 0.6
    endloop
endfacet
facet normal 0.83146703 0.55557418 0
    outer loop
        vertex 4.179792 -7.2202077 0.6
        vertex 4.1429405 -7.165056 -0.6
        vertex 4.1429405 -7.165056 0.6
    endloop
endfacet
facet normal 0.83146703 0.55557418 -0
    outer loop
        vertex 4.179792 -7.2202077 -0.6
        vertex 4.1429405 -7.165056 -0.6
        vertex 4.179792 -7.2202077 0.6
    endloop
endfacet
facet normal 0.55557084 0.83146924 -0
    outer loop
        vertex 4.234944 -7.257059 -0.6
        vertex 4.179792 -7.2202077 -0.6
        vertex 4.234944 -7.257059 0.6
    endloop
endfacet
facet normal 0.19509578 0.98078424 -0
    outer loop
        vertex 4.3 -7.27 -0.6
        vertex 4.234944 -7.257059 -0.6
        vertex 4.3 -7.27 0.6
    endloop
endfacet
facet normal -0.19509715 0.98078394 0
    outer loop
        vertex 4.3 -7.27 -0.6
        vertex 4.3 -7.27 0.6
        vertex 4.365056 -7.257059 0.6
    endloop
endfacet
facet normal -0.55557084 0.83146924 0
    outer loop
        vertex 4.365056 -7.257059 -0.6
        vertex 4.365056 -7.257059 0.6
        vertex 4.420208 -7.2202077 0.6
    endloop
endfacet
facet normal -0.98078394 0.19509715 0
    outer loop
        vertex 4.4700003 -7.1000004 -0.6
        vertex 4.4570594 -7.165056 -0.6
        vertex 4.4700003 -7.1000004 0.6
    endloop
endfacet
facet normal -0.98078394 0.19509715 0
    outer loop
        vertex 4.4570594 -7.165056 -0.6
        vertex 4.4570594 -7.165056 0.6
        vertex 4.4700003 -7.1000004 0.6
    endloop
endfacet
facet normal -0.83146703 0.55557418 0
    outer loop
        vertex 4.420208 -7.2202077 -0.6
        vertex 4.4570594 -7.165056 0.6
        vertex 4.4570594 -7.165056 -0.6
    endloop
endfacet
facet normal -0.83146703 0.55557418 0
    outer loop
        vertex 4.420208 -7.2202077 0.6
        vertex 4.4570594 -7.165056 0.6
        vertex 4.420208 -7.2202077 -0.6
    endloop
endfacet
facet normal -0.55557084 0.83146924 0
    outer loop
        vertex 4.420208 -7.2202077 0.6
        vertex 4.420208 -7.2202077 -0.6
        vertex 4.365056 -7.257059 -0.6
    endloop
endfacet
facet normal -0.19509715 0.98078394 0
    outer loop
        vertex 4.365056 -7.257059 0.6
        vertex 4.365056 -7.257059 -0.6
        vertex 4.3 -7.27 -0.6
    endloop
endfacet
facet normal 0.19509578 0.98078424 0
    outer loop
        vertex 4.234944 -7.257059 0.6
        vertex 4.3 -7.27 0.6
        vertex 4.234944 -7.257059 -0.6
    endloop
endfacet
facet normal 0.98078537 0.19509025 -0
    outer loop
        vertex 4.1429405 -7.165056 -0.6
        vertex 4.13 -7.1000004 -0.6
        vertex 4.1429405 -7.165056 0.6
    endloop
endfacet
facet normal 0.55557084 0.83146924 0
    outer loop
        vertex 4.234944 -7.257059 0.6
        vertex 4.179792 -7.2202077 -0.6
        vertex 4.179792 -7.2202077 0.6
    endloop
endfacet
facet normal 0.98078394 -0.19509715 0
    outer loop
        vertex -4.4570594 4.565056 -0.6
        vertex -4.4700003 4.5 0.6
        vertex -4.4700003 4.5 -0.6
    endloop
endfacet
facet normal 0.83147144 -0.5555675 0
    outer loop
        vertex -4.420208 4.6202083 -0.6
        vertex -4.4570594 4.565056 0.6
        vertex -4.4570594 4.565056 -0.6
    endloop
endfacet
facet normal 0.83147144 -0.5555675 0
    outer loop
        vertex -4.420208 4.6202083 0.6
        vertex -4.4570594 4.565056 0.6
        vertex -4.420208 4.6202083 -0.6
    endloop
endfacet
facet normal 0.55557084 -0.83146924 0
    outer loop
        vertex -4.365056 4.6570597 0.6
        vertex -4.420208 4.6202083 0.6
        vertex -4.365056 4.6570597 -0.6
    endloop
endfacet
facet normal 0.19509025 -0.98078537 0
    outer loop
        vertex -4.3 4.67 0.6
        vertex -4.365056 4.6570597 0.6
        vertex -4.3 4.67 -0.6
    endloop
endfacet
facet normal -0.19508886 -0.98078555 -0
    outer loop
        vertex -4.3 4.67 0.6
        vertex -4.3 4.67 -0.6
        vertex -4.234944 4.6570597 -0.6
    endloop
endfacet
facet normal -0.55557084 -0.83146924 -0
    outer loop
        vertex -4.234944 4.6570597 0.6
        vertex -4.234944 4.6570597 -0.6
        vertex -4.179792 4.6202083 -0.6
    endloop
endfacet
facet normal -0.98078537 -0.19509025 -0
    outer loop
        vertex -4.13 4.5 0.6
        vertex -4.1429405 4.565056 0.6
        vertex -4.13 4.5 -0.6
    endloop
endfacet
facet normal -0.98078537 -0.19509025 -0
    outer loop
        vertex -4.1429405 4.565056 0.6
        vertex -4.1429405 4.565056 -0.6
        vertex -4.13 4.5 -0.6
    endloop
endfacet
facet normal -0.83147144 -0.5555675 0
    outer loop
        vertex -4.179792 4.6202083 0.6
        vertex -4.1429405 4.565056 -0.6
        vertex -4.1429405 4.565056 0.6
    endloop
endfacet
facet normal -0.83147144 -0.5555675 0
    outer loop
        vertex -4.179792 4.6202083 -0.6
        vertex -4.1429405 4.565056 -0.6
        vertex -4.179792 4.6202083 0.6
    endloop
endfacet
facet normal -0.55557084 -0.83146924 0
    outer loop
        vertex -4.179792 4.6202083 -0.6
        vertex -4.179792 4.6202083 0.6
        vertex -4.234944 4.6570597 0.6
    endloop
endfacet
facet normal -0.19508886 -0.98078555 0
    outer loop
        vertex -4.234944 4.6570597 -0.6
        vertex -4.234944 4.6570597 0.6
        vertex -4.3 4.67 0.6
    endloop
endfacet
facet normal 0.19509025 -0.98078537 0
    outer loop
        vertex -4.365056 4.6570597 -0.6
        vertex -4.3 4.67 -0.6
        vertex -4.365056 4.6570597 0.6
    endloop
endfacet
facet normal 0.98078394 -0.19509715 0
    outer loop
        vertex -4.4570594 4.565056 0.6
        vertex -4.4700003 4.5 0.6
        vertex -4.4570594 4.565056 -0.6
    endloop
endfacet
facet normal 0.55557084 -0.83146924 0
    outer loop
        vertex -4.365056 4.6570597 -0.6
        vertex -4.420208 4.6202083 0.6
        vertex -4.420208 4.6202083 -0.6
    endloop
endfacet
facet normal 0.98078394 0.19509715 0
    outer loop
        vertex -4.4570594 4.434944 0.6
        vertex -4.4570594 4.434944 -0.6
        vertex -4.4700003 4.5 0.6
    endloop
endfacet
facet normal 0.83147144 0.5555675 0
    outer loop
        vertex -4.420208 4.3797917 0.6
        vertex -4.4570594 4.434944 -0.6
        vertex -4.4570594 4.434944 0.6
    endloop
endfacet
facet normal 0.55557084 0.83146924 0
    outer loop
        vertex -4.365056 4.3429403 0.6
        vertex -4.420208 4.3797917 -0.6
        vertex -4.420208 4.3797917 0.6
    endloop
endfacet
facet normal 0.55557084 0.83146924 -0
    outer loop
        vertex -4.365056 4.3429403 -0.6
        vertex -4.420208 4.3797917 -0.6
        vertex -4.365056 4.3429403 0.6
    endloop
endfacet
facet normal 0.19509025 0.98078537 -0
    outer loop
        vertex -4.3 4.33 -0.6
        vertex -4.365056 4.3429403 -0.6
        vertex -4.3 4.33 0.6
    endloop
endfacet
facet normal -0.19508886 0.98078555 0
    outer loop
        vertex -4.3 4.33 -0.6
        vertex -4.3 4.33 0.6
        vertex -4.234944 4.3429403 0.6
    endloop
endfacet
facet normal -0.55557084 0.83146924 0
    outer loop
        vertex -4.234944 4.3429403 -0.6
        vertex -4.234944 4.3429403 0.6
        vertex -4.179792 4.3797917 0.6
    endloop
endfacet
facet normal -0.98078537 0.19509025 0
    outer loop
        vertex -4.13 4.5 -0.6
        vertex -4.1429405 4.434944 -0.6
        vertex -4.13 4.5 0.6
    endloop
endfacet
facet normal -0.98078537 0.19509025 0
    outer loop
        vertex -4.1429405 4.434944 -0.6
        vertex -4.1429405 4.434944 0.6
        vertex -4.13 4.5 0.6
    endloop
endfacet
facet normal -0.83147144 0.5555675 0
    outer loop
        vertex -4.179792 4.3797917 -0.6
        vertex -4.1429405 4.434944 0.6
        vertex -4.1429405 4.434944 -0.6
    endloop
endfacet
facet normal -0.83147144 0.5555675 0
    outer loop
        vertex -4.179792 4.3797917 0.6
        vertex -4.1429405 4.434944 0.6
        vertex -4.179792 4.3797917 -0.6
    endloop
endfacet
facet normal -0.55557084 0.83146924 0
    outer loop
        vertex -4.179792 4.3797917 0.6
        vertex -4.179792 4.3797917 -0.6
        vertex -4.234944 4.3429403 -0.6
    endloop
endfacet
facet normal -0.19508886 0.98078555 0
    outer loop
        vertex -4.234944 4.3429403 0.6
        vertex -4.234944 4.3429403 -0.6
        vertex -4.3 4.33 -0.6
    endloop
endfacet
facet normal 0.19509025 0.98078537 0
    outer loop
        vertex -4.365056 4.3429403 0.6
        vertex -4.3 4.33 0.6
        vertex -4.365056 4.3429403 -0.6
    endloop
endfacet
facet normal 0.98078394 0.19509715 0
    outer loop
        vertex -4.4570594 4.434944 -0.6
        vertex -4.4700003 4.5 -0.6
        vertex -4.4700003 4.5 0.6
    endloop
endfacet
facet normal 0.83147144 0.5555675 0
    outer loop
        vertex -4.420208 4.3797917 0.6
        vertex -4.420208 4.3797917 -0.6
        vertex -4.4570594 4.434944 -0.6
    endloop
endfacet
facet normal 0.98078537 -0.19509025 0
    outer loop
        vertex 4.1429405 4.565056 -0.6
        vertex 4.1429405 4.565056 0.6
        vertex 4.13 4.5 -0.6
    endloop
endfacet
facet normal 0.83147144 -0.5555675 0
    outer loop
        vertex 4.179792 4.6202083 -0.6
        vertex 4.1429405 4.565056 0.6
        vertex 4.1429405 4.565056 -0.6
    endloop
endfacet
facet normal 0.55557084 -0.83146924 0
    outer loop
        vertex 4.234944 4.6570597 -0.6
        vertex 4.179792 4.6202083 0.6
        vertex 4.179792 4.6202083 -0.6
    endloop
endfacet
facet normal 0.55557084 -0.83146924 0
    outer loop
        vertex 4.234944 4.6570597 0.6
        vertex 4.179792 4.6202083 0.6
        vertex 4.234944 4.6570597 -0.6
    endloop
endfacet
facet normal 0.19508886 -0.98078555 0
    outer loop
        vertex 4.3 4.67 0.6
        vertex 4.234944 4.6570597 0.6
        vertex 4.3 4.67 -0.6
    endloop
endfacet
facet normal -0.19509025 -0.98078537 -0
    outer loop
        vertex 4.3 4.67 0.6
        vertex 4.3 4.67 -0.6
        vertex 4.365056 4.6570597 -0.6
    endloop
endfacet
facet normal -0.55557084 -0.83146924 -0
    outer loop
        vertex 4.365056 4.6570597 0.6
        vertex 4.365056 4.6570597 -0.6
        vertex 4.420208 4.6202083 -0.6
    endloop
endfacet
facet normal -0.98078394 -0.19509715 -0
    outer loop
        vertex 4.4700003 4.5 0.6
        vertex 4.4570594 4.565056 0.6
        vertex 4.4700003 4.5 -0.6
    endloop
endfacet
facet normal -0.98078394 -0.19509715 -0
    outer loop
        vertex 4.4570594 4.565056 0.6
        vertex 4.4570594 4.565056 -0.6
        vertex 4.4700003 4.5 -0.6
    endloop
endfacet
facet normal -0.83147144 -0.5555675 0
    outer loop
        vertex 4.420208 4.6202083 0.6
        vertex 4.4570594 4.565056 -0.6
        vertex 4.4570594 4.565056 0.6
    endloop
endfacet
facet normal -0.83147144 -0.5555675 0
    outer loop
        vertex 4.420208 4.6202083 -0.6
        vertex 4.4570594 4.565056 -0.6
        vertex 4.420208 4.6202083 0.6
    endloop
endfacet
facet normal -0.55557084 -0.83146924 0
    outer loop
        vertex 4.420208 4.6202083 -0.6
        vertex 4.420208 4.6202083 0.6
        vertex 4.365056 4.6570597 0.6
    endloop
endfacet
facet normal -0.19509025 -0.98078537 0
    outer loop
        vertex 4.365056 4.6570597 -0.6
        vertex 4.365056 4.6570597 0.6
        vertex 4.3 4.67 0.6
    endloop
endfacet
facet normal 0.19508886 -0.98078555 0
    outer loop
        vertex 4.234944 4.6570597 -0.6
        vertex 4.3 4.67 -0.6
        vertex 4.234944 4.6570597 0.6
    endloop
endfacet
facet normal 0.98078537 -0.19509025 0
    outer loop
        vertex 4.1429405 4.565056 0.6
        vertex 4.13 4.5 0.6
        vertex 4.13 4.5 -0.6
    endloop
endfacet
facet normal 0.83147144 -0.5555675 0
    outer loop
        vertex 4.179792 4.6202083 -0.6
        vertex 4.179792 4.6202083 0.6
        vertex 4.1429405 4.565056 0.6
    endloop
endfacet
facet normal 0.98078537 0.19509025 0
    outer loop
        vertex 4.1429405 4.434944 0.6
        vertex 4.1429405 4.434944 -0.6
        vertex 4.13 4.5 0.6
    endloop
endfacet
facet normal 0.83147144 0.5555675 0
    outer loop
        vertex 4.179792 4.3797917 0.6
        vertex 4.1429405 4.434944 -0.6
        vertex 4.1429405 4.434944 0.6
    endloop
endfacet
facet normal 0.55557084 0.83146924 0
    outer loop
        vertex 4.234944 4.3429403 0.6
        vertex 4.179792 4.3797917 -0.6
        vertex 4.179792 4.3797917 0.6
    endloop
endfacet
facet normal 0.55557084 0.83146924 -0
    outer loop
        vertex 4.234944 4.3429403 -0.6
        vertex 4.179792 4.3797917 -0.6
        vertex 4.234944 4.3429403 0.6
    endloop
endfacet
facet normal 0.19508886 0.98078555 -0
    outer loop
        vertex 4.3 4.33 -0.6
        vertex 4.234944 4.3429403 -0.6
        vertex 4.3 4.33 0.6
    endloop
endfacet
facet normal -0.19509025 0.98078537 0
    outer loop
        vertex 4.3 4.33 -0.6
        vertex 4.3 4.33 0.6
        vertex 4.365056 4.3429403 0.6
    endloop
endfacet
facet normal -0.55557084 0.83146924 0
    outer loop
        vertex 4.365056 4.3429403 -0.6
        vertex 4.365056 4.3429403 0.6
        vertex 4.420208 4.3797917 0.6
    endloop
endfacet
facet normal -0.98078394 0.19509715 0
    outer loop
        vertex 4.4700003 4.5 -0.6
        vertex 4.4570594 4.434944 -0.6
        vertex 4.4700003 4.5 0.6
    endloop
endfacet
facet normal -0.98078394 0.19509715 0
    outer loop
        vertex 4.4570594 4.434944 -0.6
        vertex 4.4570594 4.434944 0.6
        vertex 4.4700003 4.5 0.6
    endloop
endfacet
facet normal -0.83147144 0.5555675 0
    outer loop
        vertex 4.420208 4.3797917 -0.6
        vertex 4.4570594 4.434944 0.6
        vertex 4.4570594 4.434944 -0.6
    endloop
endfacet
facet normal -0.83147144 0.5555675 0
    outer loop
        vertex 4.420208 4.3797917 0.6
        vertex 4.4570594 4.434944 0.6
        vertex 4.420208 4.3797917 -0.6
    endloop
endfacet
facet normal -0.55557084 0.83146924 0
    outer loop
        vertex 4.420208 4.3797917 0.6
        vertex 4.420208 4.3797917 -0.6
        vertex 4.365056 4.3429403 -0.6
    endloop
endfacet
facet normal -0.19509025 0.98078537 0
    outer loop
        vertex 4.365056 4.3429403 0.6
        vertex 4.365056 4.3429403 -0.6
        vertex 4.3 4.33 -0.6
    endloop
endfacet
facet normal 0.19508886 0.98078555 0
    outer loop
        vertex 4.234944 4.3429403 0.6
        vertex 4.3 4.33 0.6
        vertex 4.234944 4.3429403 -0.6
    endloop
endfacet
facet normal 0.98078537 0.19509025 0
    outer loop
        vertex 4.1429405 4.434944 -0.6
        vertex 4.13 4.5 -0.6
        vertex 4.13 4.5 0.6
    endloop
endfacet
facet normal 0.83147144 0.5555675 0
    outer loop
        vertex 4.179792 4.3797917 0.6
        vertex 4.179792 4.3797917 -0.6
        vertex 4.1429405 4.434944 -0.6
    endloop
endfacet
facet normal 0.98078394 -0.19509715 0
    outer loop
        vertex -4.4570594 -4.434944 -0.6
        vertex -4.4700003 -4.5 0.6
        vertex -4.4700003 -4.5 -0.6
    endloop
endfacet
facet normal 0.83147144 -0.5555675 0
    outer loop
        vertex -4.420208 -4.3797917 -0.6
        vertex -4.4570594 -4.434944 0.6
        vertex -4.4570594 -4.434944 -0.6
    endloop
endfacet
facet normal 0.83147144 -0.5555675 0
    outer loop
        vertex -4.420208 -4.3797917 0.6
        vertex -4.4570594 -4.434944 0.6
        vertex -4.420208 -4.3797917 -0.6
    endloop
endfacet
facet normal 0.55557084 -0.83146924 0
    outer loop
        vertex -4.365056 -4.3429403 0.6
        vertex -4.420208 -4.3797917 0.6
        vertex -4.365056 -4.3429403 -0.6
    endloop
endfacet
facet normal 0.19509025 -0.98078537 0
    outer loop
        vertex -4.3 -4.33 0.6
        vertex -4.365056 -4.3429403 0.6
        vertex -4.3 -4.33 -0.6
    endloop
endfacet
facet normal -0.19508886 -0.98078555 -0
    outer loop
        vertex -4.3 -4.33 0.6
        vertex -4.3 -4.33 -0.6
        vertex -4.234944 -4.3429403 -0.6
    endloop
endfacet
facet normal -0.55557084 -0.83146924 -0
    outer loop
        vertex -4.234944 -4.3429403 0.6
        vertex -4.234944 -4.3429403 -0.6
        vertex -4.179792 -4.3797917 -0.6
    endloop
endfacet
facet normal -0.98078537 -0.19509025 -0
    outer loop
        vertex -4.13 -4.5 0.6
        vertex -4.1429405 -4.434944 0.6
        vertex -4.13 -4.5 -0.6
    endloop
endfacet
facet normal -0.98078537 -0.19509025 -0
    outer loop
        vertex -4.1429405 -4.434944 0.6
        vertex -4.1429405 -4.434944 -0.6
        vertex -4.13 -4.5 -0.6
    endloop
endfacet
facet normal -0.83147144 -0.5555675 0
    outer loop
        vertex -4.179792 -4.3797917 0.6
        vertex -4.1429405 -4.434944 -0.6
        vertex -4.1429405 -4.434944 0.6
    endloop
endfacet
facet normal -0.83147144 -0.5555675 0
    outer loop
        vertex -4.179792 -4.3797917 -0.6
        vertex -4.1429405 -4.434944 -0.6
        vertex -4.179792 -4.3797917 0.6
    endloop
endfacet
facet normal -0.55557084 -0.83146924 0
    outer loop
        vertex -4.179792 -4.3797917 -0.6
        vertex -4.179792 -4.3797917 0.6
        vertex -4.234944 -4.3429403 0.6
    endloop
endfacet
facet normal -0.19508886 -0.98078555 0
    outer loop
        vertex -4.234944 -4.3429403 -0.6
        vertex -4.234944 -4.3429403 0.6
        vertex -4.3 -4.33 0.6
    endloop
endfacet
facet normal 0.19509025 -0.98078537 0
    outer loop
        vertex -4.365056 -4.3429403 -0.6
        vertex -4.3 -4.33 -0.6
        vertex -4.365056 -4.3429403 0.6
    endloop
endfacet
facet normal 0.98078394 -0.19509715 0
    outer loop
        vertex -4.4570594 -4.434944 0.6
        vertex -4.4700003 -4.5 0.6
        vertex -4.4570594 -4.434944 -0.6
    endloop
endfacet
facet normal 0.55557084 -0.83146924 0
    outer loop
        vertex -4.365056 -4.3429403 -0.6
        vertex -4.420208 -4.3797917 0.6
        vertex -4.420208 -4.3797917 -0.6
    endloop
endfacet
facet normal 0.98078394 0.19509715 0
    outer loop
        vertex -4.4570594 -4.565056 0.6
        vertex -4.4570594 -4.565056 -0.6
        vertex -4.4700003 -4.5 0.6
    endloop
endfacet
facet normal 0.83147144 0.5555675 0
    outer loop
        vertex -4.420208 -4.6202083 0.6
        vertex -4.4570594 -4.565056 -0.6
        vertex -4.4570594 -4.565056 0.6
    endloop
endfacet
facet normal 0.55557084 0.83146924 0
    outer loop
        vertex -4.365056 -4.6570597 0.6
        vertex -4.420208 -4.6202083 -0.6
        vertex -4.420208 -4.6202083 0.6
    endloop
endfacet
facet normal 0.55557084 0.83146924 -0
    outer loop
        vertex -4.365056 -4.6570597 -0.6
        vertex -4.420208 -4.6202083 -0.6
        vertex -4.365056 -4.6570597 0.6
    endloop
endfacet
facet normal 0.19509025 0.98078537 -0
    outer loop
        vertex -4.3 -4.67 -0.6
        vertex -4.365056 -4.6570597 -0.6
        vertex -4.3 -4.67 0.6
    endloop
endfacet
facet normal -0.19508886 0.98078555 0
    outer loop
        vertex -4.3 -4.67 -0.6
        vertex -4.3 -4.67 0.6
        vertex -4.234944 -4.6570597 0.6
    endloop
endfacet
facet normal -0.55557084 0.83146924 0
    outer loop
        vertex -4.234944 -4.6570597 -0.6
        vertex -4.234944 -4.6570597 0.6
        vertex -4.179792 -4.6202083 0.6
    endloop
endfacet
facet normal -0.98078537 0.19509025 0
    outer loop
        vertex -4.13 -4.5 -0.6
        vertex -4.1429405 -4.565056 -0.6
        vertex -4.13 -4.5 0.6
    endloop
endfacet
facet normal -0.98078537 0.19509025 0
    outer loop
        vertex -4.1429405 -4.565056 -0.6
        vertex -4.1429405 -4.565056 0.6
        vertex -4.13 -4.5 0.6
    endloop
endfacet
facet normal -0.83147144 0.5555675 0
    outer loop
        vertex -4.179792 -4.6202083 -0.6
        vertex -4.1429405 -4.565056 0.6
        vertex -4.1429405 -4.565056 -0.6
    endloop
endfacet
facet normal -0.83147144 0.5555675 0
    outer loop
        vertex -4.179792 -4.6202083 0.6
        vertex -4.1429405 -4.565056 0.6
        vertex -4.179792 -4.6202083 -0.6
    endloop
endfacet
facet normal -0.55557084 0.83146924 0
    outer loop
        vertex -4.179792 -4.6202083 0.6
        vertex -4.179792 -4.6202083 -0.6
        vertex -4.234944 -4.6570597 -0.6
    endloop
endfacet
facet normal -0.19508886 0.98078555 0
    outer loop
        vertex -4.234944 -4.6570597 0.6
        vertex -4.234944 -4.6570597 -0.6
        vertex -4.3 -4.67 -0.6
    endloop
endfacet
facet normal 0.19509025 0.98078537 0
    outer loop
        vertex -4.365056 -4.6570597 0.6
        vertex -4.3 -4.67 0.6
        vertex -4.365056 -4.6570597 -0.6
    endloop
endfacet
facet normal 0.98078394 0.19509715 0
    outer loop
        vertex -4.4570594 -4.565056 -0.6
        vertex -4.4700003 -4.5 -0.6
        vertex -4.4700003 -4.5 0.6
    endloop
endfacet
facet normal 0.83147144 0.5555675 0
    outer loop
        vertex -4.420208 -4.6202083 0.6
        vertex -4.420208 -4.6202083 -0.6
        vertex -4.4570594 -4.565056 -0.6
    endloop
endfacet
facet normal 0.98078537 -0.19509025 0
    outer loop
        vertex 4.1429405 -4.434944 -0.6
        vertex 4.1429405 -4.434944 0.6
        vertex 4.13 -4.5 -0.6
    endloop
endfacet
facet normal 0.83147144 -0.5555675 0
    outer loop
        vertex 4.179792 -4.3797917 -0.6
        vertex 4.1429405 -4.434944 0.6
        vertex 4.1429405 -4.434944 -0.6
    endloop
endfacet
facet normal 0.55557084 -0.83146924 0
    outer loop
        vertex 4.234944 -4.3429403 -0.6
        vertex 4.179792 -4.3797917 0.6
        vertex 4.179792 -4.3797917 -0.6
    endloop
endfacet
facet normal 0.55557084 -0.83146924 0
    outer loop
        vertex 4.234944 -4.3429403 0.6
        vertex 4.179792 -4.3797917 0.6
        vertex 4.234944 -4.3429403 -0.6
    endloop
endfacet
facet normal 0.19508886 -0.98078555 0
    outer loop
        vertex 4.3 -4.33 0.6
        vertex 4.234944 -4.3429403 0.6
        vertex 4.3 -4.33 -0.6
    endloop
endfacet
facet normal -0.19509025 -0.98078537 -0
    outer loop
        vertex 4.3 -4.33 0.6
        vertex 4.3 -4.33 -0.6
        vertex 4.365056 -4.3429403 -0.6
    endloop
endfacet
facet normal -0.55557084 -0.83146924 -0
    outer loop
        vertex 4.365056 -4.3429403 0.6
        vertex 4.365056 -4.3429403 -0.6
        vertex 4.420208 -4.3797917 -0.6
    endloop
endfacet
facet normal -0.98078394 -0.19509715 -0
    outer loop
        vertex 4.4700003 -4.5 0.6
        vertex 4.4570594 -4.434944 0.6
        vertex 4.4700003 -4.5 -0.6
    endloop
endfacet
facet normal -0.98078394 -0.19509715 -0
    outer loop
        vertex 4.4570594 -4.434944 0.6
        vertex 4.4570594 -4.434944 -0.6
        vertex 4.4700003 -4.5 -0.6
    endloop
endfacet
facet normal -0.83147144 -0.5555675 0
    outer loop
        vertex 4.420208 -4.3797917 0.6
        vertex 4.4570594 -4.434944 -0.6
        vertex 4.4570594 -4.434944 0.6
    endloop
endfacet
facet normal -0.83147144 -0.5555675 0
    outer loop
        vertex 4.420208 -4.3797917 -0.6
        vertex 4.4570594 -4.434944 -0.6
        vertex 4.420208 -4.3797917 0.6
    endloop
endfacet
facet normal -0.55557084 -0.83146924 0
    outer loop
        vertex 4.420208 -4.3797917 -0.6
        vertex 4.420208 -4.3797917 0.6
        vertex 4.365056 -4.3429403 0.6
    endloop
endfacet
facet normal -0.19509025 -0.98078537 0
    outer loop
        vertex 4.365056 -4.3429403 -0.6
        vertex 4.365056 -4.3429403 0.6
        vertex 4.3 -4.33 0.6
    endloop
endfacet
facet normal 0.19508886 -0.98078555 0
    outer loop
        vertex 4.234944 -4.3429403 -0.6
        vertex 4.3 -4.33 -0.6
        vertex 4.234944 -4.3429403 0.6
    endloop
endfacet
facet normal 0.98078537 -0.19509025 0
    outer loop
        vertex 4.1429405 -4.434944 0.6
        vertex 4.13 -4.5 0.6
        vertex 4.13 -4.5 -0.6
    endloop
endfacet
facet normal 0.83147144 -0.5555675 0
    outer loop
        vertex 4.179792 -4.3797917 -0.6
        vertex 4.179792 -4.3797917 0.6
        vertex 4.1429405 -4.434944 0.6
    endloop
endfacet
facet normal 0.98078537 0.19509025 0
    outer loop
        vertex 4.1429405 -4.565056 0.6
        vertex 4.1429405 -4.565056 -0.6
        vertex 4.13 -4.5 0.6
    endloop
endfacet
facet normal 0.83147144 0.5555675 0
    outer loop
        vertex 4.179792 -4.6202083 0.6
        vertex 4.1429405 -4.565056 -0.6
        vertex 4.1429405 -4.565056 0.6
    endloop
endfacet
facet normal 0.55557084 0.83146924 0
    outer loop
        vertex 4.234944 -4.6570597 0.6
        vertex 4.179792 -4.6202083 -0.6
        vertex 4.179792 -4.6202083 0.6
    endloop
endfacet
facet normal 0.55557084 0.83146924 -0
    outer loop
        vertex 4.234944 -4.6570597 -0.6
        vertex 4.179792 -4.6202083 -0.6
        vertex 4.234944 -4.6570597 0.6
    endloop
endfacet
facet normal 0.19508886 0.98078555 -0
    outer loop
        vertex 4.3 -4.67 -0.6
        vertex 4.234944 -4.6570597 -0.6
        vertex 4.3 -4.67 0.6
    endloop
endfacet
facet normal -0.19509025 0.98078537 0
    outer loop
        vertex 4.3 -4.67 -0.6
        vertex 4.3 -4.67 0.6
        vertex 4.365056 -4.6570597 0.6
    endloop
endfacet
facet normal -0.55557084 0.83146924 0
    outer loop
        vertex 4.365056 -4.6570597 -0.6
        vertex 4.365056 -4.6570597 0.6
        vertex 4.420208 -4.6202083 0.6
    endloop
endfacet
facet normal -0.98078394 0.19509715 0
    outer loop
        vertex 4.4700003 -4.5 -0.6
        vertex 4.4570594 -4.565056 -0.6
        vertex 4.4700003 -4.5 0.6
    endloop
endfacet
facet normal -0.98078394 0.19509715 0
    outer loop
        vertex 4.4570594 -4.565056 -0.6
        vertex 4.4570594 -4.565056 0.6
        vertex 4.4700003 -4.5 0.6
    endloop
endfacet
facet normal -0.83147144 0.5555675 0
    outer loop
        vertex 4.420208 -4.6202083 -0.6
        vertex 4.4570594 -4.565056 0.6
        vertex 4.4570594 -4.565056 -0.6
    endloop
endfacet
facet normal -0.83147144 0.5555675 0
    outer loop
        vertex 4.420208 -4.6202083 0.6
        vertex 4.4570594 -4.565056 0.6
        vertex 4.420208 -4.6202083 -0.6
    endloop
endfacet
facet normal -0.55557084 0.83146924 0
    outer loop
        vertex 4.420208 -4.6202083 0.6
        vertex 4.420208 -4.6202083 -0.6
        vertex 4.365056 -4.6570597 -0.6
    endloop
endfacet
facet normal -0.19509025 0.98078537 0
    outer loop
        vertex 4.365056 -4.6570597 0.6
        vertex 4.365056 -4.6570597 -0.6
        vertex 4.3 -4.67 -0.6
    endloop
endfacet
facet normal 0.19508886 0.98078555 0
    outer loop
        vertex 4.234944 -4.6570597 0.6
        vertex 4.3 -4.67 0.6
        vertex 4.234944 -4.6570597 -0.6
    endloop
endfacet
facet normal 0.98078537 0.19509025 0
    outer loop
        vertex 4.1429405 -4.565056 -0.6
        vertex 4.13 -4.5 -0.6
        vertex 4.13 -4.5 0.6
    endloop
endfacet
facet normal 0.83147144 0.5555675 0
    outer loop
        vertex 4.179792 -4.6202083 0.6
        vertex 4.179792 -4.6202083 -0.6
        vertex 4.1429405 -4.565056 -0.6
    endloop
endfacet
facet normal 0.98078394 -0.19509715 0
    outer loop
        vertex -4.4570594 7.165056 -0.6
        vertex -4.4570594 7.165056 0.6
        vertex -4.4700003 7.1000004 -0.6
    endloop
endfacet
facet normal 0.83146703 -0.55557418 0
    outer loop
        vertex -4.420208 7.2202077 -0.6
        vertex -4.4570594 7.165056 0.6
        vertex -4.4570594 7.165056 -0.6
    endloop
endfacet
facet normal 0.55557084 -0.83146924 0
    outer loop
        vertex -4.365056 7.257059 -0.6
        vertex -4.420208 7.2202077 0.6
        vertex -4.420208 7.2202077 -0.6
    endloop
endfacet
facet normal 0.55557084 -0.83146924 0
    outer loop
        vertex -4.365056 7.257059 0.6
        vertex -4.420208 7.2202077 0.6
        vertex -4.365056 7.257059 -0.6
    endloop
endfacet
facet normal 0.19509715 -0.98078394 0
    outer loop
        vertex -4.3 7.27 0.6
        vertex -4.365056 7.257059 0.6
        vertex -4.3 7.27 -0.6
    endloop
endfacet
facet normal -0.19509578 -0.98078424 -0
    outer loop
        vertex -4.3 7.27 0.6
        vertex -4.3 7.27 -0.6
        vertex -4.234944 7.257059 -0.6
    endloop
endfacet
facet normal -0.55557084 -0.83146924 -0
    outer loop
        vertex -4.234944 7.257059 0.6
        vertex -4.234944 7.257059 -0.6
        vertex -4.179792 7.2202077 -0.6
    endloop
endfacet
facet normal -0.98078537 -0.19509025 -0
    outer loop
        vertex -4.13 7.1000004 0.6
        vertex -4.1429405 7.165056 0.6
        vertex -4.13 7.1000004 -0.6
    endloop
endfacet
facet normal -0.98078537 -0.19509025 -0
    outer loop
        vertex -4.1429405 7.165056 0.6
        vertex -4.1429405 7.165056 -0.6
        vertex -4.13 7.1000004 -0.6
    endloop
endfacet
facet normal -0.83146703 -0.55557418 0
    outer loop
        vertex -4.179792 7.2202077 0.6
        vertex -4.1429405 7.165056 -0.6
        vertex -4.1429405 7.165056 0.6
    endloop
endfacet
facet normal -0.83146703 -0.55557418 0
    outer loop
        vertex -4.179792 7.2202077 -0.6
        vertex -4.1429405 7.165056 -0.6
        vertex -4.179792 7.2202077 0.6
    endloop
endfacet
facet normal -0.55557084 -0.83146924 0
    outer loop
        vertex -4.179792 7.2202077 -0.6
        vertex -4.179792 7.2202077 0.6
        vertex -4.234944 7.257059 0.6
    endloop
endfacet
facet normal -0.19509578 -0.98078424 0
    outer loop
        vertex -4.234944 7.257059 -0.6
        vertex -4.234944 7.257059 0.6
        vertex -4.3 7.27 0.6
    endloop
endfacet
facet normal 0.19509715 -0.98078394 0
    outer loop
        vertex -4.365056 7.257059 -0.6
        vertex -4.3 7.27 -0.6
        vertex -4.365056 7.257059 0.6
    endloop
endfacet
facet normal 0.98078394 -0.19509715 0
    outer loop
        vertex -4.4570594 7.165056 0.6
        vertex -4.4700003 7.1000004 0.6
        vertex -4.4700003 7.1000004 -0.6
    endloop
endfacet
facet normal 0.83146703 -0.55557418 0
    outer loop
        vertex -4.420208 7.2202077 -0.6
        vertex -4.420208 7.2202077 0.6
        vertex -4.4570594 7.165056 0.6
    endloop
endfacet
facet normal 0.98078424 0.19509578 0
    outer loop
        vertex -4.4570594 7.034944 0.6
        vertex -4.4700003 7.1000004 -0.6
        vertex -4.4700003 7.1000004 0.6
    endloop
endfacet
facet normal 0.83147144 0.5555675 0
    outer loop
        vertex -4.420208 6.9797916 0.6
        vertex -4.4570594 7.034944 -0.6
        vertex -4.4570594 7.034944 0.6
    endloop
endfacet
facet normal 0.83147144 0.5555675 -0
    outer loop
        vertex -4.420208 6.9797916 -0.6
        vertex -4.4570594 7.034944 -0.6
        vertex -4.420208 6.9797916 0.6
    endloop
endfacet
facet normal 0.55556589 0.83147252 -0
    outer loop
        vertex -4.365056 6.9429407 -0.6
        vertex -4.420208 6.9797916 -0.6
        vertex -4.365056 6.9429407 0.6
    endloop
endfacet
facet normal 0.19509025 0.98078537 -0
    outer loop
        vertex -4.3 6.9300003 -0.6
        vertex -4.365056 6.9429407 -0.6
        vertex -4.3 6.9300003 0.6
    endloop
endfacet
facet normal -0.19508886 0.98078555 0
    outer loop
        vertex -4.3 6.9300003 -0.6
        vertex -4.3 6.9300003 0.6
        vertex -4.234944 6.9429407 0.6
    endloop
endfacet
facet normal -0.55556589 0.83147252 0
    outer loop
        vertex -4.234944 6.9429407 -0.6
        vertex -4.234944 6.9429407 0.6
        vertex -4.179792 6.9797916 0.6
    endloop
endfacet
facet normal -0.98078555 0.19508886 0
    outer loop
        vertex -4.13 7.1000004 -0.6
        vertex -4.1429405 7.034944 -0.6
        vertex -4.13 7.1000004 0.6
    endloop
endfacet
facet normal -0.98078555 0.19508886 0
    outer loop
        vertex -4.1429405 7.034944 -0.6
        vertex -4.1429405 7.034944 0.6
        vertex -4.13 7.1000004 0.6
    endloop
endfacet
facet normal -0.83147144 0.5555675 0
    outer loop
        vertex -4.179792 6.9797916 -0.6
        vertex -4.1429405 7.034944 0.6
        vertex -4.1429405 7.034944 -0.6
    endloop
endfacet
facet normal -0.83147144 0.5555675 0
    outer loop
        vertex -4.179792 6.9797916 0.6
        vertex -4.1429405 7.034944 0.6
        vertex -4.179792 6.9797916 -0.6
    endloop
endfacet
facet normal -0.55556589 0.83147252 0
    outer loop
        vertex -4.179792 6.9797916 0.6
        vertex -4.179792 6.9797916 -0.6
        vertex -4.234944 6.9429407 -0.6
    endloop
endfacet
facet normal -0.19508886 0.98078555 0
    outer loop
        vertex -4.234944 6.9429407 0.6
        vertex -4.234944 6.9429407 -0.6
        vertex -4.3 6.9300003 -0.6
    endloop
endfacet
facet normal 0.19509025 0.98078537 0
    outer loop
        vertex -4.365056 6.9429407 0.6
        vertex -4.3 6.9300003 0.6
        vertex -4.365056 6.9429407 -0.6
    endloop
endfacet
facet normal 0.98078424 0.19509578 -0
    outer loop
        vertex -4.4570594 7.034944 -0.6
        vertex -4.4700003 7.1000004 -0.6
        vertex -4.4570594 7.034944 0.6
    endloop
endfacet
facet normal 0.55556589 0.83147252 0
    outer loop
        vertex -4.365056 6.9429407 0.6
        vertex -4.420208 6.9797916 -0.6
        vertex -4.420208 6.9797916 0.6
    endloop
endfacet
facet normal 0.98078537 -0.19509025 0
    outer loop
        vertex 4.1429405 7.165056 -0.6
        vertex 4.1429405 7.165056 0.6
        vertex 4.13 7.1000004 -0.6
    endloop
endfacet
facet normal 0.83146703 -0.55557418 0
    outer loop
        vertex 4.179792 7.2202077 -0.6
        vertex 4.1429405 7.165056 0.6
        vertex 4.1429405 7.165056 -0.6
    endloop
endfacet
facet normal 0.55557084 -0.83146924 0
    outer loop
        vertex 4.234944 7.257059 -0.6
        vertex 4.179792 7.2202077 0.6
        vertex 4.179792 7.2202077 -0.6
    endloop
endfacet
facet normal 0.55557084 -0.83146924 0
    outer loop
        vertex 4.234944 7.257059 0.6
        vertex 4.179792 7.2202077 0.6
        vertex 4.234944 7.257059 -0.6
    endloop
endfacet
facet normal 0.19509578 -0.98078424 0
    outer loop
        vertex 4.3 7.27 0.6
        vertex 4.234944 7.257059 0.6
        vertex 4.3 7.27 -0.6
    endloop
endfacet
facet normal -0.19509715 -0.98078394 -0
    outer loop
        vertex 4.3 7.27 0.6
        vertex 4.3 7.27 -0.6
        vertex 4.365056 7.257059 -0.6
    endloop
endfacet
facet normal -0.55557084 -0.83146924 -0
    outer loop
        vertex 4.365056 7.257059 0.6
        vertex 4.365056 7.257059 -0.6
        vertex 4.420208 7.2202077 -0.6
    endloop
endfacet
facet normal -0.98078394 -0.19509715 -0
    outer loop
        vertex 4.4700003 7.1000004 0.6
        vertex 4.4570594 7.165056 0.6
        vertex 4.4700003 7.1000004 -0.6
    endloop
endfacet
facet normal -0.98078394 -0.19509715 -0
    outer loop
        vertex 4.4570594 7.165056 0.6
        vertex 4.4570594 7.165056 -0.6
        vertex 4.4700003 7.1000004 -0.6
    endloop
endfacet
facet normal -0.83146703 -0.55557418 0
    outer loop
        vertex 4.420208 7.2202077 0.6
        vertex 4.4570594 7.165056 -0.6
        vertex 4.4570594 7.165056 0.6
    endloop
endfacet
facet normal -0.83146703 -0.55557418 0
    outer loop
        vertex 4.420208 7.2202077 -0.6
        vertex 4.4570594 7.165056 -0.6
        vertex 4.420208 7.2202077 0.6
    endloop
endfacet
facet normal -0.55557084 -0.83146924 0
    outer loop
        vertex 4.420208 7.2202077 -0.6
        vertex 4.420208 7.2202077 0.6
        vertex 4.365056 7.257059 0.6
    endloop
endfacet
facet normal -0.19509715 -0.98078394 0
    outer loop
        vertex 4.365056 7.257059 -0.6
        vertex 4.365056 7.257059 0.6
        vertex 4.3 7.27 0.6
    endloop
endfacet
facet normal 0.19509578 -0.98078424 0
    outer loop
        vertex 4.234944 7.257059 -0.6
        vertex 4.3 7.27 -0.6
        vertex 4.234944 7.257059 0.6
    endloop
endfacet
facet normal 0.98078537 -0.19509025 0
    outer loop
        vertex 4.1429405 7.165056 0.6
        vertex 4.13 7.1000004 0.6
        vertex 4.13 7.1000004 -0.6
    endloop
endfacet
facet normal 0.83146703 -0.55557418 0
    outer loop
        vertex 4.179792 7.2202077 -0.6
        vertex 4.179792 7.2202077 0.6
        vertex 4.1429405 7.165056 0.6
    endloop
endfacet
facet normal 0.98078555 0.19508886 0
    outer loop
        vertex 4.1429405 7.034944 0.6
        vertex 4.1429405 7.034944 -0.6
        vertex 4.13 7.1000004 0.6
    endloop
endfacet
facet normal 0.83147144 0.5555675 0
    outer loop
        vertex 4.179792 6.9797916 0.6
        vertex 4.1429405 7.034944 -0.6
        vertex 4.1429405 7.034944 0.6
    endloop
endfacet
facet normal 0.55556589 0.83147252 0
    outer loop
        vertex 4.234944 6.9429407 0.6
        vertex 4.179792 6.9797916 -0.6
        vertex 4.179792 6.9797916 0.6
    endloop
endfacet
facet normal 0.55556589 0.83147252 -0
    outer loop
        vertex 4.234944 6.9429407 -0.6
        vertex 4.179792 6.9797916 -0.6
        vertex 4.234944 6.9429407 0.6
    endloop
endfacet
facet normal 0.19508886 0.98078555 -0
    outer loop
        vertex 4.3 6.9300003 -0.6
        vertex 4.234944 6.9429407 -0.6
        vertex 4.3 6.9300003 0.6
    endloop
endfacet
facet normal -0.19509025 0.98078537 0
    outer loop
        vertex 4.3 6.9300003 -0.6
        vertex 4.3 6.9300003 0.6
        vertex 4.365056 6.9429407 0.6
    endloop
endfacet
facet normal -0.55556589 0.83147252 0
    outer loop
        vertex 4.365056 6.9429407 -0.6
        vertex 4.365056 6.9429407 0.6
        vertex 4.420208 6.9797916 0.6
    endloop
endfacet
facet normal -0.98078424 0.19509578 0
    outer loop
        vertex 4.4700003 7.1000004 -0.6
        vertex 4.4570594 7.034944 -0.6
        vertex 4.4700003 7.1000004 0.6
    endloop
endfacet
facet normal -0.98078424 0.19509578 0
    outer loop
        vertex 4.4570594 7.034944 -0.6
        vertex 4.4570594 7.034944 0.6
        vertex 4.4700003 7.1000004 0.6
    endloop
endfacet
facet normal -0.83147144 0.5555675 0
    outer loop
        vertex 4.420208 6.9797916 -0.6
        vertex 4.4570594 7.034944 0.6
        vertex 4.4570594 7.034944 -0.6
    endloop
endfacet
facet normal -0.83147144 0.5555675 0
    outer loop
        vertex 4.420208 6.9797916 0.6
        vertex 4.4570594 7.034944 0.6
        vertex 4.420208 6.9797916 -0.6
    endloop
endfacet
facet normal -0.55556589 0.83147252 0
    outer loop
        vertex 4.420208 6.9797916 0.6
        vertex 4.420208 6.9797916 -0.6
        vertex 4.365056 6.9429407 -0.6
    endloop
endfacet
facet normal -0.19509025 0.98078537 0
    outer loop
        vertex 4.365056 6.9429407 0.6
        vertex 4.365056 6.9429407 -0.6
        vertex 4.3 6.9300003 -0.6
    endloop
endfacet
facet normal 0.19508886 0.98078555 0
    outer loop
        vertex 4.234944 6.9429407 0.6
        vertex 4.3 6.9300003 0.6
        vertex 4.234944 6.9429407 -0.6
    endloop
endfacet
facet normal 0.98078555 0.19508886 0
    outer loop
        vertex 4.1429405 7.034944 -0.6
        vertex 4.13 7.1000004 -0.6
        vertex 4.13 7.1000004 0.6
    endloop
endfacet
facet normal 0.83147144 0.5555675 0
    outer loop
        vertex 4.179792 6.9797916 0.6
        vertex 4.179792 6.9797916 -0.6
        vertex 4.1429405 7.034944 -0.6
    endloop
endfacet
facet normal 0 1 0
    outer loop
        vertex -4.5499997 -1.2 -0.6
        vertex -4.5499997 -1.2 0.6
        vertex -4.4500003 -1.2 -0.6
    endloop
endfacet
facet normal -0 1 0
    outer loop
        vertex -4.5499997 -1.2 0.6
        vertex -4.4500003 -1.2 0.6
        vertex -4.4500003 -1.2 -0.6
    endloop
endfacet
facet normal 0.19503427 0.9807964 -0
    outer loop
        vertex -4.60741 -1.1885839 -0.6
        vertex -4.60741 -1.1885839 0.6
        vertex -4.5499997 -1.2 -0.6
    endloop
endfacet
facet normal 0.55556327 0.83147424 0
    outer loop
        vertex -4.6560793 -1.1560646 -0.6
        vertex -4.60741 -1.1885839 0.6
        vertex -4.60741 -1.1885839 -0.6
    endloop
endfacet
facet normal 0.83148646 0.55554491 0
    outer loop
        vertex -4.6885977 -1.1073942 -0.6
        vertex -4.6560793 -1.1560646 0.6
        vertex -4.6560793 -1.1560646 -0.6
    endloop
endfacet
facet normal 0.98080194 0.19500686 -0
    outer loop
        vertex -4.700012 -1.049984 -0.6
        vertex -4.700012 -1.049984 0.6
        vertex -4.6885977 -1.1073942 0.6
    endloop
endfacet
facet normal 0.98080194 0.19500686 0
    outer loop
        vertex -4.6885977 -1.1073942 0.6
        vertex -4.6885977 -1.1073942 -0.6
        vertex -4.700012 -1.049984 -0.6
    endloop
endfacet
facet normal 0.83148646 0.55554491 0
    outer loop
        vertex -4.6560793 -1.1560646 0.6
        vertex -4.6885977 -1.1073942 -0.6
        vertex -4.6885977 -1.1073942 0.6
    endloop
endfacet
facet normal 0.19503427 0.9807964 0
    outer loop
        vertex -4.60741 -1.1885839 0.6
        vertex -4.5499997 -1.2 0.6
        vertex -4.5499997 -1.2 -0.6
    endloop
endfacet
facet normal 0.55556327 0.83147424 -0
    outer loop
        vertex -4.6560793 -1.1560646 -0.6
        vertex -4.6560793 -1.1560646 0.6
        vertex -4.60741 -1.1885839 0.6
    endloop
endfacet
facet normal 1 0 -0
    outer loop
        vertex -4.700012 1.0500339 -0.6
        vertex -4.700012 1.0500339 0.6
        vertex -4.700012 -1.049984 -0.6
    endloop
endfacet
facet normal 1 0 0
    outer loop
        vertex -4.700012 1.0500339 0.6
        vertex -4.700012 -1.049984 0.6
        vertex -4.700012 -1.049984 -0.6
    endloop
endfacet
facet normal 0.83145565 -0.55559111 0
    outer loop
        vertex -4.6885924 1.1074319 -0.6
        vertex -4.6560774 1.1560915 -0.6
        vertex -4.6885924 1.1074319 0.6
    endloop
endfacet
facet normal 0.55557656 -0.83146542 0
    outer loop
        vertex -4.6560774 1.1560915 -0.6
        vertex -4.6074176 1.1886054 -0.6
        vertex -4.6560774 1.1560915 0.6
    endloop
endfacet
facet normal 0.55557656 -0.83146542 0
    outer loop
        vertex -4.6074176 1.1886054 -0.6
        vertex -4.6074176 1.1886054 0.6
        vertex -4.6560774 1.1560915 0.6
    endloop
endfacet
facet normal 0.19513126 -0.9807772 0
    outer loop
        vertex -4.6074176 1.1886054 0.6
        vertex -4.6074176 1.1886054 -0.6
        vertex -4.55002 1.200025 -0.6
    endloop
endfacet
facet normal 0.98077679 -0.19513321 0
    outer loop
        vertex -4.6885924 1.1074319 0.6
        vertex -4.700012 1.0500339 -0.6
        vertex -4.6885924 1.1074319 -0.6
    endloop
endfacet
facet normal 0.98077679 -0.19513321 0
    outer loop
        vertex -4.6885924 1.1074319 0.6
        vertex -4.700012 1.0500339 0.6
        vertex -4.700012 1.0500339 -0.6
    endloop
endfacet
facet normal 0.83145565 -0.55559111 0
    outer loop
        vertex -4.6560774 1.1560915 -0.6
        vertex -4.6560774 1.1560915 0.6
        vertex -4.6885924 1.1074319 0.6
    endloop
endfacet
facet normal 0.19513126 -0.9807772 0
    outer loop
        vertex -4.55002 1.200025 0.6
        vertex -4.6074176 1.1886054 0.6
        vertex -4.55002 1.200025 -0.6
    endloop
endfacet
facet normal 0 -1 0
    outer loop
        vertex -4.449975 1.200025 -0.6
        vertex -4.449975 1.200025 0.6
        vertex -4.55002 1.200025 -0.6
    endloop
endfacet
facet normal -0 -1 0
    outer loop
        vertex -4.449975 1.200025 0.6
        vertex -4.55002 1.200025 0.6
        vertex -4.55002 1.200025 -0.6
    endloop
endfacet
facet normal -0.19514854 -0.98077363 0
    outer loop
        vertex -4.3925734 1.1886035 -0.6
        vertex -4.3925734 1.1886035 0.6
        vertex -4.449975 1.200025 -0.6
    endloop
endfacet
facet normal -0.55561924 -0.83143681 0
    outer loop
        vertex -4.3439116 1.1560847 -0.6
        vertex -4.3925734 1.1886035 0.6
        vertex -4.3925734 1.1886035 -0.6
    endloop
endfacet
facet normal -0.83150595 -0.55551594 0
    outer loop
        vertex -4.311399 1.1074191 -0.6
        vertex -4.3439116 1.1560847 0.6
        vertex -4.3439116 1.1560847 -0.6
    endloop
endfacet
facet normal -0.98079562 -0.19503805 0
    outer loop
        vertex -4.299984 1.050016 -0.6
        vertex -4.299984 1.050016 0.6
        vertex -4.311399 1.1074191 0.6
    endloop
endfacet
facet normal -0.98079562 -0.19503805 -0
    outer loop
        vertex -4.311399 1.1074191 0.6
        vertex -4.311399 1.1074191 -0.6
        vertex -4.299984 1.050016 -0.6
    endloop
endfacet
facet normal -0.83150595 -0.55551594 0
    outer loop
        vertex -4.3439116 1.1560847 0.6
        vertex -4.311399 1.1074191 -0.6
        vertex -4.311399 1.1074191 0.6
    endloop
endfacet
facet normal -0.19514854 -0.98077363 0
    outer loop
        vertex -4.3925734 1.1886035 0.6
        vertex -4.449975 1.200025 0.6
        vertex -4.449975 1.200025 -0.6
    endloop
endfacet
facet normal -0.55561924 -0.83143681 0
    outer loop
        vertex -4.3439116 1.1560847 -0.6
        vertex -4.3439116 1.1560847 0.6
        vertex -4.3925734 1.1886035 0.6
    endloop
endfacet
facet normal -0.98080099 0.1950116 0
    outer loop
        vertex -4.311399 -1.1073952 -0.6
        vertex -4.311399 -1.1073952 0.6
        vertex -4.299984 -1.049984 -0.6
    endloop
endfacet
facet normal -0.83148462 0.55554771 0
    outer loop
        vertex -4.343918 -1.156066 -0.6
        vertex -4.311399 -1.1073952 0.6
        vertex -4.311399 -1.1073952 -0.6
    endloop
endfacet
facet normal -0.55554533 0.83148617 0
    outer loop
        vertex -4.392589 -1.1885849 -0.6
        vertex -4.343918 -1.156066 0.6
        vertex -4.343918 -1.156066 -0.6
    endloop
endfacet
facet normal -0.19501354 0.98080057 0
    outer loop
        vertex -4.4500003 -1.2 0.6
        vertex -4.392589 -1.1885849 0.6
        vertex -4.4500003 -1.2 -0.6
    endloop
endfacet
facet normal -0.19501354 0.98080057 0
    outer loop
        vertex -4.392589 -1.1885849 0.6
        vertex -4.392589 -1.1885849 -0.6
        vertex -4.4500003 -1.2 -0.6
    endloop
endfacet
facet normal -0.55554533 0.83148617 0
    outer loop
        vertex -4.343918 -1.156066 0.6
        vertex -4.392589 -1.1885849 -0.6
        vertex -4.392589 -1.1885849 0.6
    endloop
endfacet
facet normal -0.98080099 0.1950116 0
    outer loop
        vertex -4.311399 -1.1073952 0.6
        vertex -4.299984 -1.049984 0.6
        vertex -4.299984 -1.049984 -0.6
    endloop
endfacet
facet normal -0.83148462 0.55554771 0
    outer loop
        vertex -4.343918 -1.156066 -0.6
        vertex -4.343918 -1.156066 0.6
        vertex -4.311399 -1.1073952 0.6
    endloop
endfacet
facet normal -1 0 0
    outer loop
        vertex -4.299984 -1.049984 -0.6
        vertex -4.299984 -1.049984 0.6
        vertex -4.299984 1.050016 -0.6
    endloop
endfacet
facet normal -1 0 0
    outer loop
        vertex -4.299984 -1.049984 0.6
        vertex -4.299984 1.050016 0.6
        vertex -4.299984 1.050016 -0.6
    endloop
endfacet
facet normal 0 1 0
    outer loop
        vertex 4.4500003 -1.2 -0.6
        vertex 4.4500003 -1.2 0.6
        vertex 4.5499997 -1.2 -0.6
    endloop
endfacet
facet normal -0 1 0
    outer loop
        vertex 4.4500003 -1.2 0.6
        vertex 4.5499997 -1.2 0.6
        vertex 4.5499997 -1.2 -0.6
    endloop
endfacet
facet normal 1 0 -0
    outer loop
        vertex 4.299988 1.0500339 -0.6
        vertex 4.299988 1.0500339 0.6
        vertex 4.299988 -1.049984 -0.6
    endloop
endfacet
facet normal 1 0 0
    outer loop
        vertex 4.299988 1.0500339 0.6
        vertex 4.299988 -1.049984 0.6
        vertex 4.299988 -1.049984 -0.6
    endloop
endfacet
facet normal 0.83145565 -0.55559111 0
    outer loop
        vertex 4.3114076 1.1074319 -0.6
        vertex 4.3439226 1.1560915 -0.6
        vertex 4.3114076 1.1074319 0.6
    endloop
endfacet
facet normal 0.55558032 -0.83146286 0
    outer loop
        vertex 4.3439226 1.1560915 -0.6
        vertex 4.392582 1.1886054 -0.6
        vertex 4.3439226 1.1560915 0.6
    endloop
endfacet
facet normal 0.55558032 -0.83146286 0
    outer loop
        vertex 4.392582 1.1886054 -0.6
        vertex 4.392582 1.1886054 0.6
        vertex 4.3439226 1.1560915 0.6
    endloop
endfacet
facet normal 0.19512966 -0.98077744 0
    outer loop
        vertex 4.392582 1.1886054 0.6
        vertex 4.392582 1.1886054 -0.6
        vertex 4.44998 1.200025 -0.6
    endloop
endfacet
facet normal 0.98077679 -0.19513321 0
    outer loop
        vertex 4.3114076 1.1074319 0.6
        vertex 4.299988 1.0500339 -0.6
        vertex 4.3114076 1.1074319 -0.6
    endloop
endfacet
facet normal 0.98077679 -0.19513321 0
    outer loop
        vertex 4.3114076 1.1074319 0.6
        vertex 4.299988 1.0500339 0.6
        vertex 4.299988 1.0500339 -0.6
    endloop
endfacet
facet normal 0.83145565 -0.55559111 0
    outer loop
        vertex 4.3439226 1.1560915 -0.6
        vertex 4.3439226 1.1560915 0.6
        vertex 4.3114076 1.1074319 0.6
    endloop
endfacet
facet normal 0.19512966 -0.98077744 0
    outer loop
        vertex 4.44998 1.200025 0.6
        vertex 4.392582 1.1886054 0.6
        vertex 4.44998 1.200025 -0.6
    endloop
endfacet
facet normal 0 -1 0
    outer loop
        vertex 4.550025 1.200025 -0.6
        vertex 4.550025 1.200025 0.6
        vertex 4.44998 1.200025 -0.6
    endloop
endfacet
facet normal -0 -1 0
    outer loop
        vertex 4.550025 1.200025 0.6
        vertex 4.44998 1.200025 0.6
        vertex 4.44998 1.200025 -0.6
    endloop
endfacet
facet normal -0.19514854 -0.98077363 0
    outer loop
        vertex 4.6074266 1.1886035 -0.6
        vertex 4.6074266 1.1886035 0.6
        vertex 4.550025 1.200025 -0.6
    endloop
endfacet
facet normal -0.55561924 -0.83143681 0
    outer loop
        vertex 4.6560884 1.1560847 -0.6
        vertex 4.6074266 1.1886035 0.6
        vertex 4.6074266 1.1886035 -0.6
    endloop
endfacet
facet normal -0.83150595 -0.55551594 0
    outer loop
        vertex 4.688601 1.1074191 -0.6
        vertex 4.6560884 1.1560847 0.6
        vertex 4.6560884 1.1560847 -0.6
    endloop
endfacet
facet normal -0.98079562 -0.19503805 0
    outer loop
        vertex 4.700016 1.050016 -0.6
        vertex 4.700016 1.050016 0.6
        vertex 4.688601 1.1074191 0.6
    endloop
endfacet
facet normal -0.98079562 -0.19503805 -0
    outer loop
        vertex 4.688601 1.1074191 0.6
        vertex 4.688601 1.1074191 -0.6
        vertex 4.700016 1.050016 -0.6
    endloop
endfacet
facet normal -0.83150595 -0.55551594 0
    outer loop
        vertex 4.6560884 1.1560847 0.6
        vertex 4.688601 1.1074191 -0.6
        vertex 4.688601 1.1074191 0.6
    endloop
endfacet
facet normal -0.19514854 -0.98077363 0
    outer loop
        vertex 4.6074266 1.1886035 0.6
        vertex 4.550025 1.200025 0.6
        vertex 4.550025 1.200025 -0.6
    endloop
endfacet
facet normal -0.55561924 -0.83143681 0
    outer loop
        vertex 4.6560884 1.1560847 -0.6
        vertex 4.6560884 1.1560847 0.6
        vertex 4.6074266 1.1886035 0.6
    endloop
endfacet
facet normal -1 0 0
    outer loop
        vertex 4.700016 -1.049984 -0.6
        vertex 4.700016 -1.049984 0.6
        vertex 4.700016 1.050016 -0.6
    endloop
endfacet
facet normal -1 0 0
    outer loop
        vertex 4.700016 -1.049984 0.6
        vertex 4.700016 1.050016 0.6
        vertex 4.700016 1.050016 -0.6
    endloop
endfacet
facet normal -0.98080099 0.1950116 0
    outer loop
        vertex 4.688601 -1.1073952 -0.6
        vertex 4.688601 -1.1073952 0.6
        vertex 4.700016 -1.049984 -0.6
    endloop
endfacet
facet normal -0.83148462 0.55554771 0
    outer loop
        vertex 4.656082 -1.156066 -0.6
        vertex 4.688601 -1.1073952 0.6
        vertex 4.688601 -1.1073952 -0.6
    endloop
endfacet
facet normal -0.55554533 0.83148617 0
    outer loop
        vertex 4.607411 -1.1885849 -0.6
        vertex 4.656082 -1.156066 0.6
        vertex 4.656082 -1.156066 -0.6
    endloop
endfacet
facet normal -0.19501354 0.98080057 0
    outer loop
        vertex 4.5499997 -1.2 0.6
        vertex 4.607411 -1.1885849 0.6
        vertex 4.5499997 -1.2 -0.6
    endloop
endfacet
facet normal -0.19501354 0.98080057 0
    outer loop
        vertex 4.607411 -1.1885849 0.6
        vertex 4.607411 -1.1885849 -0.6
        vertex 4.5499997 -1.2 -0.6
    endloop
endfacet
facet normal -0.55554533 0.83148617 0
    outer loop
        vertex 4.656082 -1.156066 0.6
        vertex 4.607411 -1.1885849 -0.6
        vertex 4.607411 -1.1885849 0.6
    endloop
endfacet
facet normal -0.98080099 0.1950116 0
    outer loop
        vertex 4.688601 -1.1073952 0.6
        vertex 4.700016 -1.049984 0.6
        vertex 4.700016 -1.049984 -0.6
    endloop
endfacet
facet normal -0.83148462 0.55554771 0
    outer loop
        vertex 4.656082 -1.156066 -0.6
        vertex 4.656082 -1.156066 0.6
        vertex 4.688601 -1.1073952 0.6
    endloop
endfacet
facet normal 0.19503427 0.9807964 -0
    outer loop
        vertex 4.39259 -1.1885839 -0.6
        vertex 4.39259 -1.1885839 0.6
        vertex 4.4500003 -1.2 -0.6
    endloop
endfacet
facet normal 0.55556327 0.83147424 0
    outer loop
        vertex 4.3439207 -1.1560646 -0.6
        vertex 4.39259 -1.1885839 0.6
        vertex 4.39259 -1.1885839 -0.6
    endloop
endfacet
facet normal 0.83148646 0.55554491 0
    outer loop
        vertex 4.3114023 -1.1073942 -0.6
        vertex 4.3439207 -1.1560646 0.6
        vertex 4.3439207 -1.1560646 -0.6
    endloop
endfacet
facet normal 0.98080194 0.19500686 -0
    outer loop
        vertex 4.299988 -1.049984 -0.6
        vertex 4.299988 -1.049984 0.6
        vertex 4.3114023 -1.1073942 0.6
    endloop
endfacet
facet normal 0.98080194 0.19500686 0
    outer loop
        vertex 4.3114023 -1.1073942 0.6
        vertex 4.3114023 -1.1073942 -0.6
        vertex 4.299988 -1.049984 -0.6
    endloop
endfacet
facet normal 0.83148646 0.55554491 0
    outer loop
        vertex 4.3439207 -1.1560646 0.6
        vertex 4.3114023 -1.1073942 -0.6
        vertex 4.3114023 -1.1073942 0.6
    endloop
endfacet
facet normal 0.19503427 0.9807964 0
    outer loop
        vertex 4.39259 -1.1885839 0.6
        vertex 4.4500003 -1.2 0.6
        vertex 4.4500003 -1.2 -0.6
    endloop
endfacet
facet normal 0.55556327 0.83147424 -0
    outer loop
        vertex 4.3439207 -1.1560646 -0.6
        vertex 4.3439207 -1.1560646 0.6
        vertex 4.39259 -1.1885839 0.6
    endloop
endfacet
facet normal 0 1 0
    outer loop
        vertex -0.70000005 5.7 -0.6
        vertex -0.70000005 5.7 0.6
        vertex 0.70000005 5.7 -0.6
    endloop
endfacet
facet normal -0 1 0
    outer loop
        vertex -0.70000005 5.7 0.6
        vertex 0.70000005 5.7 0.6
        vertex 0.70000005 5.7 -0.6
    endloop
endfacet
facet normal 0.09797545 0.99518883 -0
    outer loop
        vertex -0.75852877 5.705762 -0.6
        vertex -0.75852877 5.705762 0.6
        vertex -0.70000005 5.7 -0.6
    endloop
endfacet
facet normal 0.29024541 0.95695227 0
    outer loop
        vertex -0.8148087 5.7228317 -0.6
        vertex -0.75852877 5.705762 0.6
        vertex -0.75852877 5.705762 -0.6
    endloop
endfacet
facet normal 0.47135985 0.88194102 0
    outer loop
        vertex -0.86667705 5.750553 -0.6
        vertex -0.8148087 5.7228317 0.6
        vertex -0.8148087 5.7228317 -0.6
    endloop
endfacet
facet normal 0.47135985 0.88194102 0
    outer loop
        vertex -0.86667705 5.750553 0.6
        vertex -0.8148087 5.7228317 0.6
        vertex -0.86667705 5.750553 -0.6
    endloop
endfacet
facet normal 0.63436764 0.77303147 0
    outer loop
        vertex -0.9121403 5.7878613 0.6
        vertex -0.86667705 5.750553 0.6
        vertex -0.9121403 5.7878613 -0.6
    endloop
endfacet
facet normal 0.77299058 0.63441747 0
    outer loop
        vertex -0.9121403 5.7878613 0.6
        vertex -0.9121403 5.7878613 -0.6
        vertex -0.9494513 5.833322 -0.6
    endloop
endfacet
facet normal 0.88190943 0.47141904 0
    outer loop
        vertex -0.9494513 5.833322 0.6
        vertex -0.9494513 5.833322 -0.6
        vertex -0.97717625 5.8851886 -0.6
    endloop
endfacet
facet normal 0.99518311 0.09803315 -0
    outer loop
        vertex -1.000015 5.999996 -0.6
        vertex -1.000015 5.999996 0.6
        vertex -0.9942495 5.941468 0.6
    endloop
endfacet
facet normal 0.99518311 0.09803315 0
    outer loop
        vertex -0.9942495 5.941468 0.6
        vertex -0.9942495 5.941468 -0.6
        vertex -1.000015 5.999996 -0.6
    endloop
endfacet
facet normal 0.95693475 0.29030287 0
    outer loop
        vertex -0.97717625 5.8851886 0.6
        vertex -0.9942495 5.941468 -0.6
        vertex -0.9942495 5.941468 0.6
    endloop
endfacet
facet normal 0.95693475 0.29030287 -0
    outer loop
        vertex -0.97717625 5.8851886 -0.6
        vertex -0.9942495 5.941468 -0.6
        vertex -0.97717625 5.8851886 0.6
    endloop
endfacet
facet normal 0.88190943 0.47141904 -0
    outer loop
        vertex -0.97717625 5.8851886 -0.6
        vertex -0.97717625 5.8851886 0.6
        vertex -0.9494513 5.833322 0.6
    endloop
endfacet
facet normal 0.77299058 0.63441747 -0
    outer loop
        vertex -0.9494513 5.833322 -0.6
        vertex -0.9494513 5.833322 0.6
        vertex -0.9121403 5.7878613 0.6
    endloop
endfacet
facet normal 0.63436764 0.77303147 -0
    outer loop
        vertex -0.86667705 5.750553 -0.6
        vertex -0.9121403 5.7878613 -0.6
        vertex -0.86667705 5.750553 0.6
    endloop
endfacet
facet normal 0.09797545 0.99518883 0
    outer loop
        vertex -0.75852877 5.705762 0.6
        vertex -0.70000005 5.7 0.6
        vertex -0.70000005 5.7 -0.6
    endloop
endfacet
facet normal 0.29024541 0.95695227 -0
    outer loop
        vertex -0.8148087 5.7228317 -0.6
        vertex -0.8148087 5.7228317 0.6
        vertex -0.75852877 5.705762 0.6
    endloop
endfacet
facet normal 1 0 -0
    outer loop
        vertex -1.000015 6.400063 -0.6
        vertex -1.000015 6.400063 0.6
        vertex -1.000015 5.999996 -0.6
    endloop
endfacet
facet normal 1 0 0
    outer loop
        vertex -1.000015 6.400063 0.6
        vertex -1.000015 5.999996 0.6
        vertex -1.000015 5.999996 -0.6
    endloop
endfacet
facet normal 0.99517787 -0.09808783 0
    outer loop
        vertex -0.99424684 6.4585857 -0.6
        vertex -0.99424684 6.4585857 0.6
        vertex -1.000015 6.400063 -0.6
    endloop
endfacet
facet normal 0.95692378 -0.2903392 0
    outer loop
        vertex -0.977173 6.514859 -0.6
        vertex -0.99424684 6.4585857 0.6
        vertex -0.99424684 6.4585857 -0.6
    endloop
endfacet
facet normal 0.88190007 -0.47143638 0
    outer loop
        vertex -0.94944954 6.5667205 -0.6
        vertex -0.977173 6.514859 0.6
        vertex -0.977173 6.514859 -0.6
    endloop
endfacet
facet normal 0.88190007 -0.47143638 0
    outer loop
        vertex -0.94944954 6.5667205 0.6
        vertex -0.977173 6.514859 0.6
        vertex -0.94944954 6.5667205 -0.6
    endloop
endfacet
facet normal 0.77299076 -0.63441718 0
    outer loop
        vertex -0.9121417 6.6121774 0.6
        vertex -0.94944954 6.5667205 0.6
        vertex -0.9121417 6.6121774 -0.6
    endloop
endfacet
facet normal 0.63438171 -0.77301997 0
    outer loop
        vertex -0.9121417 6.6121774 0.6
        vertex -0.9121417 6.6121774 -0.6
        vertex -0.866683 6.649483 -0.6
    endloop
endfacet
facet normal 0.47138685 -0.88192654 0
    outer loop
        vertex -0.866683 6.649483 0.6
        vertex -0.866683 6.649483 -0.6
        vertex -0.8148203 6.6772037 -0.6
    endloop
endfacet
facet normal 0.09803293 -0.99518317 0
    outer loop
        vertex -0.700023 6.70004 -0.6
        vertex -0.700023 6.70004 0.6
        vertex -0.7585461 6.694275 0.6
    endloop
endfacet
facet normal 0.09803293 -0.99518317 0
    outer loop
        vertex -0.7585461 6.694275 0.6
        vertex -0.7585461 6.694275 -0.6
        vertex -0.700023 6.70004 -0.6
    endloop
endfacet
facet normal 0.29029498 -0.95693713 0
    outer loop
        vertex -0.8148203 6.6772037 0.6
        vertex -0.7585461 6.694275 -0.6
        vertex -0.7585461 6.694275 0.6
    endloop
endfacet
facet normal 0.29029498 -0.95693713 0
    outer loop
        vertex -0.8148203 6.6772037 -0.6
        vertex -0.7585461 6.694275 -0.6
        vertex -0.8148203 6.6772037 0.6
    endloop
endfacet
facet normal 0.47138685 -0.88192654 0
    outer loop
        vertex -0.8148203 6.6772037 -0.6
        vertex -0.8148203 6.6772037 0.6
        vertex -0.866683 6.649483 0.6
    endloop
endfacet
facet normal 0.63438171 -0.77301997 0
    outer loop
        vertex -0.866683 6.649483 -0.6
        vertex -0.866683 6.649483 0.6
        vertex -0.9121417 6.6121774 0.6
    endloop
endfacet
facet normal 0.77299076 -0.63441718 0
    outer loop
        vertex -0.94944954 6.5667205 -0.6
        vertex -0.9121417 6.6121774 -0.6
        vertex -0.94944954 6.5667205 0.6
    endloop
endfacet
facet normal 0.99517787 -0.09808783 0
    outer loop
        vertex -0.99424684 6.4585857 0.6
        vertex -1.000015 6.400063 0.6
        vertex -1.000015 6.400063 -0.6
    endloop
endfacet
facet normal 0.95692378 -0.2903392 0
    outer loop
        vertex -0.977173 6.514859 -0.6
        vertex -0.977173 6.514859 0.6
        vertex -0.99424684 6.4585857 0.6
    endloop
endfacet
facet normal 0 -1 0
    outer loop
        vertex 0.700027 6.70004 -0.6
        vertex 0.700027 6.70004 0.6
        vertex -0.700023 6.70004 -0.6
    endloop
endfacet
facet normal -0 -1 0
    outer loop
        vertex 0.700027 6.70004 0.6
        vertex -0.700023 6.70004 0.6
        vertex -0.700023 6.70004 -0.6
    endloop
endfacet
facet normal -0.09804881 -0.99518156 0
    outer loop
        vertex 0.75855505 6.6942735 -0.6
        vertex 0.75855505 6.6942735 0.6
        vertex 0.700027 6.70004 -0.6
    endloop
endfacet
facet normal -0.29031187 -0.95693213 0
    outer loop
        vertex 0.8148335 6.6772 -0.6
        vertex 0.75855505 6.6942735 0.6
        vertex 0.75855505 6.6942735 -0.6
    endloop
endfacet
facet normal -0.47142673 -0.8819052 0
    outer loop
        vertex 0.8666995 6.6494746 -0.6
        vertex 0.8148335 6.6772 0.6
        vertex 0.8148335 6.6772 -0.6
    endloop
endfacet
facet normal -0.47142673 -0.8819052 -0
    outer loop
        vertex 0.8666995 6.6494746 0.6
        vertex 0.8148335 6.6772 0.6
        vertex 0.8666995 6.6494746 -0.6
    endloop
endfacet
facet normal -0.634426 -0.77298373 -0
    outer loop
        vertex 0.91215986 6.612163 0.6
        vertex 0.8666995 6.6494746 0.6
        vertex 0.91215986 6.612163 -0.6
    endloop
endfacet
facet normal -0.77303904 -0.63435858 -0
    outer loop
        vertex 0.91215986 6.612163 0.6
        vertex 0.91215986 6.612163 -0.6
        vertex 0.9494674 6.5666995 -0.6
    endloop
endfacet
facet normal -0.88194174 -0.47135842 -0
    outer loop
        vertex 0.9494674 6.5666995 0.6
        vertex 0.9494674 6.5666995 -0.6
        vertex 0.9771885 6.5148315 -0.6
    endloop
endfacet
facet normal -0.99519026 -0.09796008 0
    outer loop
        vertex 1.000019 6.4000225 -0.6
        vertex 1.000019 6.4000225 0.6
        vertex 0.99425775 6.4585514 0.6
    endloop
endfacet
facet normal -0.99519026 -0.09796008 -0
    outer loop
        vertex 0.99425775 6.4585514 0.6
        vertex 0.99425775 6.4585514 -0.6
        vertex 1.000019 6.4000225 -0.6
    endloop
endfacet
facet normal -0.95695525 -0.29023525 0
    outer loop
        vertex 0.9771885 6.5148315 0.6
        vertex 0.99425775 6.4585514 -0.6
        vertex 0.99425775 6.4585514 0.6
    endloop
endfacet
facet normal -0.95695525 -0.29023525 0
    outer loop
        vertex 0.9771885 6.5148315 -0.6
        vertex 0.99425775 6.4585514 -0.6
        vertex 0.9771885 6.5148315 0.6
    endloop
endfacet
facet normal -0.88194174 -0.47135842 0
    outer loop
        vertex 0.9771885 6.5148315 -0.6
        vertex 0.9771885 6.5148315 0.6
        vertex 0.9494674 6.5666995 0.6
    endloop
endfacet
facet normal -0.77303904 -0.63435858 0
    outer loop
        vertex 0.9494674 6.5666995 -0.6
        vertex 0.9494674 6.5666995 0.6
        vertex 0.91215986 6.612163 0.6
    endloop
endfacet
facet normal -0.634426 -0.77298373 0
    outer loop
        vertex 0.8666995 6.6494746 -0.6
        vertex 0.91215986 6.612163 -0.6
        vertex 0.8666995 6.6494746 0.6
    endloop
endfacet
facet normal -0.09804881 -0.99518156 0
    outer loop
        vertex 0.75855505 6.6942735 0.6
        vertex 0.700027 6.70004 0.6
        vertex 0.700027 6.70004 -0.6
    endloop
endfacet
facet normal -0.29031187 -0.95693213 0
    outer loop
        vertex 0.8148335 6.6772 -0.6
        vertex 0.8148335 6.6772 0.6
        vertex 0.75855505 6.6942735 0.6
    endloop
endfacet
facet normal -1 0 0
    outer loop
        vertex 1.000019 6.000023 -0.6
        vertex 1.000019 6.000023 0.6
        vertex 1.000019 6.4000225 -0.6
    endloop
endfacet
facet normal -1 0 0
    outer loop
        vertex 1.000019 6.000023 0.6
        vertex 1.000019 6.4000225 0.6
        vertex 1.000019 6.4000225 -0.6
    endloop
endfacet
facet normal -0.99519128 0.09795055 0
    outer loop
        vertex 0.994258 5.9414907 -0.6
        vertex 0.994258 5.9414907 0.6
        vertex 1.000019 6.000023 -0.6
    endloop
endfacet
facet normal -0.95695543 0.29023492 0
    outer loop
        vertex 0.97718763 5.8852067 -0.6
        vertex 0.994258 5.9414907 0.6
        vertex 0.994258 5.9414907 -0.6
    endloop
endfacet
facet normal -0.88193762 0.4713662 0
    outer loop
        vertex 0.9494639 5.833335 -0.6
        vertex 0.97718763 5.8852067 0.6
        vertex 0.97718763 5.8852067 -0.6
    endloop
endfacet
facet normal -0.88193762 0.4713662 0
    outer loop
        vertex 0.9494639 5.833335 0.6
        vertex 0.97718763 5.8852067 0.6
        vertex 0.9494639 5.833335 -0.6
    endloop
endfacet
facet normal -0.77301919 0.63438261 0
    outer loop
        vertex 0.9121524 5.7878695 0.6
        vertex 0.9494639 5.833335 0.6
        vertex 0.9121524 5.7878695 -0.6
    endloop
endfacet
facet normal -0.63439208 0.77301157 0
    outer loop
        vertex 0.9121524 5.7878695 0.6
        vertex 0.9121524 5.7878695 -0.6
        vertex 0.8666874 5.7505574 -0.6
    endloop
endfacet
facet normal -0.47137707 0.88193184 0
    outer loop
        vertex 0.8666874 5.7505574 0.6
        vertex 0.8666874 5.7505574 -0.6
        vertex 0.8148162 5.722833 -0.6
    endloop
endfacet
facet normal -0.09796903 0.99518955 0
    outer loop
        vertex 0.70000005 5.7 -0.6
        vertex 0.70000005 5.7 0.6
        vertex 0.75853264 5.705762 0.6
    endloop
endfacet
facet normal -0.09796903 0.99518955 0
    outer loop
        vertex 0.75853264 5.705762 0.6
        vertex 0.75853264 5.705762 -0.6
        vertex 0.70000005 5.7 -0.6
    endloop
endfacet
facet normal -0.29025078 0.95695055 0
    outer loop
        vertex 0.8148162 5.722833 0.6
        vertex 0.75853264 5.705762 -0.6
        vertex 0.75853264 5.705762 0.6
    endloop
endfacet
facet normal -0.29025078 0.95695055 0
    outer loop
        vertex 0.8148162 5.722833 -0.6
        vertex 0.75853264 5.705762 -0.6
        vertex 0.8148162 5.722833 0.6
    endloop
endfacet
facet normal -0.47137707 0.88193184 0
    outer loop
        vertex 0.8148162 5.722833 -0.6
        vertex 0.8148162 5.722833 0.6
        vertex 0.8666874 5.7505574 0.6
    endloop
endfacet
facet normal -0.63439208 0.77301157 0
    outer loop
        vertex 0.8666874 5.7505574 -0.6
        vertex 0.8666874 5.7505574 0.6
        vertex 0.9121524 5.7878695 0.6
    endloop
endfacet
facet normal -0.77301919 0.63438261 0
    outer loop
        vertex 0.9494639 5.833335 -0.6
        vertex 0.9121524 5.7878695 -0.6
        vertex 0.9494639 5.833335 0.6
    endloop
endfacet
facet normal -0.99519128 0.09795055 0
    outer loop
        vertex 0.994258 5.9414907 0.6
        vertex 1.000019 6.000023 0.6
        vertex 1.000019 6.000023 -0.6
    endloop
endfacet
facet normal -0.95695543 0.29023492 0
    outer loop
        vertex 0.97718763 5.8852067 -0.6
        vertex 0.97718763 5.8852067 0.6
        vertex 0.994258 5.9414907 0.6
    endloop
endfacet
endsolid unnamed
